ID_Alumno,Nombre_Apellido,Edad,Genero,Email,Comision,Turno,Fecha_Inscripcion,Actividad,Tipo_Actividad,Fecha_Limite,Fecha_Entrega,Nota,Estado_Entrega
A00206,Bautista Medina,17,M,bautista.medina206@alumnos.tup.edu.ar,B2,Tarde,05/03/2026,Quiz_02,Quiz,2026-04-27,26-04-2026,4.1,a tiempo
A00363,Lucas Molina,17,Femenino,lucas.molina363@alumnos.tup.edu.ar,B1,Tarde,2026-02-14,Quiz_03,Quiz,25/05/2026,2026-05-22,4.8,A tiempo
A00004,Camila Alvarez,23,F,camila.alvarez4@alumnos.tup.edu.ar,C1,Noche,2026-03-06,TP_01,TP,16/03/2026,,,no entregó
A00517,Agustin Acosta,22,M,agustin.acosta517@alumnos.tup.edu.ar,A1,Mañana,2026-03-09,Parcial_01,Parcial,2026-06-22,2026-06-27,"7,2",TARDE
A00575,Lucas Sanchez,28,M,lucas.sanchez575@alumnos.tup.edu.ar,A3,Mañana,06-03-2026,TP_02,TP,13/04/2026,,,no entregó
A00468,manuel perez,28,Masculino,manuel.perez468@alumnos.tup.edu.ar,C2,Noche,2026-02-16,Quiz_01,Quiz,2026-03-30,,,
A00192,Emma Sanchez,17,F,emma.sanchez192@alumnos.tup.edu.ar,C1,Noche,11-03-2026,Parcial_01,Parcial,2026-06-22,,,No entrego
A00398,Antonella Castro,31,F,antonella.castro398@alumnos.tup.edu.ar,B1,Tarde,28/02/2026,TP_01,TP,2026-03-16,,,No entrego
A00622,Gabriel Fernandez,17,M,, a3 ,MAÑANA,2026-02-28,Quiz_01,Quiz,30-03-2026,2026-03-26,7.2,A TIEMPO
A00470,Valentina Sosa,21,F,valentina.sosa470@alumnos.tup.edu.ar, b1 ,Tarde,26/02/2026,TP_03,TP,11/05/2026,,,No entrego
A00438,Olivia Nuñez,20,F,olivia.nuñez438@alumnos.tup.edu.ar,A3,Mañana,16/02/2026,TP_04,TP,2026-06-08,2026-06-03,7.1,A TIEMPO
A00466,Diego Silva,22,M,diego.silva466@alumnos.tup.edu.ar,C4,Noche,2026-02-26,TP_03,TP,2026-05-11,2026-05-10,8.5,a tiempo
A00321,Benjamin Aguirre,17,Masculino,benjamin.aguirre321@alumnos.tup.edu.ar,C3,Noche,2026-03-09,Quiz_01,Quiz,2026-03-30,26/03/2026,7.8,a tiempo
A00509,Catalina Diaz,17,F,catalina.diaz509@alumnos.tup.edu.ar,A3,Mañana,2026-02-19,TP_04,TP,08/06/2026,2026-06-07,8.1,A TIEMPO
A00181,Manuel Ortiz,22,F,manuel.ortiz181@alumnos.tup.edu.ar,B1,Tarde,2026-03-08,Quiz_03,Quiz,2026-05-25,,,No entrego
A00424,Olivia Aguirre,22,Femenino,olivia.aguirre424@alumnos.tup.edu.ar,C4,Noche,2026-02-24,TP_02,TP,13/04/2026,,,
A00600,Valentino Suarez,37,M,valentino.suarez600@alumnos.tup.edu.ar,B1,Tarde,2026-03-10,Parcial_01,Parcial,2026-06-22,2026-06-21,4.9,A tiempo
A00408,Benjamin Silva,25,M,,B2,Tarde,10/03/2026,Quiz_03,Quiz,2026-05-25,2026-05-24,8.0,a tiempo
A00620,Benjamin Molina,20,M,benjamin.molina620@alumnos.tup.edu.ar,A2,Mañana,2026-02-16,Quiz_03,Quiz,25/05/2026,2026-05-21,7.4,A tiempo
A00035,Valentino Medina,20,F,valentino.medina35@alumnos.tup.edu.ar,B1,Tarde,2026-03-04,TP_03,TP,2026-05-11,,,no entregó
A00174,Federico Silva,18,Masculino,federico.silva174@alumnos.tup.edu.ar, c1 ,Noche,2026-03-08,TP_02,TP,2026-04-13,2026-04-10,6.1,A TIEMPO
A00194,Agustin Garcia,22,Masculino,agustin.garcia194@alumnos.tup.edu.ar,A3,Mañana,2026-02-23,TP_03,TP,2026-05-11,2026-05-06,8.9,A tiempo
A00301,Sofia Benitez,23,Masculino,sofia.benitez301@alumnos.tup.edu.ar,C1,Noche,09-03-2026,TP_01,TP,2026-03-16,2026-03-28,7.6,Tarde
A00063,Florencia Romero,24,F,florencia.romero63@alumnos.tup.edu.ar,C3,Noche,05/03/2026,Quiz_02,Quiz,27/04/2026,2026-04-26,7.5,A tiempo
A00291,Sofia Garcia,25,F,sofia.garcia291@alumnos.tup.edu.ar,C4,Noche,28-02-2026,Parcial_01,Parcial,2026-06-22,,,NO ENTREGO
A00479,Manuel Medina,27,Masculino,manuel.medina479@alumnos.tup.edu.ar,A2,Mañana,2026-03-07,Parcial_01,Parcial,2026-06-22,2026-06-19,7.6,A TIEMPO
A00184,Florencia Diaz,20,F,florencia.diaz184@alumnos.tup.edu.ar,A3,Mañana,2026-03-10,Quiz_03,Quiz,25/05/2026,,,
A00461,Federico Sanchez,22,Masculino,federico.sanchez461@alumnos.tup.edu.ar,C2,Noche,08-03-2026,Quiz_01,Quiz,2026-03-30,2026-04-10,6.6,TARDE
A00682,Gabriel Ortiz,17,Masculino,gabriel.ortiz682@alumnos.tup.edu.ar,A3,Mañana,2026-03-04,TP_01,TP,2026-03-16,2026-03-16,3.0,A TIEMPO
A00305,Renata Sosa,17,M,renata.sosa305@alumnos.tup.edu.ar,C3,Noche,2026-03-04,Quiz_02,Quiz,2026-04-27,2026-04-23,4.4,A tiempo
A00098,Maximo Castro,25,F,maximo.castro98@alumnos.tup.edu.ar,A3,Mañana,16-02-2026,TP_01,TP,2026-03-16,2026-03-15,"7,3",a tiempo
A00114,Sofia Flores,20,X,sofia.flores114@alumnos.tup.edu.ar,B1,Tarde,2026-02-27,TP_04,TP,2026-06-08,2026-06-18,7.0,TARDE
A00241,Nicolas Ruiz,17,Masculino,nicolas.ruiz241@alumnos.tup.edu.ar, c1 ,Noche,06-03-2026,TP_04,TP,2026-06-08,2026-06-06,6.6,A tiempo
A00343,Lucia Ramirez,18,M,lucia.ramirez343@alumnos.tup.edu.ar,B2,Tarde,2026-03-03,TP_02,TP,2026-04-13,,,No entrego
A00264,Antonella Molina,17,F,antonella.molina264@alumnos.tup.edu.ar,B1,Tarde,2026-03-03,TP_01,TP,2026-03-16,2026-03-12,5.8,A tiempo
A00164,Felipe Medina,25,F,felipe.medina164@alumnos.tup.edu.ar,C1,Noche,2026-03-08,TP_02,TP,13-04-2026,,,
A00120,Mateo Ruiz,25,F,mateo.ruiz120@alumnos.tup.edu.ar,B2,Tarde,2026-03-05,TP_01,TP,2026-03-16,15-03-2026,8.3,A TIEMPO
A00124,Felipe Rojas,24,M,felipe.rojas124@alumnos.tup.edu.ar,B2,Tarde,21/02/2026,Quiz_03,Quiz,25-05-2026,2026-05-28,"4,4",TARDE
A00457,Antonella Ruiz,20,X,antonella.ruiz457@alumnos.tup.edu.ar,B2,TARDE,2026-03-03,TP_03,TP,11-05-2026,2026-05-17,4.6,tarde
A00492,Olivia Ramirez,17,Masculino,olivia.ramirez492@alumnos.tup.edu.ar,C4,Noche,2026-02-26,TP_01,TP,2026-03-16,2026-03-21,4.3,TARDE
A00607,  Bautista Suarez ,24,M,bautista.suarez607@alumnos.tup.edu.ar,B1,Tarde,2026-02-27,Quiz_02,Quiz,2026-04-27,2026-04-23,7.8,a tiempo
A00676,mora vega,17,F,mora.vega676@alumnos.tup.edu.ar,C2,Noche,02/03/2026,Parcial_01,Parcial,2026-06-22,,,No entrego
A00433,Agustin Lopez,17,F,agustin.lopez433@alumnos.tup.edu.ar,B2,Tarde,2026-03-01,Parcial_01,Parcial,2026-06-22,,,NO ENTREGO
A00163,Isabella Nuñez,22,M,isabella.nuñez163@alumnos.tup.edu.ar,C4,Noche,2026-02-24,Quiz_03,Quiz,25/05/2026,,,
A00103,Manuel Ramirez,20,Masculino,manuel.ramirez103@alumnos.tup.edu.ar,A1,Mañana,06/03/2026,TP_04,TP,2026-06-08,2026-06-07,8.8,A tiempo
A00030,Victoria Romero,17,M,victoria.romero30@alumnos.tup.edu.ar,B2,Tarde,2026-02-27,Quiz_01,Quiz,2026-03-30,2026-04-01,5.0,tarde
A00650,Pilar Garcia,17,M,pilar.garcia650@alumnos.tup.edu.ar, c3 ,Noche,18/02/2026,TP_04,TP,2026-06-08,2026-06-06,6.2,A TIEMPO
A00402,Mora Acosta,20,M,mora.acosta402@alumnos.tup.edu.ar,C1,Noche,04/03/2026,TP_02,TP,2026-04-13,2026-04-11,7.4,A tiempo
A00658,Martina Luna,22,F,martina.luna658@alumnos.tup.edu.ar,C3,Noche,05-03-2026,TP_03,TP,2026-05-11,07-05-2026,"6,9",A tiempo
A00520,Camila Torres,26,F,camila.torres520@alumnos.tup.edu.ar,C4,Noche,2026-03-10,Quiz_02,Quiz,2026-04-27,,,NO ENTREGO
A00060,Diego Luna,35,Femenino,diego.luna60@alumnos.tup.edu.ar,C3,Noche,2026-02-18,Parcial_01,Parcial,2026-06-22,02/07/2026,"3,9",TARDE
A00290,Julieta Suarez,18,M,julieta.suarez290@alumnos.tup.edu.ar,A1,Mañana,2026-02-24,TP_04,TP,2026-06-08,06/06/2026,7.7,A TIEMPO
A00699,Isabella Garcia,30,M,isabella.garcia699@alumnos.tup.edu.ar,C1,Noche,2026-02-18,Quiz_02,Quiz,2026-04-27,2026-04-22,5.7,A tiempo
A00691,Victoria Rojas,22,Masculino,victoria.rojas691@alumnos.tup.edu.ar,A2,Mañana,26-02-2026,Parcial_01,Parcial,2026-06-22,,,NO ENTREGO
A00395,Ignacio Castro,17,F,ignacio.castro395@alumnos.tup.edu.ar,A2,Mañana,2026-02-25,TP_02,TP,2026-04-13,2026-04-08,8.5,A TIEMPO
A00371,Valentino Perez,24,M,valentino.perez371@alumnos.tup.edu.ar,A1,MAÑANA,2026-02-14,Quiz_03,Quiz,2026-05-25,2026-05-24,5.1,A TIEMPO
A00493,Agustin Ruiz,24,F,agustin.ruiz493@alumnos.tup.edu.ar,C2,Noche,2026-03-04,Quiz_03,Quiz,2026-05-25,,,No entrego
A00354,Felipe Garcia,19,F,felipe.garcia354@alumnos.tup.edu.ar,B2,Tarde,2026-03-04,TP_04,TP,08/06/2026,2026-06-04,"4,3",A TIEMPO
A00366,Isabella Torres,23,F,isabella.torres366@alumnos.tup.edu.ar,C4,NOCHE,2026-02-20,TP_01,TP,16/03/2026,,,
A00582,Pilar Herrera,30,F,pilar.herrera582@alumnos.tup.edu.ar,B1,Tarde,11/03/2026,Quiz_03,Quiz,2026-05-25,2026-05-22,"7,9",A tiempo
A00274,  Delfina Cabrera ,18,M,delfina.cabrera274@alumnos.tup.edu.ar,A2,Mañana,25/02/2026,TP_02,TP,2026-04-13,2026-04-13,"4,7",a tiempo
A00507,Joaquin Herrera,22,Femenino,joaquin.herrera507@alumnos.tup.edu.ar,C2,Noche,27/02/2026,TP_03,TP,2026-05-11,2026-05-11,6.8,a tiempo
A00417,Santino Ramirez,28,F,santino.ramirez417@alumnos.tup.edu.ar,B2,Tarde,2026-03-07,TP_03,TP,2026-05-11,2026-05-11,5.4,A tiempo
A00612,Mia Rojas,28,M,mia.rojas612@alumnos.tup.edu.ar,B1,Tarde,2026-02-21,Quiz_01,Quiz,2026-03-30,26/03/2026,"6,9",A TIEMPO
A00296,Bautista Flores,17,Femenino,bautista.flores296@alumnos.tup.edu.ar,B2,TARDE,2026-03-08,TP_01,TP,16/03/2026,24/03/2026,6.7,TARDE
A00243,Ignacio Martinez,17,Masculino,ignacio.martinez243@alumnos.tup.edu.ar, c2 ,Noche,2026-03-03,Quiz_01,Quiz,2026-03-30,2026-03-27,7.7,A TIEMPO
A00371,Valentino Perez,24,M,valentino.perez371@alumnos.tup.edu.ar,A1,MAÑANA,2026-02-14,TP_03,TP,2026-05-11,,,NO ENTREGO
A00053,Renata Medina,17,F,renata.medina53@alumnos.tup.edu.ar,C4,Noche,21/02/2026,Quiz_03,Quiz,25/05/2026,,,NO ENTREGO
A00361,Agustin Martinez,23,femenino,agustin.martinez361@alumnos.tup.edu.ar,B2,Tarde,06/03/2026,Quiz_03,Quiz,25/05/2026,2026-05-22,6.9,A TIEMPO
A00482,Lucia Gonzalez,21,F,lucia.gonzalez482@alumnos.tup.edu.ar,A3,Mañana,2026-02-15,TP_01,TP,2026-03-16,14/03/2026,9.3,A TIEMPO
A00190,Bruno Benitez,18,F,bruno.benitez190@alumnos.tup.edu.ar,B2,TARDE,2026-03-11,Quiz_01,Quiz,2026-03-30,,,
A00553,Felipe Romero,28,Masculino,felipe.romero553@alumnos.tup.edu.ar,B1,Tarde,2026-02-14,TP_01,TP,2026-03-16,2026-03-13,"5,7",a tiempo
A00003,Mateo Benitez,25,F,mateo.benitez3@alumnos.tup.edu.ar,B2,Tarde,2026-02-22,Parcial_01,Parcial,2026-06-22,2026-06-21,9.0,a tiempo
A00548,Mateo Herrera,21,M,mateo.herrera548@alumnos.tup.edu.ar,C4,Noche,2026-02-17,TP_04,TP,2026-06-08,,,No entrego
A00122,Santino Rojas,23,F,santino.rojas122@alumnos.tup.edu.ar,C3,Noche,2026-02-22,TP_02,TP,2026-04-13,20/04/2026,"5,1",tarde
A00076,Maximo Flores,17,M,maximo.flores76@alumnos.tup.edu.ar,C1,Noche,2026-02-21,TP_04,TP,2026-06-08,03/06/2026,6.3,a tiempo
A00244,Agustin Sanchez,17,Masculino,agustin.sanchez244@alumnos.tup.edu.ar,A2,Mañana,2026-02-23,TP_04,TP,2026-06-08,2026-06-17,"5,4",Tarde
A00228,Joaquin Lopez,25,M,joaquin.lopez228@alumnos.tup.edu.ar,A1,Mañana,2026-02-25,TP_03,TP,11/05/2026,19/05/2026,3.3,Tarde
A00634,Lucia Lopez,17,Femenino,,A1,Mañana,25-02-2026,TP_02,TP,13/04/2026,,,no entregó
A00423,Sofia Romero,21,Masculino,sofia.romero423@alumnos.tup.edu.ar,B1,Tarde,2026-03-10,Quiz_01,Quiz,2026-03-30,27/03/2026,6.0,A TIEMPO
A00236,Valentino Silva,17,F,valentino.silva236@alumnos.tup.edu.ar,C2,Noche,2026-03-05,Quiz_03,Quiz,2026-05-25,,,no entregó
A00342,Valentina Fernandez,17,M,valentina.fernandez342@alumnos.tup.edu.ar,B2,Tarde,2026-03-08,Quiz_02,Quiz,2026-04-27,,,No entrego
A00273,Bautista Gonzalez,17,M,bautista.gonzalez273@alumnos.tup.edu.ar,C3,Noche,2026-03-10,Quiz_03,Quiz,2026-05-25,2026-05-20,6.9,A tiempo
A00440,Victoria Herrera,25,M,victoria.herrera440@alumnos.tup.edu.ar,A2,Mañana,2026-02-28,TP_03,TP,11/05/2026,,,NO ENTREGO
A00069,Bautista Acosta,27,M,bautista.acosta69@alumnos.tup.edu.ar,C3,Noche,2026-02-16,Quiz_01,Quiz,30-03-2026,2026-03-25,4.5,A TIEMPO
A00322,Federico Suarez,25,M,federico.suarez322@alumnos.tup.edu.ar,B2,Tarde,2026-03-03,Quiz_02,Quiz,27/04/2026,2026-04-27,6.2,A TIEMPO
A00613,Federico Ortiz,17,F,federico.ortiz613@alumnos.tup.edu.ar,C1,Noche,17/02/2026,TP_04,TP,2026-06-08,2026-06-13,"8,9",TARDE
A00123,Maximo Vega,25,M,maximo.vega123@alumnos.tup.edu.ar,B2,Tarde,2026-02-23,Quiz_03,Quiz,2026-05-25,,,
A00450,Gabriel Nuñez,27,F,gabriel.nuñez450@alumnos.tup.edu.ar,A2,Mañana,2026-03-11,TP_02,TP,2026-04-13,2026-04-23,6.9,tarde
A00213,Bautista Acosta,35,Masculino,bautista.acosta213@alumnos.tup.edu.ar,C3,Noche,2026-03-06,Quiz_01,Quiz,30/03/2026,2026-03-27,"6,8",A TIEMPO
A00551,gabriel diaz,26,M,gabriel.diaz551@alumnos.tup.edu.ar,C2,Noche,22-02-2026,Quiz_01,Quiz,30/03/2026,2026-03-30,9.6,A tiempo
A00029,Delfina Benitez,28,F,delfina.benitez29@alumnos.tup.edu.ar,C4,Noche,2026-03-10,Parcial_01,Parcial,2026-06-22,,,NO ENTREGO
A00060,Diego Luna,35,Femenino,diego.luna60@alumnos.tup.edu.ar,C3,Noche,2026-02-18,TP_03,TP,11/05/2026,2026-05-11,6.5,A tiempo
A00304,Agustin Sanchez,25,F,agustin.sanchez304@alumnos.tup.edu.ar,C3,Noche,2026-02-14,Quiz_02,Quiz,2026-04-27,25/04/2026,"7,3",A tiempo
A00014,Isabella Ruiz,25,Femenino,isabella.ruiz14@alumnos.tup.edu.ar,A1,Mañana,2026-03-09,TP_02,TP,2026-04-13,,,no entregó
A00463,Maximo Ortiz,19,F,maximo.ortiz463@alumnos.tup.edu.ar,A2,Mañana,03-03-2026,Quiz_03,Quiz,2026-05-25,29/05/2026,8.0,tarde
A00527,Gabriel Ruiz,27,Femenino,gabriel.ruiz527@alumnos.tup.edu.ar,B1,Tarde,19/02/2026,TP_02,TP,13-04-2026,,,
A00262,Joaquin Aguirre,23,Masculino,joaquin.aguirre262@alumnos.tup.edu.ar,C1,Noche,2026-03-01,Parcial_01,Parcial,2026-06-22,,,No entrego
A00266,Ignacio Silva,17,F,ignacio.silva266@alumnos.tup.edu.ar,C4,NOCHE,2026-02-26,TP_03,TP,2026-05-11,22/05/2026,0.0,Tarde
A00355,Maximo Nuñez,24,F,maximo.nuñez355@alumnos.tup.edu.ar,A3,Mañana,2026-03-10,TP_03,TP,2026-05-11,2026-05-07,6.1,A tiempo
A00522,Camila Torres,20,M,camila.torres522@alumnos.tup.edu.ar,B2,Tarde,26/02/2026,TP_03,TP,11-05-2026,,,No entrego
A00178,Ignacio Suarez,18,M,ignacio.suarez178@alumnos.tup.edu.ar,B1,Tarde,02/03/2026,Quiz_01,Quiz,2026-03-30,2026-04-09,"7,7",tarde
A00278,Mateo Alvarez,12,M,mateo.alvarez278@alumnos.tup.edu.ar,A3,Mañana,2026-02-22,Quiz_01,Quiz,30/03/2026,2026-03-27,8.8,a tiempo
A00204,Maximo Vega,17,femenino,maximo.vega204@alumnos.tup.edu.ar,A1,Mañana,2026-02-22,TP_02,TP,13/04/2026,10-04-2026,7.8,A TIEMPO
A00288,Lucas Acosta,26,F,lucas.acosta288@alumnos.tup.edu.ar,B1,Tarde,2026-03-05,TP_02,TP,2026-04-13,11/04/2026,6.0,a tiempo
A00409,Pilar Torres,23,M,pilar.torres409@alumnos.tup.edu.ar,A1,Mañana,2026-03-10,TP_03,TP,2026-05-11,2026-05-09,8.3,a tiempo
A00619,Benjamin Martinez,27,F,benjamin.martinez619@alumnos.tup.edu.ar,B2,Tarde,2026-02-19,TP_02,TP,2026-04-13,2026-04-08,7.9,A TIEMPO
A00210,Camila Acosta,30,M,camila.acosta210@alumnos.tup.edu.ar,A2,Mañana,2026-02-22,TP_02,TP,13/04/2026,2026-04-17,5.9,tarde
A00409,Pilar Torres,23,M,pilar.torres409@alumnos.tup.edu.ar,A1,Mañana,2026-03-10,Quiz_03,Quiz,2026-05-25,20-05-2026,8.5,a tiempo
A00251,Camila Benitez,19,F,camila.benitez251@alumnos.tup.edu.ar,C4,Noche,02/03/2026,TP_04,TP,08/06/2026,04/06/2026,7.9,A tiempo
A00042,Emma Garcia,28,Femenino,emma.garcia42@@alumnos.tup.edu.ar,A3,Mañana,23/02/2026,TP_04,TP,2026-06-08,2026-06-07,8.8,A TIEMPO
A00685,Joaquin Vega,17,M,joaquin.vega685@alumnos.tup.edu.ar,A3,Mañana,2026-03-03,TP_03,TP,2026-05-11,2026-05-06,6.3,a tiempo
A00483,Antonella Vega,33,Masculino,antonella.vega483@alumnos.tup.edu.ar,A3,Mañana,15-02-2026,TP_01,TP,16-03-2026,11-03-2026,6.1,A TIEMPO
A00667,Mora Sosa,20,F,mora.sosa667@alumnos.tup.edu.ar,C4,Noche,2026-02-23,Quiz_01,Quiz,30/03/2026,2026-03-30,8.8,A TIEMPO
A00657,Valentino Alvarez,23,F,valentino.alvarez657@alumnos.tup.edu.ar,A2,Mañana,2026-03-05,Quiz_02,Quiz,2026-04-27,,,no entregó
A00367,Antonella Vega,26,Masculino,antonella.vega367@alumnos.tup.edu.ar,C2,NOCHE,18/02/2026,TP_03,TP,2026-05-11,07/05/2026,8.6,a tiempo
A00031,Federico Ruiz,21,Femenino,federico.ruiz31@alumnos.tup.edu.ar,C1,Noche,27-02-2026,Quiz_03,Quiz,25/05/2026,2026-06-05,"6,4",tarde
A00342,Valentina Fernandez,17,M,valentina.fernandez342@alumnos.tup.edu.ar,B2,Tarde,08-03-2026,TP_01,TP,2026-03-16,2026-03-18,5.4,Tarde
A00604,Maximo Suarez,19,F,maximo.suarez604@alumnos.tup.edu.ar,A3,Mañana,2026-02-20,TP_02,TP,13/04/2026,,,NO ENTREGO
A00445,Paula Alvarez,22,Masculino,paula.alvarez445@alumnos.tup.edu.ar,B1,TARDE,06/03/2026,Quiz_03,Quiz,2026-05-25,,,NO ENTREGO
A00472,Mora Sanchez,27,Femenino,mora.sanchez472@alumnos.tup.edu.ar,C4,Noche,2026-02-19,TP_03,TP,2026-05-11,,,No entrego
A00678,Thiago Diaz,23,Masculino,thiago.diaz678@alumnos.tup.edu.ar,C4,Noche,2026-02-28,TP_01,TP,16/03/2026,2026-03-11,"4,2",A tiempo
A00247,  Joaquin Benitez ,25,M,joaquin.benitez247@alumnos.tup.edu.ar,A1,Mañana,10/03/2026,Quiz_02,Quiz,2026-04-27,22/04/2026,6.3,A tiempo
A00089,Maximo Silva,21,M,maximo.silva89@alumnos.tup.edu.ar,A1,Mañana,2026-02-17,Quiz_03,Quiz,2026-05-25,2026-05-22,5.9,A TIEMPO
A00565,Pilar Flores,20,M,pilar.flores565@alumnos.tup.edu.ar,C2,Noche,2026-02-18,TP_02,TP,2026-04-13,2026-04-08,"8,7",a tiempo
A00205,Benjamin Torres,19,F,benjamin.torres205@alumnos.tup.edu.ar,C4,NOCHE,04-03-2026,TP_01,TP,16-03-2026,2026-03-21,4.0,Tarde
A00313,Mia Torres,20,F,mia.torres313@alumnos.tup.edu.ar,A1,Mañana,2026-03-07,TP_03,TP,2026-05-11,06-05-2026,6.1,A tiempo
A00264,Antonella Molina,17,F,antonella.molina264@alumnos.tup.edu.ar,B1,Tarde,2026-03-03,Parcial_01,Parcial,2026-06-22,,,no entregó
A00249,Agustin Torres,21,F,agustin.torres249@alumnos.tup.edu.ar,C1,Noche,2026-02-16,TP_01,TP,16/03/2026,14/03/2026,6.4,a tiempo
A00334,Mateo Flores,17,Masculino,mateo.flores334@alumnos.tup.edu.ar,B2,Tarde,2026-02-24,TP_02,TP,2026-04-13,2026-04-08,4.8,A tiempo
A00027,Joaquin Sosa,22,M,joaquin.sosa27@alumnos.tup.edu.ar,A3,Mañana,2026-03-06,TP_01,TP,16-03-2026,2026-03-16,6.0,A TIEMPO
A00448,VICTORIA CASTRO,17,Masculino,victoria.castro448@alumnos.tup.edu.ar,C3,Noche,06/03/2026,Parcial_01,Parcial,22/06/2026,2026-06-26,5.9,TARDE
A00187,valentina medina,29,F,valentina.medina187@alumnos.tup.edu.ar,A1,Mañana,2026-02-19,Parcial_01,Parcial,22/06/2026,,,NO ENTREGO
A00159,Catalina Alvarez,17,femenino,catalina.alvarez159@alumnos.tup.edu.ar,A3,Mañana,2026-02-18,Quiz_02,Quiz,27/04/2026,2026-04-24,10.0,a tiempo
A00382,Olivia Diaz,18,M,olivia.diaz382@alumnos.tup.edu.ar,B1,Tarde,2026-03-07,TP_04,TP,08/06/2026,,,no entregó
A00430,Felipe Sanchez,25,femenino,felipe.sanchez430@alumnos.tup.edu.ar,C4,Noche,2026-02-26,Quiz_02,Quiz,2026-04-27,2026-05-04,4.3,tarde
A00646,Diego Luna,17,F,diego.luna646@alumnos.tup.edu.ar,A1,Mañana,2026-03-09,Parcial_01,Parcial,2026-06-22,,,
A00413,Mora Diaz,17,F,mora.diaz413@alumnos.tup.edu.ar,B1,Tarde,2026-02-20,TP_01,TP,2026-03-16,2026-03-19,7.2,Tarde
A00405,Camila Garcia,17,Masculino,camila.garcia405@alumnos.tup.edu.ar,B1,Tarde,2026-02-20,Quiz_03,Quiz,2026-05-25,2026-05-24,5.8,a tiempo
A00003,Mateo Benitez,25,F,mateo.benitez3@alumnos.tup.edu.ar,B2,Tarde,2026-02-22,Quiz_02,Quiz,2026-04-27,2026-04-27,6.2,a tiempo
A00107,Federico Suarez,27,F,federico.suarez107@alumnos.tup.edu.ar,C4,Noche,2026-03-08,TP_01,TP,16-03-2026,2026-03-12,"7,6",A tiempo
A00217,Mora Ramirez,27,M,mora.ramirez217@alumnos.tup.edu.ar,C1,Noche,2026-02-20,TP_04,TP,2026-06-08,18/06/2026,"6,8",TARDE
A00411,Martina Rodriguez,18,M,martina.rodriguez411@alumnos.tup.edu.ar,C1,Noche,2026-02-21,Quiz_01,Quiz,30/03/2026,,,NO ENTREGO
A00573,Lautaro Romero,22,Masculino,lautaro.romero573@alumnos.tup.edu.ar,C1,Noche,2026-03-11,TP_01,TP,2026-03-16,12/03/2026,9.2,A tiempo
A00549,Mateo Rodriguez,20,M,mateo.rodriguez549@alumnos.tup.edu.ar,A3,Mañana,2026-02-19,TP_02,TP,2026-04-13,11/04/2026,8.7,A tiempo
A00401,Diego Medina,26,M,diego.medina401@alumnos.tup.edu.ar,A1,Mañana,2026-03-04,TP_02,TP,13/04/2026,2026-04-08,8.6,a tiempo
A00504,Tomas Ruiz,22,M,tomas.ruiz504@alumnos.tup.edu.ar,A1,Mañana,2026-02-23,TP_01,TP,2026-03-16,,,no entregó
A00195,Joaquin Nuñez,23,F,joaquin.nuñez195@alumnos.tup.edu.ar,C3,Noche,04/03/2026,TP_01,TP,2026-03-16,2026-03-13,5.6,a tiempo
A00316,Martina Vega,25,M,martina.vega316@alumnos.tup.edu.ar,C2,Noche,2026-02-21,TP_03,TP,2026-05-11,18-05-2026,3.5,Tarde
A00119,Tomas Vega,21,Femenino,tomas.vega119@alumnos.tup.edu.ar,B2,Tarde,2026-03-09,Quiz_03,Quiz,2026-05-25,22/05/2026,8.3,A tiempo
A00396,Felipe Suarez,31,F,felipe.suarez396@alumnos.tup.edu.ar,A1,Mañana,22-02-2026,Quiz_02,Quiz,27/04/2026,2026-04-26,3.9,A tiempo
A00142,Pilar Medina,19,M,pilar.medina142@alumnos.tup.edu.ar,A1,Mañana,22/02/2026,TP_04,TP,2026-06-08,,,No entrego
A00074,Paula Garcia,21,M,paula.garcia74@alumnos.tup.edu.ar,A1,Mañana,2026-03-07,Parcial_01,Parcial,22-06-2026,,,NO ENTREGO
A00528,Santino Herrera,33,F,santino.herrera528@alumnos.tup.edu.ar,A3,Mañana,2026-03-01,Quiz_03,Quiz,2026-05-25,2026-05-21,6.0,A tiempo
A00572,Federico Gonzalez,12,M,,B2,Tarde,11-03-2026,Quiz_02,Quiz,27-04-2026,2026-04-22,"5,9",A tiempo
A00446,Federico Gonzalez,22,Masculino,federico.gonzalez446@alumnos.tup.edu.ar,A1,Mañana,2026-03-04,TP_03,TP,11/05/2026,2026-05-08,7.0,A tiempo
A00166,Camila Vega,18,M,camila.vega166@alumnos.tup.edu.ar,C1,Noche,2026-02-20,TP_04,TP,08/06/2026,,,
A00445,Paula Alvarez,22,Masculino,paula.alvarez445@alumnos.tup.edu.ar,B1,TARDE,2026-03-06,TP_04,TP,2026-06-08,,,no entregó
A00116,Bruno Rojas,17,X,bruno.rojas116@alumnos.tup.edu.ar,B1,Tarde,01-03-2026,Quiz_01,Quiz,2026-03-30,2026-03-27,"7,5",A TIEMPO
A00091,Martina Aguirre,17,M,martina.aguirre91@alumnos.tup.edu.ar, a1 ,Mañana,2026-02-14,Quiz_03,Quiz,2026-05-25,23/05/2026,5.7,A tiempo
A00061,Mateo Nuñez,24,M,mateo.nuñez61@alumnos.tup.edu.ar,A2,Mañana,2026-02-19,TP_01,TP,2026-03-16,2026-03-13,7.6,A TIEMPO
A00533,Santino Cabrera,19,Masculino,santino.cabrera533@alumnos.tup.edu.ar,C1,Noche,17/02/2026,Quiz_02,Quiz,2026-04-27,05/05/2026,5.5,Tarde
A00088,Gabriel Molina,20,Femenino,gabriel.molina88@alumnos.tup.edu.ar,C4,Noche,07-03-2026,Quiz_03,Quiz,25/05/2026,,,no entregó
A00124,Felipe Rojas,24,M,felipe.rojas124@alumnos.tup.edu.ar,B2,Tarde,21-02-2026,TP_02,TP,2026-04-13,2026-04-10,"5,1",A TIEMPO
A00204,Maximo Vega,17,femenino,maximo.vega204@alumnos.tup.edu.ar,A1,Mañana,22/02/2026,TP_04,TP,2026-06-08,2026-06-06,6.4,a tiempo
A00644,DELFINA VEGA,23,M,delfina.vega644@alumnos.tup.edu.ar,C1,Noche,2026-03-02,Quiz_01,Quiz,2026-03-30,2026-03-26,8.0,A tiempo
A00497,Martina Ramirez,17,F,martina.ramirez497@alumnos.tup.edu.ar,A2,Mañana,20/02/2026,TP_01,TP,2026-03-16,,,no entregó
A00005,Thiago Luna,31,M,thiago.luna5@alumnos.tup.edu.ar,B2,Tarde,2026-02-28,TP_02,TP,13-04-2026,2026-04-09,7.8,A TIEMPO
A00279,Ignacio Romero,17,F,ignacio.romero279@alumnos.tup.edu.ar,B2,Tarde,2026-02-21,Quiz_03,Quiz,2026-05-25,,,no entregó
A00691,Victoria Rojas,22,Masculino,victoria.rojas691@alumnos.tup.edu.ar,A2,Mañana,26/02/2026,Quiz_01,Quiz,30/03/2026,2026-03-29,6.0,A TIEMPO
A00289,Lucas Alvarez,23,M,lucas.alvarez289@alumnos.tup.edu.ar,A1,Mañana,2026-03-05,Parcial_01,Parcial,2026-06-22,,,NO ENTREGO
A00053,Renata Medina,17,F,renata.medina53@alumnos.tup.edu.ar,C4,Noche,2026-02-21,TP_03,TP,2026-05-11,,,NO ENTREGO
A00432,Florencia Lopez,17,F,florencia.lopez432@alumnos.tup.edu.ar,B1,Tarde,18/02/2026,Quiz_02,Quiz,2026-04-27,2026-04-25,6.6,a tiempo
A00080,Lautaro Herrera,26,M,lautaro.herrera80@alumnos.tup.edu.ar,C2,Noche,19/02/2026,TP_04,TP,08/06/2026,,,No entrego
A00388,  Delfina Lopez ,26,Masculino,delfina.lopez388@alumnos.tup.edu.ar,C3,Noche,2026-03-07,Parcial_01,Parcial,2026-06-22,2026-06-22,"8,5",A tiempo
A00517,Agustin Acosta,22,M,agustin.acosta517@alumnos.tup.edu.ar,A1,Mañana,2026-03-09,Quiz_01,Quiz,30/03/2026,2026-03-28,8.3,a tiempo
A00314,Bautista Sosa,20,F,bautista.sosa314@alumnos.tup.edu.ar,B1,Tarde,03/03/2026,Quiz_02,Quiz,2026-04-27,,,No entrego
A00448,VICTORIA CASTRO,17,Masculino,victoria.castro448@alumnos.tup.edu.ar,C3,Noche,2026-03-06,TP_02,TP,2026-04-13,2026-04-10,"5,7",A tiempo
A00067,Olivia Luna,18,femenino,olivia.luna67@alumnos.tup.edu.ar,A2,Mañana,2026-02-17,TP_03,TP,11/05/2026,16/05/2026,6.4,tarde
A00082,Delfina Rodriguez,23,Masculino,delfina.rodriguez82@alumnos.tup.edu.ar,A3,Mañana,11-03-2026,TP_02,TP,13-04-2026,2026-04-08,"5,1",A tiempo
A00629,Mia Fernandez,21,Masculino,mia.fernandez629@alumnos.tup.edu.ar,B1,Tarde,2026-02-17,Quiz_03,Quiz,2026-05-25,2026-06-04,4.9,TARDE
A00650,Pilar Garcia,17,M,pilar.garcia650@alumnos.tup.edu.ar, c3 ,Noche,18/02/2026,Quiz_03,Quiz,25/05/2026,,,no entregó
A00335,Martina Medina,36,Masculino,martina.medina335@alumnos.tup.edu.ar,B1,Tarde,2026-03-05,TP_04,TP,2026-06-08,04/06/2026,6.9,A TIEMPO
A00296,Bautista Flores,17,Femenino,bautista.flores296@alumnos.tup.edu.ar,B2,TARDE,08/03/2026,Quiz_03,Quiz,25-05-2026,,,
A00020,Ignacio Ortiz,21,F,ignacio.ortiz20@alumnos.tup.edu.ar,A1,Mañana,27/02/2026,Quiz_01,Quiz,30/03/2026,2026-03-29,7.9,A tiempo
A00095,Bruno Diaz,29,F,bruno.diaz95@alumnos.tup.edu.ar,B2,Tarde,2026-02-15,TP_03,TP,11-05-2026,2026-05-09,5.0,a tiempo
A00369,Florencia Fernandez,24,M,florencia.fernandez369@alumnos.tup.edu.ar,A1,Mañana,04/03/2026,TP_04,TP,2026-06-08,03-06-2026,7.4,A TIEMPO
A00061,Mateo Nuñez,24,M,mateo.nuñez61@alumnos.tup.edu.ar,A2,Mañana,2026-02-19,Parcial_01,Parcial,22/06/2026,2026-06-21,7.1,A tiempo
A00635,Mora Flores,22,Femenino,mora.flores635@alumnos.tup.edu.ar,A3,Mañana,2026-02-24,TP_02,TP,2026-04-13,08/04/2026,6.8,a tiempo
A00226,Delfina Romero,19,F,delfina.romero226@alumnos.tup.edu.ar,A2,Mañana,2026-02-14,TP_02,TP,2026-04-13,,,no entregó
A00322,Federico Suarez,25,M,federico.suarez322@alumnos.tup.edu.ar,B2,Tarde,2026-03-03,TP_03,TP,2026-05-11,2026-05-11,7.0,A TIEMPO
A00249,Agustin Torres,21,F,agustin.torres249@alumnos.tup.edu.ar,C1,Noche,16-02-2026,Quiz_02,Quiz,27/04/2026,2026-04-25,"7,1",a tiempo
A00206,Bautista Medina,17,M,bautista.medina206@alumnos.tup.edu.ar,B2,Tarde,2026-03-05,TP_04,TP,2026-06-08,,,
A00419,JULIETA MARTINEZ,25,F,julieta.martinez419@alumnos.tup.edu.ar,C4,Noche,2026-03-07,TP_03,TP,2026-05-11,,,
A00548,Mateo Herrera,21,M,mateo.herrera548@alumnos.tup.edu.ar,C4,Noche,2026-02-17,Quiz_03,Quiz,2026-05-25,,,NO ENTREGO
A00487,Renata Herrera,17,F,renata.herrera487@alumnos.tup.edu.ar,C3,Noche,15/02/2026,Quiz_01,Quiz,2026-03-30,2026-03-28,6.0,a tiempo
A00640,Felipe Nuñez,20,M,,C1,Noche,2026-02-22,TP_01,TP,2026-03-16,16/03/2026,8.7,a tiempo
A00031,Federico Ruiz,21,Femenino,federico.ruiz31@alumnos.tup.edu.ar,C1,Noche,27/02/2026,Parcial_01,Parcial,2026-06-22,,,
A00386,Felipe Vega,19,M,felipe.vega386@alumnos.tup.edu.ar,B1,Tarde,2026-02-15,TP_02,TP,2026-04-13,,,No entrego
A00611,Pilar Fernandez,21,F,pilar.fernandez611@alumnos.tup.edu.ar,C4,Noche,2026-03-06,Quiz_03,Quiz,25/05/2026,23/05/2026,"3,7",A TIEMPO
A00435,Bruno Flores,19,Masculino,bruno.flores435@alumnos.tup.edu.ar,A1,Mañana,20/02/2026,Parcial_01,Parcial,2026-06-22,17-06-2026,4.3,A tiempo
A00581,Catalina Martinez,17,F,catalina.martinez581@alumnos.tup.edu.ar,B2,Tarde,2026-02-24,TP_04,TP,2026-06-08,2026-06-03,5.3,A TIEMPO
A00471,Catalina Perez,19,F,catalina.perez471@alumnos.tup.edu.ar,C4,Noche,2026-02-14,Quiz_01,Quiz,30/03/2026,2026-03-26,4.6,A tiempo
A00167,Olivia Romero,28,M,olivia.romero167@@alumnos.tup.edu.ar,A3,Mañana,19/02/2026,Parcial_01,Parcial,2026-06-22,2026-06-20,6.8,A tiempo
A00671,Agustin Cabrera,23,Masculino,agustin.cabrera671@alumnos.tup.edu.ar,B1,Tarde,24/02/2026,Quiz_02,Quiz,27/04/2026,,,No entrego
A00521,Renata Benitez,20,M,renata.benitez521@alumnos.tup.edu.ar,B2,Tarde,2026-02-14,Quiz_02,Quiz,2026-04-27,,,No entrego
A00488,Santino Suarez,21,F,santino.suarez488@alumnos.tup.edu.ar,C4,Noche,05-03-2026,TP_01,TP,16/03/2026,2026-03-12,8.9,a tiempo
A00088,Gabriel Molina,20,Femenino,gabriel.molina88@alumnos.tup.edu.ar,C4,Noche,2026-03-07,TP_04,TP,08/06/2026,,,
A00101,Ignacio Perez,17,F,ignacio.perez101@alumnos.tup.edu.ar,B1,Tarde,2026-02-24,Quiz_01,Quiz,2026-03-30,2026-03-29,5.1,A TIEMPO
A00218,Manuel Lopez,27,F,manuel.lopez218@alumnos.tup.edu.ar,B2,Tarde,2026-02-19,Quiz_03,Quiz,2026-05-25,2026-05-25,7.1,A TIEMPO
A00443,Florencia Gonzalez,23,Femenino,florencia.gonzalez443@alumnos.tup.edu.ar,C4,Noche,2026-03-05,TP_03,TP,11/05/2026,07/05/2026,"6,8",A tiempo
A00502,Manuel Torres,17,Masculino,manuel.torres502@alumnos.tup.edu.ar,A2,Mañana,2026-03-03,Quiz_01,Quiz,30/03/2026,28/03/2026,5.9,a tiempo
A00685,Joaquin Vega,17,M,joaquin.vega685@alumnos.tup.edu.ar,A3,Mañana,2026-03-03,Parcial_01,Parcial,22/06/2026,29-06-2026,4.8,TARDE
A00057,Martina Diaz,22,Masculino,martina.diaz57@alumnos.tup.edu.ar,A1,Mañana,04/03/2026,TP_01,TP,2026-03-16,13/03/2026,8.5,A tiempo
A00638,Julieta Herrera,17,M,julieta.herrera638@alumnos.tup.edu.ar,A2,Mañana,20-02-2026,TP_01,TP,2026-03-16,2026-03-15,7.7,A tiempo
A00540,Renata Garcia,17,M,renata.garcia540@alumnos.tup.edu.ar,B2,Tarde,2026-02-26,Quiz_02,Quiz,27/04/2026,2026-04-23,9.9,A tiempo
A00532,Maximo Rojas,22,M,maximo.rojas532@alumnos.tup.edu.ar,B2,Tarde,2026-02-26,TP_01,TP,2026-03-16,,,no entregó
A00188,  Pilar Flores ,29,F,pilar.flores188@alumnos.tup.edu.ar,C4,Noche,2026-03-05,TP_04,TP,2026-06-08,,,No entrego
A00251,Camila Benitez,19,F,camila.benitez251@alumnos.tup.edu.ar,C4,Noche,02-03-2026,Parcial_01,Parcial,2026-06-22,2026-06-20,"8,2",A TIEMPO
A00332,Lucas Garcia,22,M,lucas.garcia332@@alumnos.tup.edu.ar,A3,Mañana,2026-02-20,TP_03,TP,2026-05-11,2026-05-10,7.2,a tiempo
A00538,Felipe Flores,20,F,felipe.flores538@alumnos.tup.edu.ar,C1,Noche,2026-03-01,Quiz_01,Quiz,2026-03-30,,,no entregó
A00608,Delfina Torres,20,Femenino,,B2,Tarde,2026-02-25,Quiz_02,Quiz,2026-04-27,2026-04-28,5.3,tarde
A00022,Emma Garcia,27,Masculino,emma.garcia22@alumnos.tup.edu.ar,B1,Tarde,2026-02-28,TP_01,TP,16/03/2026,,,No entrego
A00611,Pilar Fernandez,21,F,pilar.fernandez611@alumnos.tup.edu.ar,C4,Noche,06-03-2026,Quiz_01,Quiz,2026-03-30,2026-04-08,"4,1",Tarde
A00633,Olivia Nuñez,20,Masculino,olivia.nuñez633@alumnos.tup.edu.ar,B1,Tarde,16/02/2026,TP_02,TP,13/04/2026,2026-04-12,5.9,A tiempo
A00201,Olivia Suarez,21,M,olivia.suarez201@alumnos.tup.edu.ar,B2,Tarde,2026-02-15,Quiz_01,Quiz,30/03/2026,2026-03-27,5.5,A tiempo
A00285,Olivia Torres,22,F,olivia.torres285@alumnos.tup.edu.ar, c1 ,Noche,2026-02-23,Quiz_02,Quiz,2026-04-27,2026-04-26,6.9,a tiempo
A00257,LAUTARO TORRES,23,M,lautaro.torres257@alumnos.tup.edu.ar,A3,Mañana,09/03/2026,Quiz_03,Quiz,2026-05-25,2026-05-22,9.0,A TIEMPO
A00241,Nicolas Ruiz,17,Masculino,nicolas.ruiz241@alumnos.tup.edu.ar, c1 ,Noche,2026-03-06,Parcial_01,Parcial,22/06/2026,2026-06-17,6.0,a tiempo
A00597,Manuel Rodriguez,18,M,manuel.rodriguez597@alumnos.tup.edu.ar,C2,Noche,2026-03-07,TP_02,TP,13/04/2026,2026-04-09,8.6,A tiempo
A00436,Lucas Silva,31,M,lucas.silva436@alumnos.tup.edu.ar,B1,TARDE,2026-02-17,TP_04,TP,08/06/2026,,,NO ENTREGO
A00252,Emma Rojas,29,M,emma.rojas252@alumnos.tup.edu.ar,C1,Noche,2026-02-16,TP_02,TP,2026-04-13,2026-04-08,"7,0",a tiempo
A00563,Victoria Flores,22,F,victoria.flores563@alumnos.tup.edu.ar,B2,Tarde,2026-02-24,TP_02,TP,2026-04-13,2026-04-11,5.6,A tiempo
A00307,Renata Ortiz,24,Femenino,renata.ortiz307@alumnos.tup.edu.ar,B2,Tarde,2026-03-06,Quiz_01,Quiz,2026-03-30,2026-03-25,5.7,A TIEMPO
A00207,Florencia Torres,31,F,florencia.torres207@alumnos.tup.edu.ar,C4,Noche,2026-02-17,Quiz_02,Quiz,27/04/2026,,,no entregó
A00326,Sofia Sosa,17,M,sofia.sosa326@alumnos.tup.edu.ar,C2,Noche,01/03/2026,Quiz_03,Quiz,2026-05-25,2026-05-20,8.0,a tiempo
A00077,Diego Garcia,21,X,diego.garcia77@alumnos.tup.edu.ar,B2,TARDE,2026-03-11,Quiz_03,Quiz,2026-05-25,2026-05-24,4.7,A tiempo
A00349,Pilar Perez,29,F,,B2,Tarde,2026-03-09,Quiz_03,Quiz,2026-05-25,,,No entrego
A00546,Antonella Gonzalez,17,F,antonella.gonzalez546@alumnos.tup.edu.ar,C1,Noche,2026-02-14,Quiz_03,Quiz,2026-05-25,,,No entrego
A00176,Benjamin Castro,17,F,benjamin.castro176@alumnos.tup.edu.ar,A1,Mañana,19/02/2026,Quiz_02,Quiz,27-04-2026,26/04/2026,9.2,A tiempo
A00276,Santino Ortiz,25,F,santino.ortiz276@alumnos.tup.edu.ar,A3,Mañana,2026-02-14,Quiz_03,Quiz,25-05-2026,,,
A00400,martina silva,24,F,,C1,Noche,2026-02-17,Quiz_01,Quiz,30-03-2026,05/04/2026,10.0,tarde
A00102,Benjamin Benitez,25,F,benjamin.benitez102@alumnos.tup.edu.ar,C2,Noche,2026-02-14,Parcial_01,Parcial,22/06/2026,,,No entrego
A00147,Valentina Benitez,31,femenino,valentina.benitez147@alumnos.tup.edu.ar,B1,Tarde,2026-02-26,TP_04,TP,2026-06-08,2026-06-05,7.9,A TIEMPO
A00652,Tomas Nuñez,23,M,tomas.nuñez652@alumnos.tup.edu.ar,C4,Noche,2026-03-02,TP_02,TP,2026-04-13,09-04-2026,8.1,A TIEMPO
A00672,Maximo Romero,19,F,maximo.romero672@alumnos.tup.edu.ar,A1,Mañana,2026-03-07,Parcial_01,Parcial,2026-06-22,2026-06-18,8.5,A tiempo
A00176,Benjamin Castro,17,F,benjamin.castro176@alumnos.tup.edu.ar,A1,Mañana,19/02/2026,TP_01,TP,2026-03-16,2026-03-14,"7,2",a tiempo
A00149,Tomas Garcia,30,F,tomas.garcia149@alumnos.tup.edu.ar,B2,Tarde,24-02-2026,Quiz_03,Quiz,25-05-2026,2026-05-25,"6,3",A tiempo
A00600,Valentino Suarez,37,M,valentino.suarez600@alumnos.tup.edu.ar,B1,Tarde,2026-03-10,TP_04,TP,08/06/2026,,,
A00452,Guadalupe Flores,29,M,guadalupe.flores452@alumnos.tup.edu.ar,A3,Mañana,28-02-2026,TP_03,TP,11-05-2026,,,No entrego
A00186,Florencia Benitez,28,F,florencia.benitez186@alumnos.tup.edu.ar, a1 ,Mañana,2026-03-06,TP_04,TP,2026-06-08,,,
A00403,Bautista Luna,23,Femenino,bautista.luna403@alumnos.tup.edu.ar,A2,Mañana,2026-02-15,Quiz_03,Quiz,2026-05-25,04/06/2026,8.1,tarde
A00354,Felipe Garcia,19,F,felipe.garcia354@alumnos.tup.edu.ar,B2,Tarde,2026-03-04,TP_02,TP,13/04/2026,2026-04-12,3.6,a tiempo
A00598,SOFIA CASTRO,18,F,sofia.castro598@alumnos.tup.edu.ar,A2,Mañana,25-02-2026,Quiz_03,Quiz,2026-05-25,2026-05-24,7.6,a tiempo
A00520,Camila Torres,26,F,camila.torres520@alumnos.tup.edu.ar,C4,Noche,2026-03-10,TP_03,TP,11-05-2026,,,no entregó
A00125,Diego Acosta,17,F,diego.acosta125@alumnos.tup.edu.ar,C1,Noche,2026-02-20,TP_01,TP,16/03/2026,2026-03-15,4.4,a tiempo
A00433,Agustin Lopez,17,F,agustin.lopez433@alumnos.tup.edu.ar,B2,Tarde,01-03-2026,Quiz_01,Quiz,30-03-2026,,,no entregó
A00130,  Benjamin Rojas ,31,M,benjamin.rojas130@alumnos.tup.edu.ar,C1,Noche,2026-02-18,TP_01,TP,2026-03-16,19/03/2026,5.4,TARDE
A00473,federico vega,32,F,federico.vega473@alumnos.tup.edu.ar,B2,Tarde,2026-03-06,Quiz_03,Quiz,2026-05-25,25/05/2026,8.8,A tiempo
A00344,Renata Ramirez,27,Femenino,renata.ramirez344@alumnos.tup.edu.ar,C2,Noche,27/02/2026,Quiz_01,Quiz,2026-03-30,,,no entregó
A00486,Santino Lopez,22,F,santino.lopez486@alumnos.tup.edu.ar,C4,Noche,2026-03-06,TP_03,TP,11-05-2026,11/05/2026,8.3,A TIEMPO
A00022,Emma Garcia,27,Masculino,emma.garcia22@alumnos.tup.edu.ar,B1,Tarde,2026-02-28,Parcial_01,Parcial,22/06/2026,20-06-2026,6.9,A tiempo
A00139,Thiago Castro,28,M,thiago.castro139@@alumnos.tup.edu.ar,A3,Mañana,09/03/2026,Quiz_01,Quiz,2026-03-30,2026-03-27,6.7,A tiempo
A00634,Lucia Lopez,17,Femenino,,A1,Mañana,2026-02-25,TP_01,TP,16-03-2026,18-03-2026,5.6,Tarde
A00048,  Martina Medina ,17,femenino,martina.medina48@alumnos.tup.edu.ar,A2,Mañana,2026-02-16,TP_04,TP,08-06-2026,2026-06-07,8.5,A TIEMPO
A00367,Antonella Vega,26,Masculino,antonella.vega367@alumnos.tup.edu.ar,C2,NOCHE,2026-02-18,Parcial_01,Parcial,2026-06-22,2026-06-22,7.5,A tiempo
A00218,Manuel Lopez,27,F,manuel.lopez218@alumnos.tup.edu.ar,B2,Tarde,2026-02-19,TP_01,TP,2026-03-16,2026-03-11,5.3,A TIEMPO
A00060,Diego Luna,35,Femenino,diego.luna60@alumnos.tup.edu.ar,C3,Noche,18-02-2026,Quiz_03,Quiz,2026-05-25,,,no entregó
A00054,Gabriel Diaz,20,M,gabriel.diaz54@alumnos.tup.edu.ar,B1,TARDE,28/02/2026,Quiz_01,Quiz,2026-03-30,2026-03-29,"9,7",a tiempo
A00309,Felipe Lopez,17,F,felipe.lopez309@alumnos.tup.edu.ar,A3,Mañana,2026-03-06,Parcial_01,Parcial,22-06-2026,,,NO ENTREGO
A00007,Pilar Gonzalez,28,F,pilar.gonzalez7@alumnos.tup.edu.ar,B1,Tarde,2026-02-14,Parcial_01,Parcial,2026-06-22,,,
A00229,Tomas Aguirre,26,Femenino,tomas.aguirre229@alumnos.tup.edu.ar,A2,MAÑANA,2026-02-24,TP_01,TP,2026-03-16,,,No entrego
A00429,Thiago Perez,22,Femenino,thiago.perez429@alumnos.tup.edu.ar,C4,Noche,11/03/2026,Quiz_01,Quiz,2026-03-30,2026-03-28,10.0,A tiempo
A00316,Martina Vega,25,M,martina.vega316@alumnos.tup.edu.ar,C2,Noche,2026-02-21,Quiz_02,Quiz,2026-04-27,,,no entregó
A00628,Benjamin Rodriguez,23,Femenino,benjamin.rodriguez628@alumnos.tup.edu.ar,B1,Tarde,2026-02-23,Quiz_03,Quiz,25-05-2026,2026-05-24,6.2,A TIEMPO
A00643,Guadalupe Sosa,19,F,guadalupe.sosa643@alumnos.tup.edu.ar,B1,Tarde,2026-02-28,TP_02,TP,2026-04-13,2026-04-12,6.3,a tiempo
A00372,Santino Acosta,27,F,santino.acosta372@alumnos.tup.edu.ar,C2,Noche,01/03/2026,TP_03,TP,11-05-2026,2026-05-10,"7,4",a tiempo
A00489,Lucia Fernandez,18,Femenino,lucia.fernandez489@alumnos.tup.edu.ar,A1,Mañana,2026-02-26,Parcial_01,Parcial,22/06/2026,2026-06-21,7.4,A TIEMPO
A00612,Mia Rojas,28,M,mia.rojas612@alumnos.tup.edu.ar,B1,Tarde,2026-02-21,TP_04,TP,2026-06-08,,,
A00073,Diego Alvarez,19,F,diego.alvarez73@alumnos.tup.edu.ar,B1,Tarde,2026-03-10,TP_02,TP,2026-04-13,,,No entrego
A00534,Federico Sanchez,29,Masculino,federico.sanchez534@alumnos.tup.edu.ar,A1,Mañana,2026-02-21,TP_03,TP,2026-05-11,,,No entrego
A00162,Mateo Benitez,17,F,mateo.benitez162@alumnos.tup.edu.ar,C2,Noche,2026-02-17,TP_01,TP,16/03/2026,2026-03-12,7.1,A TIEMPO
A00548,Mateo Herrera,21,M,mateo.herrera548@alumnos.tup.edu.ar,C4,Noche,2026-02-17,TP_03,TP,11/05/2026,2026-05-06,6.4,A TIEMPO
A00501,Bruno Sanchez,24,Masculino,bruno.sanchez501@alumnos.tup.edu.ar,C3,NOCHE,2026-03-05,Parcial_01,Parcial,22-06-2026,,,
A00163,Isabella Nuñez,22,M,isabella.nuñez163@alumnos.tup.edu.ar,C4,Noche,2026-02-24,Quiz_01,Quiz,2026-03-30,2026-04-05,2.9,Tarde
A00110,Diego Sosa,23,M,diego.sosa110@alumnos.tup.edu.ar,B2,Tarde,2026-02-16,Quiz_03,Quiz,2026-05-25,23-05-2026,"6,1",A TIEMPO
A00688,Benjamin Herrera,18,M,benjamin.herrera688@alumnos.tup.edu.ar,C3,Noche,21-02-2026,TP_01,TP,2026-03-16,2026-03-11,10.0,a tiempo
A00241,Nicolas Ruiz,17,Masculino,nicolas.ruiz241@alumnos.tup.edu.ar, c1 ,Noche,2026-03-06,TP_03,TP,2026-05-11,09/05/2026,7.3,A TIEMPO
A00166,Camila Vega,18,M,camila.vega166@alumnos.tup.edu.ar,C1,Noche,2026-02-20,TP_03,TP,2026-05-11,,,no entregó
A00406,Diego Fernandez,17,M,diego.fernandez406@alumnos.tup.edu.ar,C3,Noche,2026-03-01,TP_04,TP,2026-06-08,15/06/2026,"5,8",tarde
A00023,Thiago Garcia,17,F,thiago.garcia23@alumnos.tup.edu.ar,A2,Mañana,2026-03-04,TP_03,TP,11/05/2026,,,
A00414,BENJAMIN PEREZ,22,X,benjamin.perez414@alumnos.tup.edu.ar,C4,Noche,22-02-2026,Quiz_01,Quiz,2026-03-30,2026-03-28,8.7,A tiempo
A00440,Victoria Herrera,25,M,victoria.herrera440@alumnos.tup.edu.ar,A2,Mañana,2026-02-28,Parcial_01,Parcial,2026-06-22,,,
A00574,Isabella Benitez,23,Femenino,isabella.benitez574@alumnos.tup.edu.ar,B2,Tarde,24-02-2026,Quiz_03,Quiz,25/05/2026,,,
A00418,FLORENCIA FERNANDEZ,18,Masculino,florencia.fernandez418@alumnos.tup.edu.ar,B2,Tarde,14/02/2026,TP_01,TP,16/03/2026,,,No entrego
A00529,Bautista Rodriguez,17,F,bautista.rodriguez529@alumnos.tup.edu.ar,A1,Mañana,05-03-2026,TP_02,TP,2026-04-13,2026-04-09,9.2,A tiempo
A00079,Paula Luna,30,F,paula.luna79@alumnos.tup.edu.ar,A1,Mañana,2026-03-06,TP_04,TP,08-06-2026,06/06/2026,8.4,a tiempo
A00580,Martina Fernandez,23,M,martina.fernandez580@alumnos.tup.edu.ar, b1 ,Tarde,2026-03-07,Quiz_02,Quiz,2026-04-27,2026-04-23,4.3,A tiempo
A00529,Bautista Rodriguez,17,F,bautista.rodriguez529@alumnos.tup.edu.ar,A1,Mañana,2026-03-05,Quiz_03,Quiz,25/05/2026,27/05/2026,6.5,tarde
A00219,Joaquin Nuñez,20,M,,C4,Noche,2026-02-24,TP_02,TP,2026-04-13,2026-04-12,"5,6",A tiempo
A00271,  Paula Molina ,30,M,paula.molina271@alumnos.tup.edu.ar, a3 ,Mañana,2026-03-09,TP_01,TP,2026-03-16,2026-03-15,5.9,A TIEMPO
A00131,Felipe Luna,28,F,felipe.luna131@alumnos.tup.edu.ar,C3,Noche,2026-03-09,TP_02,TP,2026-04-13,,,no entregó
A00435,Bruno Flores,19,Masculino,bruno.flores435@alumnos.tup.edu.ar,A1,Mañana,2026-02-20,Quiz_03,Quiz,2026-05-25,,,NO ENTREGO
A00084,Felipe Ruiz,20,F,felipe.ruiz84@alumnos.tup.edu.ar,C3,Noche,2026-03-05,Quiz_03,Quiz,25/05/2026,,,no entregó
A00040,Martina Sosa,25,Femenino,martina.sosa40@alumnos.tup.edu.ar,C3,Noche,2026-02-22,TP_02,TP,2026-04-13,2026-04-12,7.0,a tiempo
A00358,Lucia Romero,20,F,lucia.romero358@alumnos.tup.edu.ar,B1,Tarde,2026-03-03,TP_03,TP,11/05/2026,2026-05-10,9.5,a tiempo
A00663,Camila Perez,22,F,camila.perez663@alumnos.tup.edu.ar, a3 ,Mañana,2026-02-21,Quiz_03,Quiz,25/05/2026,,,
A00587,Pilar Rodriguez,23,Femenino,pilar.rodriguez587@alumnos.tup.edu.ar, c2 ,Noche,2026-03-09,Quiz_02,Quiz,2026-04-27,24/04/2026,8.1,A tiempo
A00382,Olivia Diaz,18,M,olivia.diaz382@alumnos.tup.edu.ar,B1,Tarde,2026-03-07,Quiz_01,Quiz,30-03-2026,,,
A00301,Sofia Benitez,23,Masculino,sofia.benitez301@alumnos.tup.edu.ar,C1,Noche,09/03/2026,Parcial_01,Parcial,2026-06-22,2026-06-17,8.5,A tiempo
A00038,Federico Ramirez,17,M,federico.ramirez38@alumnos.tup.edu.ar,A1,Mañana,2026-03-01,TP_01,TP,2026-03-16,16/03/2026,4.5,A TIEMPO
A00551,gabriel diaz,26,M,gabriel.diaz551@alumnos.tup.edu.ar,C2,Noche,2026-02-22,Parcial_01,Parcial,2026-06-22,2026-06-20,9.5,A tiempo
A00097,Maximo Diaz,27,M,maximo.diaz97@alumnos.tup.edu.ar,C3,Noche,07/03/2026,Parcial_01,Parcial,22/06/2026,2026-06-17,7.2,A TIEMPO
A00653,Agustin Vega,22,M,agustin.vega653@alumnos.tup.edu.ar, a1 ,Mañana,2026-03-10,Quiz_01,Quiz,2026-03-30,,,NO ENTREGO
A00020,Ignacio Ortiz,21,F,ignacio.ortiz20@alumnos.tup.edu.ar,A1,Mañana,27/02/2026,TP_04,TP,2026-06-08,2026-06-06,7.5,a tiempo
A00310,Guadalupe Ortiz,21,M,guadalupe.ortiz310@alumnos.tup.edu.ar,B2,Tarde,25/02/2026,TP_03,TP,2026-05-11,,,no entregó
A00365,Felipe Martinez,20,Femenino,felipe.martinez365@alumnos.tup.edu.ar,B2,Tarde,2026-03-09,Parcial_01,Parcial,22/06/2026,,,No entrego
A00058,DELFINA RAMIREZ,19,F,delfina.ramirez58@alumnos.tup.edu.ar,B2,Tarde,2026-02-27,Quiz_01,Quiz,2026-03-30,06/04/2026,4.8,tarde
A00047,Maximo Ramirez,28,F,maximo.ramirez47@alumnos.tup.edu.ar,C4,Noche,2026-03-04,Parcial_01,Parcial,2026-06-22,2026-06-20,4.1,a tiempo
A00408,Benjamin Silva,25,M,,B2,Tarde,2026-03-10,Quiz_01,Quiz,2026-03-30,,,no entregó
A00304,Agustin Sanchez,25,F,agustin.sanchez304@alumnos.tup.edu.ar,C3,Noche,2026-02-14,TP_04,TP,2026-06-08,,,No entrego
A00376,Joaquin Sanchez,21,M,joaquin.sanchez376@alumnos.tup.edu.ar,C2,Noche,20/02/2026,TP_02,TP,2026-04-13,,,No entrego
A00178,Ignacio Suarez,18,M,ignacio.suarez178@alumnos.tup.edu.ar,B1,Tarde,02/03/2026,TP_02,TP,13-04-2026,09/04/2026,7.9,a tiempo
A00477,Nicolas Alvarez,18,F,nicolas.alvarez477@alumnos.tup.edu.ar,A1,Mañana,2026-02-16,Quiz_03,Quiz,2026-05-25,,,no entregó
A00344,Renata Ramirez,27,Femenino,renata.ramirez344@alumnos.tup.edu.ar,C2,Noche,27-02-2026,Quiz_03,Quiz,2026-05-25,02-06-2026,4.5,TARDE
A00505,Lautaro Romero,26,Femenino,lautaro.romero505@alumnos.tup.edu.ar,B1,Tarde,28/02/2026,Quiz_02,Quiz,2026-04-27,2026-04-22,6.0,A tiempo
A00484,Maximo Sosa,20,M,maximo.sosa484@alumnos.tup.edu.ar,A3,Mañana,11/03/2026,TP_04,TP,2026-06-08,13/06/2026,5.9,Tarde
A00165,Isabella Castro,18,Femenino,isabella.castro165@alumnos.tup.edu.ar,B2,Tarde,2026-03-09,TP_03,TP,11/05/2026,10-05-2026,8.5,A tiempo
A00479,Manuel Medina,27,Masculino,manuel.medina479@alumnos.tup.edu.ar,A2,Mañana,07/03/2026,TP_01,TP,2026-03-16,2026-03-11,7.3,a tiempo
A00054,Gabriel Diaz,20,M,gabriel.diaz54@alumnos.tup.edu.ar,B1,TARDE,2026-02-28,TP_01,TP,2026-03-16,2026-03-14,8.8,a tiempo
A00413,Mora Diaz,17,F,mora.diaz413@alumnos.tup.edu.ar,B1,Tarde,2026-02-20,TP_04,TP,08/06/2026,04/06/2026,7.1,A TIEMPO
A00404,Victoria Torres,23,F,victoria.torres404@alumnos.tup.edu.ar,B1,Tarde,01-03-2026,TP_02,TP,13/04/2026,2026-04-13,"4,6",A TIEMPO
A00214,Mia Silva,27,M,mia.silva214@alumnos.tup.edu.ar,C4,Noche,2026-02-27,Quiz_03,Quiz,25/05/2026,2026-05-23,7.9,A tiempo
A00270,Felipe Rodriguez,23,F,felipe.rodriguez270@alumnos.tup.edu.ar,B1,Tarde,02/03/2026,TP_04,TP,2026-06-08,,,no entregó
A00094,Nicolas Rodriguez,20,M,nicolas.rodriguez94@alumnos.tup.edu.ar,A2,Mañana,2026-02-24,TP_03,TP,11/05/2026,2026-05-11,8.1,a tiempo
A00337,Mateo Aguirre,21,F,mateo.aguirre337@alumnos.tup.edu.ar,C2,Noche,02/03/2026,Quiz_03,Quiz,2026-05-25,2026-05-21,"4,4",A tiempo
A00225,  Valentino Sanchez ,20,M,valentino.sanchez225@alumnos.tup.edu.ar,C1,Noche,22/02/2026,Parcial_01,Parcial,2026-06-22,,,No entrego
A00392,Tomas Rojas,17,F,tomas.rojas392@alumnos.tup.edu.ar,C3,Noche,2026-02-27,TP_04,TP,08/06/2026,2026-06-07,6.5,A TIEMPO
A00066,Bruno Torres,29,F,bruno.torres66@alumnos.tup.edu.ar,B1,Tarde,18/02/2026,Quiz_03,Quiz,25/05/2026,,,No entrego
A00254,  Agustin Martinez ,27,M,agustin.martinez254@alumnos.tup.edu.ar,A1,Mañana,01/03/2026,TP_02,TP,2026-04-13,2026-04-13,6.9,A tiempo
A00457,Antonella Ruiz,20,X,antonella.ruiz457@alumnos.tup.edu.ar,B2,TARDE,2026-03-03,Quiz_02,Quiz,2026-04-27,,,No entrego
A00251,Camila Benitez,19,F,camila.benitez251@alumnos.tup.edu.ar,C4,Noche,2026-03-02,TP_01,TP,16/03/2026,20/03/2026,"6,7",TARDE
A00434,Mia Cabrera,17,F,mia.cabrera434@alumnos.tup.edu.ar,A1,Mañana,2026-03-01,TP_02,TP,2026-04-13,2026-04-12,"7,8",A tiempo
A00232,Catalina Ortiz,18,M,catalina.ortiz232@alumnos.tup.edu.ar,C1,Noche,2026-03-06,TP_01,TP,16-03-2026,27/03/2026,5.8,TARDE
A00296,Bautista Flores,17,Femenino,bautista.flores296@alumnos.tup.edu.ar,B2,TARDE,2026-03-08,Quiz_02,Quiz,27/04/2026,23-04-2026,6.7,A tiempo
A00297,Felipe Castro,27,F,felipe.castro297@alumnos.tup.edu.ar,B2,Tarde,2026-02-25,TP_01,TP,2026-03-16,13/03/2026,6.6,a tiempo
A00472,Mora Sanchez,27,Femenino,mora.sanchez472@alumnos.tup.edu.ar,C4,Noche,2026-02-19,TP_01,TP,2026-03-16,,,
A00087,Bautista Silva,19,M,bautista.silva87@alumnos.tup.edu.ar,C3,Noche,2026-03-09,TP_04,TP,2026-06-08,,,
A00582,Pilar Herrera,30,F,pilar.herrera582@alumnos.tup.edu.ar,B1,Tarde,2026-03-11,TP_02,TP,13/04/2026,2026-04-09,7.1,A tiempo
A00554,Mia Lopez,20,X,mia.lopez554@alumnos.tup.edu.ar,C3,Noche,11/03/2026,TP_02,TP,2026-04-13,12/04/2026,6.1,A tiempo
A00631,SOFIA ROMERO,23,M,sofia.romero631@alumnos.tup.edu.ar,B2,Tarde,21-02-2026,Parcial_01,Parcial,2026-06-22,,,
A00688,Benjamin Herrera,18,M,benjamin.herrera688@alumnos.tup.edu.ar,C3,Noche,2026-02-21,TP_02,TP,13/04/2026,2026-04-09,8.9,a tiempo
A00695,Federico Cabrera,22,Femenino,federico.cabrera695@alumnos.tup.edu.ar,B2,Tarde,2026-03-11,Quiz_03,Quiz,2026-05-25,2026-05-25,8.3,A TIEMPO
A00694,Federico Vega,20,M,federico.vega694@alumnos.tup.edu.ar,C3,Noche,20/02/2026,Parcial_01,Parcial,2026-06-22,,,no entregó
A00228,Joaquin Lopez,25,M,joaquin.lopez228@alumnos.tup.edu.ar,A1,Mañana,2026-02-25,TP_01,TP,2026-03-16,2026-03-14,3.1,A tiempo
A00008,Ignacio Silva,17,Femenino,ignacio.silva8@@alumnos.tup.edu.ar,B1,Tarde,2026-02-24,TP_04,TP,2026-06-08,2026-06-05,6.8,A tiempo
A00678,Thiago Diaz,23,Masculino,thiago.diaz678@alumnos.tup.edu.ar,C4,Noche,2026-02-28,TP_04,TP,08/06/2026,,,No entrego
A00582,Pilar Herrera,30,F,pilar.herrera582@alumnos.tup.edu.ar,B1,Tarde,2026-03-11,TP_04,TP,08/06/2026,2026-06-04,9.5,A tiempo
A00664,Benjamin Lopez,17,M,benjamin.lopez664@alumnos.tup.edu.ar,C2,Noche,03-03-2026,TP_01,TP,2026-03-16,2026-03-16,6.4,A TIEMPO
A00216,Bautista Lopez,23,F,bautista.lopez216@alumnos.tup.edu.ar,A3,Mañana,24-02-2026,Parcial_01,Parcial,22/06/2026,25/06/2026,7.3,tarde
A00089,Maximo Silva,21,M,maximo.silva89@alumnos.tup.edu.ar,A1,Mañana,2026-02-17,Quiz_01,Quiz,2026-03-30,2026-03-27,6.1,A TIEMPO
A00473,federico vega,32,F,federico.vega473@alumnos.tup.edu.ar,B2,Tarde,2026-03-06,Quiz_02,Quiz,2026-04-27,,,No entrego
A00635,Mora Flores,22,Femenino,mora.flores635@alumnos.tup.edu.ar,A3,Mañana,24/02/2026,Quiz_01,Quiz,30/03/2026,2026-03-27,5.9,A tiempo
A00468,manuel perez,28,Masculino,manuel.perez468@alumnos.tup.edu.ar,C2,Noche,2026-02-16,TP_04,TP,2026-06-08,,,
A00105,Agustin Alvarez,20,F,agustin.alvarez105@alumnos.tup.edu.ar,A2,Mañana,2026-03-04,Quiz_02,Quiz,2026-04-27,2026-04-24,8.6,A TIEMPO
A00398,Antonella Castro,31,F,antonella.castro398@alumnos.tup.edu.ar,B1,Tarde,2026-02-28,TP_04,TP,08/06/2026,,,no entregó
A00349,Pilar Perez,29,F,,B2,Tarde,2026-03-09,TP_04,TP,2026-06-08,,,NO ENTREGO
A00640,Felipe Nuñez,20,M,,C1,Noche,22/02/2026,Quiz_02,Quiz,2026-04-27,26-04-2026,"8,2",A TIEMPO
A00595,Nicolas Perez,22,Femenino,nicolas.perez595@alumnos.tup.edu.ar,C4,NOCHE,2026-02-28,Quiz_01,Quiz,2026-03-30,2026-03-30,8.4,a tiempo
A00208,Thiago Sosa,23,Masculino,thiago.sosa208@alumnos.tup.edu.ar,B2,Tarde,2026-03-02,Quiz_02,Quiz,2026-04-27,2026-04-30,2.2,tarde
A00578,ANTONELLA ORTIZ,5,F,antonella.ortiz578@alumnos.tup.edu.ar,A2,Mañana,2026-03-06,Quiz_01,Quiz,2026-03-30,2026-03-26,6.3,A TIEMPO
A00389,Manuel Diaz,17,F,manuel.diaz389@alumnos.tup.edu.ar,A3,Mañana,2026-03-04,Quiz_01,Quiz,2026-03-30,2026-03-26,8.9,A tiempo
A00478,renata sanchez,23,F,renata.sanchez478@alumnos.tup.edu.ar, b1 ,Tarde,2026-02-19,Quiz_02,Quiz,27-04-2026,,,No entrego
A00294,Ignacio Suarez,23,F,ignacio.suarez294@alumnos.tup.edu.ar,C2,Noche,2026-02-26,Quiz_02,Quiz,27-04-2026,,,
A00543,Pilar Suarez,25,femenino,pilar.suarez543@alumnos.tup.edu.ar,B2,Tarde,2026-02-28,Parcial_01,Parcial,2026-06-22,,,no entregó
A00319,julieta silva,19,F,julieta.silva319@alumnos.tup.edu.ar,C3,Noche,05/03/2026,Parcial_01,Parcial,2026-06-22,2026-06-21,"7,4",a tiempo
A00224,Paula Sosa,23,M,paula.sosa224@alumnos.tup.edu.ar,A2,Mañana,20-02-2026,TP_04,TP,2026-06-08,,,no entregó
A00136,Lautaro Ramirez,24,F,lautaro.ramirez136@alumnos.tup.edu.ar,B1,Tarde,2026-03-04,TP_02,TP,2026-04-13,13-04-2026,4.8,a tiempo
A00578,ANTONELLA ORTIZ,5,F,antonella.ortiz578@alumnos.tup.edu.ar,A2,Mañana,2026-03-06,TP_04,TP,2026-06-08,2026-06-03,"4,0",a tiempo
A00046,Ignacio Molina,19,F,ignacio.molina46@alumnos.tup.edu.ar,A3,Mañana,04/03/2026,TP_01,TP,2026-03-16,2026-03-15,6.5,A TIEMPO
A00372,Santino Acosta,27,F,santino.acosta372@alumnos.tup.edu.ar,C2,Noche,2026-03-01,TP_02,TP,13-04-2026,08/04/2026,7.7,a tiempo
A00092,Mia Vega,23,Femenino,mia.vega92@alumnos.tup.edu.ar,B1,Tarde,2026-03-01,TP_02,TP,2026-04-13,,,NO ENTREGO
A00597,Manuel Rodriguez,18,M,manuel.rodriguez597@alumnos.tup.edu.ar,C2,Noche,2026-03-07,TP_04,TP,2026-06-08,2026-06-04,8.4,A TIEMPO
A00513,Agustin Garcia,19,F,agustin.garcia513@alumnos.tup.edu.ar,B1,Tarde,2026-02-17,Quiz_03,Quiz,2026-05-25,2026-06-04,6.6,TARDE
A00575,Lucas Sanchez,28,M,lucas.sanchez575@alumnos.tup.edu.ar,A3,Mañana,2026-03-06,Parcial_01,Parcial,22-06-2026,,,NO ENTREGO
A00026,emma medina,26,M,emma.medina26@alumnos.tup.edu.ar,B1,Tarde,01/03/2026,TP_01,TP,2026-03-16,2026-03-12,8.2,A TIEMPO
A00579,Lucas Benitez,19,F,lucas.benitez579@alumnos.tup.edu.ar,A1,Mañana,06-03-2026,TP_04,TP,2026-06-08,2026-06-07,4.2,A TIEMPO
A00338,  Tomas Ortiz ,17,M,tomas.ortiz338@alumnos.tup.edu.ar, b1 ,Tarde,2026-02-15,Parcial_01,Parcial,22/06/2026,2026-06-20,"8,7",A TIEMPO
A00399,Diego Silva,24,F,diego.silva399@alumnos.tup.edu.ar,C1,Noche,11/03/2026,TP_02,TP,2026-04-13,2026-04-13,8.2,A tiempo
A00145,Maximo Sanchez,24,F,maximo.sanchez145@alumnos.tup.edu.ar,C4,Noche,09-03-2026,TP_01,TP,16/03/2026,,,
A00577,Emma Medina,17,F,emma.medina577@alumnos.tup.edu.ar,A2,Mañana,2026-02-26,Quiz_01,Quiz,30-03-2026,28/03/2026,9.5,A TIEMPO
A00038,Federico Ramirez,17,M,federico.ramirez38@alumnos.tup.edu.ar,A1,Mañana,2026-03-01,TP_04,TP,2026-06-08,,,
A00061,Mateo Nuñez,24,M,mateo.nuñez61@alumnos.tup.edu.ar,A2,Mañana,2026-02-19,Quiz_02,Quiz,2026-04-27,2026-04-25,6.2,a tiempo
A00460,  Lautaro Fernandez ,95,femenino,lautaro.fernandez460@alumnos.tup.edu.ar,C1,Noche,2026-03-04,Quiz_02,Quiz,2026-04-27,2026-04-28,4.3,tarde
A00310,Guadalupe Ortiz,21,M,guadalupe.ortiz310@alumnos.tup.edu.ar,B2,Tarde,2026-02-25,TP_04,TP,2026-06-08,,,
A00186,Florencia Benitez,28,F,florencia.benitez186@alumnos.tup.edu.ar, a1 ,Mañana,2026-03-06,Quiz_02,Quiz,2026-04-27,2026-04-26,2.8,a tiempo
A00211,Valentina Garcia,21,Femenino,valentina.garcia211@@alumnos.tup.edu.ar,A1,Mañana,2026-02-18,TP_03,TP,2026-05-11,2026-05-16,4.3,Tarde
A00496,Valentina Silva,23,M,valentina.silva496@alumnos.tup.edu.ar,C1,Noche,24-02-2026,Quiz_02,Quiz,27/04/2026,2026-04-23,7.8,A tiempo
A00260,bruno flores,25,F,bruno.flores260@alumnos.tup.edu.ar,A2,Mañana,2026-03-08,Quiz_02,Quiz,27-04-2026,,,
A00554,Mia Lopez,20,X,mia.lopez554@alumnos.tup.edu.ar,C3,Noche,11/03/2026,Quiz_03,Quiz,25/05/2026,2026-05-21,5.3,A TIEMPO
A00227,Joaquin Alvarez,25,Masculino,joaquin.alvarez227@alumnos.tup.edu.ar,C1,Noche,2026-02-27,Parcial_01,Parcial,2026-06-22,2026-06-18,4.9,a tiempo
A00313,Mia Torres,20,F,mia.torres313@alumnos.tup.edu.ar,A1,Mañana,2026-03-07,TP_01,TP,2026-03-16,2026-03-15,5.5,A TIEMPO
A00614,Ignacio Gonzalez,17,M,ignacio.gonzalez614@alumnos.tup.edu.ar,A2,Mañana,2026-02-27,Parcial_01,Parcial,2026-06-22,2026-07-02,4.3,tarde
A00331,Felipe Rojas,17,Femenino,felipe.rojas331@alumnos.tup.edu.ar,C3,Noche,2026-02-23,TP_01,TP,2026-03-16,,,no entregó
A00236,Valentino Silva,17,F,valentino.silva236@alumnos.tup.edu.ar,C2,Noche,2026-03-05,Parcial_01,Parcial,2026-06-22,,,
A00327,Lucas Herrera,32,M,lucas.herrera327@alumnos.tup.edu.ar,B2,Tarde,2026-02-19,Quiz_02,Quiz,2026-04-27,2026-04-26,7.5,a tiempo
A00085,Lucia Medina,27,F,lucia.medina85@alumnos.tup.edu.ar,C4,Noche,09/03/2026,TP_01,TP,2026-03-16,23/03/2026,6.5,TARDE
A00187,valentina medina,29,F,valentina.medina187@alumnos.tup.edu.ar,A1,Mañana,19/02/2026,TP_03,TP,11/05/2026,,,NO ENTREGO
A00116,Bruno Rojas,17,X,bruno.rojas116@alumnos.tup.edu.ar,B1,Tarde,2026-03-01,Quiz_02,Quiz,2026-04-27,2026-04-27,"8,3",A tiempo
A00341,Nicolas Gonzalez,25,M,nicolas.gonzalez341@alumnos.tup.edu.ar,C4,Noche,2026-02-28,TP_02,TP,2026-04-13,2026-04-16,8.0,Tarde
A00239,gabriel sosa,25,femenino,gabriel.sosa239@alumnos.tup.edu.ar,A1,Mañana,2026-02-15,Parcial_01,Parcial,2026-06-22,2026-06-18,"6,2",A TIEMPO
A00692,Valentino Rojas,27,Femenino,valentino.rojas692@alumnos.tup.edu.ar,C2,Noche,2026-02-26,Quiz_03,Quiz,25/05/2026,,,no entregó
A00332,Lucas Garcia,22,M,lucas.garcia332@@alumnos.tup.edu.ar,A3,Mañana,2026-02-20,Parcial_01,Parcial,2026-06-22,2026-06-19,4.1,a tiempo
A00067,Olivia Luna,18,femenino,olivia.luna67@alumnos.tup.edu.ar,A2,Mañana,2026-02-17,Quiz_02,Quiz,27/04/2026,,,no entregó
A00318,Manuel Diaz,24,F,manuel.diaz318@alumnos.tup.edu.ar,A2,Mañana,2026-02-23,TP_01,TP,2026-03-16,2026-03-11,8.6,A TIEMPO
A00428,Joaquin Torres,34,M,joaquin.torres428@alumnos.tup.edu.ar,B1,Tarde,07/03/2026,Quiz_03,Quiz,2026-05-25,2026-05-21,7.5,a tiempo
A00613,Federico Ortiz,17,F,federico.ortiz613@alumnos.tup.edu.ar,C1,Noche,2026-02-17,Quiz_03,Quiz,25/05/2026,22/05/2026,8.2,A tiempo
A00211,Valentina Garcia,21,Femenino,valentina.garcia211@@alumnos.tup.edu.ar,A1,Mañana,18/02/2026,TP_01,TP,2026-03-16,2026-03-26,5.6,Tarde
A00311,Martina Martinez,22,Femenino,martina.martinez311@alumnos.tup.edu.ar,B1,Tarde,21/02/2026,TP_01,TP,2026-03-16,,,no entregó
A00449,Pilar Martinez,18,M,pilar.martinez449@alumnos.tup.edu.ar,A3,Mañana,2026-03-08,Quiz_03,Quiz,2026-05-25,2026-05-20,6.3,A TIEMPO
A00132,  Pilar Flores ,21,F,pilar.flores132@alumnos.tup.edu.ar,B2,Tarde,2026-03-01,Quiz_02,Quiz,2026-04-27,,,No entrego
A00498,Lucia Sosa,17,X,lucia.sosa498@alumnos.tup.edu.ar,A3,Mañana,2026-03-10,TP_01,TP,2026-03-16,15-03-2026,"7,7",A TIEMPO
A00290,Julieta Suarez,18,M,julieta.suarez290@alumnos.tup.edu.ar,A1,Mañana,24-02-2026,TP_02,TP,13/04/2026,10/04/2026,7.1,A tiempo
A00054,Gabriel Diaz,20,M,gabriel.diaz54@alumnos.tup.edu.ar,B1,TARDE,28-02-2026,Quiz_02,Quiz,2026-04-27,2026-04-25,8.9,a tiempo
A00431,Diego Gonzalez,34,Femenino,diego.gonzalez431@alumnos.tup.edu.ar,A2,Mañana,2026-03-05,TP_01,TP,2026-03-16,19/03/2026,4.1,TARDE
A00633,Olivia Nuñez,20,Masculino,olivia.nuñez633@alumnos.tup.edu.ar,B1,Tarde,16/02/2026,Quiz_03,Quiz,25/05/2026,2026-05-24,9.2,A TIEMPO
A00211,Valentina Garcia,21,Femenino,valentina.garcia211@@alumnos.tup.edu.ar,A1,Mañana,18/02/2026,Parcial_01,Parcial,22/06/2026,,,
A00030,Victoria Romero,17,M,victoria.romero30@alumnos.tup.edu.ar,B2,Tarde,27/02/2026,Quiz_03,Quiz,2026-05-25,2026-05-24,5.1,A TIEMPO
A00372,Santino Acosta,27,F,santino.acosta372@alumnos.tup.edu.ar,C2,Noche,01-03-2026,TP_04,TP,08-06-2026,2026-06-04,"5,5",A TIEMPO
A00252,Emma Rojas,29,M,emma.rojas252@alumnos.tup.edu.ar,C1,Noche,2026-02-16,TP_01,TP,2026-03-16,13/03/2026,"6,7",A tiempo
A00636,Bruno Romero,27,Masculino,bruno.romero636@alumnos.tup.edu.ar,B2,Tarde,2026-02-17,TP_01,TP,16-03-2026,2026-03-13,"10,0",A tiempo
A00529,Bautista Rodriguez,17,F,bautista.rodriguez529@alumnos.tup.edu.ar,A1,Mañana,05-03-2026,Quiz_02,Quiz,27/04/2026,2026-04-24,5.9,a tiempo
A00519,Olivia Acosta,22,M,olivia.acosta519@alumnos.tup.edu.ar,C2,Noche,2026-02-16,Quiz_02,Quiz,2026-04-27,,,no entregó
A00349,Pilar Perez,29,F,,B2,Tarde,2026-03-09,TP_03,TP,2026-05-11,,,No entrego
A00488,Santino Suarez,21,F,santino.suarez488@alumnos.tup.edu.ar,C4,Noche,2026-03-05,TP_04,TP,2026-06-08,2026-06-06,8.0,A tiempo
A00676,mora vega,17,F,mora.vega676@alumnos.tup.edu.ar,C2,Noche,2026-03-02,TP_01,TP,2026-03-16,,,No entrego
A00122,Santino Rojas,23,F,santino.rojas122@alumnos.tup.edu.ar,C3,Noche,2026-02-22,TP_04,TP,2026-06-08,07/06/2026,7.3,A tiempo
A00493,Agustin Ruiz,24,F,agustin.ruiz493@alumnos.tup.edu.ar,C2,Noche,2026-03-04,TP_03,TP,2026-05-11,,,
A00548,Mateo Herrera,21,M,mateo.herrera548@alumnos.tup.edu.ar,C4,Noche,2026-02-17,Quiz_02,Quiz,2026-04-27,,,NO ENTREGO
A00224,Paula Sosa,23,M,paula.sosa224@alumnos.tup.edu.ar,A2,Mañana,2026-02-20,TP_03,TP,11/05/2026,2026-05-06,7.4,a tiempo
A00243,Ignacio Martinez,17,Masculino,ignacio.martinez243@alumnos.tup.edu.ar, c2 ,Noche,03/03/2026,TP_03,TP,2026-05-11,2026-05-06,7.0,a tiempo
A00416,Antonella Medina,26,Femenino,antonella.medina416@alumnos.tup.edu.ar,B2,Tarde,2026-03-06,TP_03,TP,2026-05-11,2026-05-10,7.2,a tiempo
A00113,Manuel Flores,21,Masculino,manuel.flores113@alumnos.tup.edu.ar,B2,Tarde,2026-03-04,Parcial_01,Parcial,22-06-2026,,,no entregó
A00008,Ignacio Silva,17,Femenino,ignacio.silva8@@alumnos.tup.edu.ar,B1,Tarde,2026-02-24,Quiz_03,Quiz,2026-05-25,2026-05-25,"6,3",A tiempo
A00267,Agustin Alvarez,27,M,agustin.alvarez267@alumnos.tup.edu.ar,B2,Tarde,2026-03-03,Quiz_02,Quiz,2026-04-27,26-04-2026,"4,8",A TIEMPO
A00108,Bruno Lopez,23,F,bruno.lopez108@alumnos.tup.edu.ar,A2,Mañana,27-02-2026,Quiz_01,Quiz,2026-03-30,29/03/2026,"7,8",A tiempo
A00543,Pilar Suarez,25,femenino,pilar.suarez543@alumnos.tup.edu.ar,B2,Tarde,2026-02-28,Quiz_01,Quiz,2026-03-30,30-03-2026,5.2,a tiempo
A00075,Mia Gonzalez,23,F,mia.gonzalez75@alumnos.tup.edu.ar,B1,Tarde,2026-03-07,TP_03,TP,11-05-2026,08-05-2026,8.7,a tiempo
A00256,  Mora Aguirre ,17,Masculino,mora.aguirre256@alumnos.tup.edu.ar,B2,Tarde,2026-02-18,Quiz_02,Quiz,2026-04-27,2026-04-27,7.1,A TIEMPO
A00155,Renata Ramirez,23,F,renata.ramirez155@alumnos.tup.edu.ar,A2,Mañana,2026-03-11,Quiz_01,Quiz,2026-03-30,2026-03-29,7.3,A tiempo
A00658,Martina Luna,22,F,martina.luna658@alumnos.tup.edu.ar,C3,Noche,05/03/2026,TP_04,TP,08-06-2026,2026-06-03,"6,3",A TIEMPO
A00033,Florencia Medina,23,M,florencia.medina33@alumnos.tup.edu.ar,B1,Tarde,2026-02-22,TP_04,TP,08-06-2026,,,no entregó
A00305,Renata Sosa,17,M,renata.sosa305@alumnos.tup.edu.ar,C3,Noche,2026-03-04,Quiz_03,Quiz,2026-05-25,26/05/2026,5.3,TARDE
A00531,Catalina Romero,29,F,catalina.romero531@alumnos.tup.edu.ar,B2,Tarde,2026-03-11,Quiz_01,Quiz,30/03/2026,2026-03-28,3.5,A tiempo
A00465,Gabriel Aguirre,23,F,gabriel.aguirre465@alumnos.tup.edu.ar, c4 ,Noche,2026-02-26,Quiz_01,Quiz,2026-03-30,2026-03-28,9.6,A tiempo
A00598,SOFIA CASTRO,18,F,sofia.castro598@alumnos.tup.edu.ar,A2,Mañana,25/02/2026,TP_01,TP,2026-03-16,2026-03-16,5.8,a tiempo
A00532,Maximo Rojas,22,M,maximo.rojas532@alumnos.tup.edu.ar,B2,Tarde,2026-02-26,Quiz_03,Quiz,25/05/2026,2026-06-05,3.7,tarde
A00700,Valentina Benitez,23,Femenino,valentina.benitez700@alumnos.tup.edu.ar,A1,Mañana,2026-03-10,TP_01,TP,2026-03-16,16/03/2026,"8,4",A TIEMPO
A00129,Martina Ramirez,25,F,martina.ramirez129@alumnos.tup.edu.ar,A1,Mañana,2026-02-14,TP_03,TP,11-05-2026,11/05/2026,"6,5",a tiempo
A00215,Mateo Castro,17,F,mateo.castro215@alumnos.tup.edu.ar,C2,Noche,03/03/2026,TP_01,TP,2026-03-16,2026-03-13,"6,9",a tiempo
A00311,Martina Martinez,22,Femenino,martina.martinez311@alumnos.tup.edu.ar,B1,Tarde,2026-02-21,Parcial_01,Parcial,2026-06-22,,,No entrego
A00569,Mora Gonzalez,20,Masculino,mora.gonzalez569@alumnos.tup.edu.ar,A1,Mañana,2026-02-24,Quiz_01,Quiz,30/03/2026,2026-04-08,"4,7",TARDE
A00149,Tomas Garcia,30,F,tomas.garcia149@alumnos.tup.edu.ar,B2,Tarde,24/02/2026,TP_02,TP,2026-04-13,2026-04-12,"8,6",A TIEMPO
A00246,NICOLAS BENITEZ,18,F,nicolas.benitez246@alumnos.tup.edu.ar,C3,Noche,16/02/2026,TP_02,TP,2026-04-13,2026-04-15,4.9,Tarde
A00429,Thiago Perez,22,Femenino,thiago.perez429@alumnos.tup.edu.ar,C4,Noche,11/03/2026,Quiz_03,Quiz,2026-05-25,2026-05-21,9.0,a tiempo
A00164,Felipe Medina,25,F,felipe.medina164@alumnos.tup.edu.ar,C1,Noche,2026-03-08,Quiz_03,Quiz,2026-05-25,,,NO ENTREGO
A00687,Pilar Romero,21,F,pilar.romero687@alumnos.tup.edu.ar,C1,Noche,09-03-2026,Parcial_01,Parcial,22-06-2026,2026-06-18,4.7,A tiempo
A00146,  Camila Gonzalez ,17,F,camila.gonzalez146@alumnos.tup.edu.ar,B2,Tarde,2026-02-27,Quiz_01,Quiz,2026-03-30,28/03/2026,"9,2",a tiempo
A00190,Bruno Benitez,18,F,bruno.benitez190@alumnos.tup.edu.ar,B2,TARDE,11/03/2026,TP_01,TP,2026-03-16,,,no entregó
A00395,Ignacio Castro,17,F,ignacio.castro395@alumnos.tup.edu.ar,A2,Mañana,2026-02-25,TP_01,TP,2026-03-16,2026-03-18,9.0,tarde
A00421,Agustin Luna,22,Masculino,agustin.luna421@alumnos.tup.edu.ar,A2,Mañana,2026-03-08,TP_02,TP,13/04/2026,,,NO ENTREGO
A00105,Agustin Alvarez,20,F,agustin.alvarez105@alumnos.tup.edu.ar,A2,Mañana,2026-03-04,TP_03,TP,2026-05-11,,,No entrego
A00288,Lucas Acosta,26,F,lucas.acosta288@alumnos.tup.edu.ar,B1,Tarde,2026-03-05,TP_03,TP,2026-05-11,08/05/2026,6.7,A TIEMPO
A00116,Bruno Rojas,17,X,bruno.rojas116@alumnos.tup.edu.ar,B1,Tarde,2026-03-01,TP_02,TP,2026-04-13,2026-04-12,5.9,A tiempo
A00670,Julieta Sanchez,18,M,julieta.sanchez670@@alumnos.tup.edu.ar,A3,Mañana,2026-02-23,TP_04,TP,08/06/2026,18-06-2026,2.8,Tarde
A00152,Maximo Flores,25,Masculino,maximo.flores152@alumnos.tup.edu.ar,C4,Noche,2026-02-16,Parcial_01,Parcial,22/06/2026,,,
A00499,Bruno Vega,21,M,bruno.vega499@alumnos.tup.edu.ar,B1,Tarde,2026-02-28,TP_02,TP,2026-04-13,09-04-2026,5.8,a tiempo
A00381,Sofia Torres,21,F,sofia.torres381@alumnos.tup.edu.ar,A3,Mañana,2026-03-10,TP_04,TP,2026-06-08,2026-06-04,7.8,A tiempo
A00599,Federico Fernandez,17,X,federico.fernandez599@alumnos.tup.edu.ar,B2,Tarde,2026-02-15,TP_03,TP,2026-05-11,2026-05-06,"5,9",A TIEMPO
A00310,Guadalupe Ortiz,21,M,guadalupe.ortiz310@alumnos.tup.edu.ar,B2,Tarde,2026-02-25,Quiz_03,Quiz,25/05/2026,,,
A00203,Gabriel Molina,20,Femenino,gabriel.molina203@alumnos.tup.edu.ar,B2,Tarde,17/02/2026,Quiz_01,Quiz,2026-03-30,,,no entregó
A00364,Valentino Medina,22,M,valentino.medina364@alumnos.tup.edu.ar,B2,Tarde,2026-02-28,Quiz_03,Quiz,2026-05-25,2026-05-24,7.3,A tiempo
A00273,Bautista Gonzalez,17,M,bautista.gonzalez273@alumnos.tup.edu.ar,C3,Noche,10/03/2026,TP_02,TP,2026-04-13,2026-04-12,"6,5",a tiempo
A00124,Felipe Rojas,24,M,felipe.rojas124@alumnos.tup.edu.ar,B2,Tarde,2026-02-21,Quiz_02,Quiz,2026-04-27,2026-04-27,"5,5",a tiempo
A00249,Agustin Torres,21,F,agustin.torres249@alumnos.tup.edu.ar,C1,Noche,2026-02-16,Parcial_01,Parcial,2026-06-22,2026-06-17,9.0,A TIEMPO
A00562,BRUNO FERNANDEZ,21,F,bruno.fernandez562@alumnos.tup.edu.ar,B2,Tarde,2026-02-22,TP_01,TP,2026-03-16,2026-03-16,"6,8",A TIEMPO
A00189,Felipe Ruiz,23,M,,B1,Tarde,26-02-2026,Quiz_02,Quiz,2026-04-27,28/04/2026,7.2,TARDE
A00504,Tomas Ruiz,22,M,tomas.ruiz504@alumnos.tup.edu.ar,A1,Mañana,23/02/2026,Parcial_01,Parcial,22-06-2026,2026-06-20,7.2,A tiempo
A00077,Diego Garcia,21,X,diego.garcia77@alumnos.tup.edu.ar,B2,TARDE,2026-03-11,Parcial_01,Parcial,2026-06-22,2026-06-19,6.8,A TIEMPO
A00075,Mia Gonzalez,23,F,mia.gonzalez75@alumnos.tup.edu.ar,B1,Tarde,2026-03-07,Quiz_03,Quiz,25/05/2026,24/05/2026,9.2,A tiempo
A00295,Lucas Medina,20,Femenino,lucas.medina295@alumnos.tup.edu.ar,B1,Tarde,2026-02-18,Quiz_02,Quiz,27/04/2026,,,No entrego
A00609,Lautaro Romero,23,Masculino,lautaro.romero609@alumnos.tup.edu.ar, b1 ,Tarde,2026-02-24,Quiz_01,Quiz,2026-03-30,2026-03-26,6.1,A TIEMPO
A00695,Federico Cabrera,22,Femenino,federico.cabrera695@alumnos.tup.edu.ar,B2,Tarde,2026-03-11,Quiz_02,Quiz,2026-04-27,2026-04-23,5.4,A tiempo
A00242,Mora Ortiz,17,F,mora.ortiz242@alumnos.tup.edu.ar,B2,Tarde,2026-02-27,TP_01,TP,2026-03-16,2026-03-12,6.9,A tiempo
A00294,Ignacio Suarez,23,F,ignacio.suarez294@alumnos.tup.edu.ar,C2,Noche,26-02-2026,TP_03,TP,2026-05-11,,,No entrego
A00496,Valentina Silva,23,M,valentina.silva496@alumnos.tup.edu.ar,C1,Noche,2026-02-24,TP_01,TP,2026-03-16,2026-03-14,8.7,a tiempo
A00110,Diego Sosa,23,M,diego.sosa110@alumnos.tup.edu.ar,B2,Tarde,16/02/2026,TP_02,TP,2026-04-13,2026-04-13,7.3,a tiempo
A00583,Mia Diaz,21,F,mia.diaz583@alumnos.tup.edu.ar,B1,Tarde,01/03/2026,Quiz_01,Quiz,2026-03-30,2026-04-03,8.5,tarde
A00374,Mora Ruiz,20,F,mora.ruiz374@alumnos.tup.edu.ar,A2,Mañana,2026-03-04,TP_04,TP,2026-06-08,,,no entregó
A00299,Paula Diaz,22,F,paula.diaz299@alumnos.tup.edu.ar,C1,Noche,26/02/2026,Parcial_01,Parcial,2026-06-22,19/06/2026,4.1,A tiempo
A00028,nicolas torres,23,M,nicolas.torres28@alumnos.tup.edu.ar,A2,Mañana,17-02-2026,TP_02,TP,2026-04-13,2026-04-12,5.8,A tiempo
A00137,Gabriel Lopez,17,Femenino,gabriel.lopez137@alumnos.tup.edu.ar,A2,Mañana,09/03/2026,TP_01,TP,16-03-2026,16-03-2026,5.4,a tiempo
A00424,Olivia Aguirre,22,Femenino,olivia.aguirre424@alumnos.tup.edu.ar,C4,Noche,24/02/2026,Parcial_01,Parcial,22/06/2026,2026-06-18,6.6,a tiempo
A00564,Diego Ruiz,19,F,diego.ruiz564@alumnos.tup.edu.ar,B1,Tarde,08/03/2026,Quiz_01,Quiz,2026-03-30,2026-03-26,"5,8",A TIEMPO
A00343,Lucia Ramirez,18,M,lucia.ramirez343@alumnos.tup.edu.ar,B2,Tarde,03-03-2026,TP_03,TP,2026-05-11,2026-05-09,3.4,A tiempo
A00598,SOFIA CASTRO,18,F,sofia.castro598@alumnos.tup.edu.ar,A2,Mañana,2026-02-25,TP_02,TP,2026-04-13,,,no entregó
A00449,Pilar Martinez,18,M,pilar.martinez449@alumnos.tup.edu.ar,A3,Mañana,2026-03-08,TP_03,TP,2026-05-11,2026-05-14,4.5,tarde
A00137,Gabriel Lopez,17,Femenino,gabriel.lopez137@alumnos.tup.edu.ar,A2,Mañana,09/03/2026,TP_04,TP,2026-06-08,,,no entregó
A00148,Julieta Romero,27,F,julieta.romero148@alumnos.tup.edu.ar,B2,Tarde,20/02/2026,TP_01,TP,2026-03-16,15/03/2026,9.4,A tiempo
A00382,Olivia Diaz,18,M,olivia.diaz382@alumnos.tup.edu.ar,B1,Tarde,07/03/2026,TP_02,TP,2026-04-13,,,No entrego
A00324,mora lopez,18,M,mora.lopez324@alumnos.tup.edu.ar,B1,Tarde,2026-03-09,Parcial_01,Parcial,2026-06-22,2026-06-20,10.0,A TIEMPO
A00033,Florencia Medina,23,M,florencia.medina33@alumnos.tup.edu.ar,B1,Tarde,2026-02-22,TP_01,TP,2026-03-16,2026-03-12,4.2,a tiempo
A00168,Lucas Perez,17,M,lucas.perez168@alumnos.tup.edu.ar,B1,Tarde,06/03/2026,Quiz_03,Quiz,2026-05-25,2026-05-25,6.7,A tiempo
A00433,Agustin Lopez,17,F,agustin.lopez433@alumnos.tup.edu.ar,B2,Tarde,2026-03-01,Quiz_03,Quiz,25/05/2026,2026-05-21,4.8,A TIEMPO
A00410,Victoria Molina,17,M,victoria.molina410@alumnos.tup.edu.ar,A3,Mañana,2026-02-23,TP_01,TP,16/03/2026,11/03/2026,7.0,a tiempo
A00511,bautista castro,22,femenino,bautista.castro511@alumnos.tup.edu.ar,B1,Tarde,2026-03-07,TP_03,TP,2026-05-11,2026-05-08,8.5,a tiempo
A00278,Mateo Alvarez,12,M,mateo.alvarez278@alumnos.tup.edu.ar,A3,Mañana,22-02-2026,Quiz_03,Quiz,2026-05-25,20-05-2026,6.0,a tiempo
A00558,Antonella Martinez,19,F,antonella.martinez558@alumnos.tup.edu.ar,A2,Mañana,2026-03-10,Quiz_01,Quiz,2026-03-30,,,NO ENTREGO
A00163,Isabella Nuñez,22,M,isabella.nuñez163@alumnos.tup.edu.ar,C4,Noche,2026-02-24,TP_03,TP,2026-05-11,,,NO ENTREGO
A00653,Agustin Vega,22,M,agustin.vega653@alumnos.tup.edu.ar, a1 ,Mañana,2026-03-10,TP_04,TP,2026-06-08,,,
A00549,Mateo Rodriguez,20,M,mateo.rodriguez549@alumnos.tup.edu.ar,A3,Mañana,2026-02-19,Quiz_03,Quiz,2026-05-25,24/05/2026,7.6,A TIEMPO
A00616,Martina Garcia,35,F,martina.garcia616@alumnos.tup.edu.ar,B1,TARDE,22-02-2026,Parcial_01,Parcial,2026-06-22,17-06-2026,7.0,a tiempo
A00198,Nicolas Benitez,17,F,nicolas.benitez198@alumnos.tup.edu.ar,C2,Noche,2026-02-16,Quiz_03,Quiz,2026-05-25,2026-05-23,5.8,A TIEMPO
A00349,Pilar Perez,29,F,,B2,Tarde,09-03-2026,Parcial_01,Parcial,2026-06-22,,,NO ENTREGO
A00452,Guadalupe Flores,29,M,guadalupe.flores452@alumnos.tup.edu.ar,A3,Mañana,2026-02-28,Quiz_02,Quiz,27-04-2026,24/04/2026,6.7,A TIEMPO
A00481,Mateo Rodriguez,20,femenino,mateo.rodriguez481@alumnos.tup.edu.ar,A2,Mañana,21/02/2026,TP_04,TP,08-06-2026,2026-06-03,6.8,A tiempo
A00250,MAXIMO TORRES,20,Masculino,maximo.torres250@alumnos.tup.edu.ar,A3,Mañana,23/02/2026,Quiz_02,Quiz,27/04/2026,2026-04-27,3.6,A TIEMPO
A00249,Agustin Torres,21,F,agustin.torres249@alumnos.tup.edu.ar,C1,Noche,2026-02-16,TP_04,TP,2026-06-08,2026-06-05,5.3,A TIEMPO
A00065,Federico Medina,20,M,federico.medina65@alumnos.tup.edu.ar,A2,Mañana,2026-03-07,TP_04,TP,2026-06-08,2026-06-08,7.3,A TIEMPO
A00031,Federico Ruiz,21,Femenino,federico.ruiz31@alumnos.tup.edu.ar,C1,Noche,2026-02-27,TP_03,TP,11-05-2026,2026-05-06,6.1,A TIEMPO
A00100,Camila Ramirez,24,Femenino,camila.ramirez100@alumnos.tup.edu.ar,B2,Tarde,03-03-2026,Quiz_03,Quiz,25/05/2026,2026-06-04,8.5,Tarde
A00320,Camila Cabrera,19,Masculino,camila.cabrera320@alumnos.tup.edu.ar,A1,Mañana,2026-02-20,Quiz_01,Quiz,2026-03-30,2026-04-03,5.1,tarde
A00351,Manuel Cabrera,17,Masculino,manuel.cabrera351@alumnos.tup.edu.ar, c3 ,NOCHE,02/03/2026,Quiz_01,Quiz,2026-03-30,,,No entrego
A00513,Agustin Garcia,19,F,agustin.garcia513@alumnos.tup.edu.ar,B1,Tarde,2026-02-17,TP_04,TP,2026-06-08,,,
A00191,Antonella Silva,24,Masculino,antonella.silva191@alumnos.tup.edu.ar,A3,Mañana,2026-02-26,Quiz_03,Quiz,2026-05-25,22/05/2026,6.3,A tiempo
A00500,Valentina Cabrera,18,M,valentina.cabrera500@alumnos.tup.edu.ar,A2,Mañana,14-02-2026,TP_02,TP,2026-04-13,2026-04-09,5.5,a tiempo
A00441,Mia Acosta,23,Masculino,mia.acosta441@alumnos.tup.edu.ar,B1,Tarde,2026-02-15,TP_01,TP,2026-03-16,2026-03-12,4.8,A tiempo
A00326,Sofia Sosa,17,M,sofia.sosa326@alumnos.tup.edu.ar,C2,Noche,2026-03-01,TP_04,TP,2026-06-08,06/06/2026,5.7,a tiempo
A00058,DELFINA RAMIREZ,19,F,delfina.ramirez58@alumnos.tup.edu.ar,B2,Tarde,2026-02-27,Quiz_02,Quiz,2026-04-27,2026-04-25,"5,0",A tiempo
A00458,Paula Castro,28,X,paula.castro458@alumnos.tup.edu.ar,A2,Mañana,2026-03-03,Quiz_01,Quiz,2026-03-30,,,NO ENTREGO
A00165,Isabella Castro,18,Femenino,isabella.castro165@alumnos.tup.edu.ar,B2,Tarde,2026-03-09,TP_01,TP,2026-03-16,23/03/2026,5.9,TARDE
A00559,Felipe Flores,28,F,felipe.flores559@alumnos.tup.edu.ar,C4,Noche,2026-03-01,TP_03,TP,2026-05-11,10-05-2026,8.6,a tiempo
A00373,Joaquin Rodriguez,24,M,joaquin.rodriguez373@alumnos.tup.edu.ar,B2,Tarde,2026-03-09,Parcial_01,Parcial,22/06/2026,2026-06-21,5.8,A tiempo
A00686,Lucas Luna,20,F,lucas.luna686@alumnos.tup.edu.ar,C4,Noche,2026-02-17,TP_02,TP,13/04/2026,2026-04-11,7.1,A TIEMPO
A00547,Agustin Rodriguez,27,M,agustin.rodriguez547@alumnos.tup.edu.ar,C3,NOCHE,2026-02-14,Quiz_02,Quiz,27/04/2026,2026-05-02,"5,3",TARDE
A00420,Valentina Vega,19,Masculino,valentina.vega420@alumnos.tup.edu.ar,C1,Noche,2026-02-21,Parcial_01,Parcial,2026-06-22,2026-06-28,4.9,Tarde
A00457,Antonella Ruiz,20,X,antonella.ruiz457@alumnos.tup.edu.ar,B2,TARDE,2026-03-03,TP_01,TP,2026-03-16,18/03/2026,5.2,tarde
A00265,PILAR RUIZ,23,Femenino,pilar.ruiz265@alumnos.tup.edu.ar,C4,Noche,2026-02-17,Quiz_01,Quiz,2026-03-30,2026-03-25,6.8,A tiempo
A00642,Pilar Vega,26,Femenino,pilar.vega642@alumnos.tup.edu.ar,C3,Noche,2026-02-22,Quiz_03,Quiz,2026-05-25,22-05-2026,8.2,A tiempo
A00107,Federico Suarez,27,F,federico.suarez107@alumnos.tup.edu.ar,C4,Noche,2026-03-08,Quiz_01,Quiz,2026-03-30,2026-03-30,6.4,A tiempo
A00031,Federico Ruiz,21,Femenino,federico.ruiz31@alumnos.tup.edu.ar,C1,Noche,2026-02-27,Quiz_01,Quiz,2026-03-30,2026-03-29,"6,8",A tiempo
A00347,Santino Molina,19,M,santino.molina347@alumnos.tup.edu.ar,C3,Noche,2026-02-18,TP_01,TP,16/03/2026,,,NO ENTREGO
A00559,Felipe Flores,28,F,felipe.flores559@alumnos.tup.edu.ar,C4,Noche,01/03/2026,Parcial_01,Parcial,2026-06-22,18-06-2026,8.3,A TIEMPO
A00280,Julieta Benitez,29,F,julieta.benitez280@alumnos.tup.edu.ar,C2,NOCHE,03-03-2026,Quiz_01,Quiz,2026-03-30,2026-04-02,5.9,Tarde
A00189,Felipe Ruiz,23,M,,B1,Tarde,26/02/2026,TP_02,TP,2026-04-13,2026-04-20,4.0,tarde
A00136,Lautaro Ramirez,24,F,lautaro.ramirez136@alumnos.tup.edu.ar,B1,Tarde,04-03-2026,Quiz_01,Quiz,2026-03-30,2026-03-25,6.8,a tiempo
A00206,Bautista Medina,17,M,bautista.medina206@alumnos.tup.edu.ar,B2,Tarde,2026-03-05,TP_02,TP,13/04/2026,,,
A00490,  Emma Alvarez ,22,M,emma.alvarez490@alumnos.tup.edu.ar,B1,Tarde,2026-02-14,Quiz_03,Quiz,2026-05-25,,,No entrego
A00169,Florencia Ortiz,24,F,florencia.ortiz169@alumnos.tup.edu.ar, c1 ,Noche,2026-02-27,TP_03,TP,2026-05-11,2026-05-07,"4,2",A tiempo
A00354,Felipe Garcia,19,F,felipe.garcia354@alumnos.tup.edu.ar,B2,Tarde,04/03/2026,Quiz_02,Quiz,2026-04-27,22/04/2026,4.7,a tiempo
A00570,VALENTINO BENITEZ,19,Masculino,valentino.benitez570@alumnos.tup.edu.ar,A2,Mañana,2026-02-25,Parcial_01,Parcial,22/06/2026,2026-06-27,9.1,Tarde
A00161,Manuel Nuñez,21,F,manuel.nuñez161@alumnos.tup.edu.ar,C3,Noche,25/02/2026,TP_02,TP,2026-04-13,11/04/2026,"6,5",A tiempo
A00446,Federico Gonzalez,22,Masculino,federico.gonzalez446@alumnos.tup.edu.ar,A1,Mañana,2026-03-04,TP_01,TP,2026-03-16,14/03/2026,7.8,A TIEMPO
A00552,Thiago Garcia,26,Masculino,thiago.garcia552@alumnos.tup.edu.ar,A1,Mañana,2026-03-08,Parcial_01,Parcial,2026-06-22,2026-06-22,"7,1",A tiempo
A00559,Felipe Flores,28,F,felipe.flores559@alumnos.tup.edu.ar,C4,Noche,2026-03-01,Quiz_03,Quiz,2026-05-25,2026-05-22,7.9,A TIEMPO
A00650,Pilar Garcia,17,M,pilar.garcia650@alumnos.tup.edu.ar, c3 ,Noche,2026-02-18,TP_02,TP,2026-04-13,2026-04-20,5.5,Tarde
A00118,Federico Aguirre,25,M,federico.aguirre118@alumnos.tup.edu.ar,C2,Noche,2026-03-08,Quiz_02,Quiz,2026-04-27,2026-04-25,6.3,A TIEMPO
A00184,Florencia Diaz,20,F,florencia.diaz184@alumnos.tup.edu.ar,A3,Mañana,2026-03-10,Quiz_02,Quiz,2026-04-27,2026-04-25,7.7,A TIEMPO
A00288,Lucas Acosta,26,F,lucas.acosta288@alumnos.tup.edu.ar,B1,Tarde,05/03/2026,TP_01,TP,2026-03-16,2026-03-13,7.8,A tiempo
A00437,Mia Gonzalez,29,F,mia.gonzalez437@alumnos.tup.edu.ar,C3,NOCHE,2026-03-11,Parcial_01,Parcial,2026-06-22,2026-06-17,6.5,A TIEMPO
A00447,felipe luna,21,F,felipe.luna447@alumnos.tup.edu.ar,C4,Noche,2026-03-04,Quiz_01,Quiz,2026-03-30,25/03/2026,5.8,A TIEMPO
A00158,Nicolas Torres,26,M,nicolas.torres158@alumnos.tup.edu.ar,C2,Noche,2026-02-17,TP_04,TP,2026-06-08,2026-06-08,8.1,a tiempo
A00015,Guadalupe Lopez,17,F,guadalupe.lopez15@alumnos.tup.edu.ar,C1,Noche,19/02/2026,Quiz_02,Quiz,27/04/2026,2026-04-26,"8,0",a tiempo
A00262,Joaquin Aguirre,23,Masculino,joaquin.aguirre262@alumnos.tup.edu.ar,C1,Noche,2026-03-01,TP_02,TP,13/04/2026,,,NO ENTREGO
A00437,Mia Gonzalez,29,F,mia.gonzalez437@alumnos.tup.edu.ar,C3,NOCHE,11-03-2026,Quiz_01,Quiz,2026-03-30,,,No entrego
A00367,Antonella Vega,26,Masculino,antonella.vega367@alumnos.tup.edu.ar,C2,NOCHE,2026-02-18,Quiz_03,Quiz,25-05-2026,2026-05-25,6.8,a tiempo
A00319,julieta silva,19,F,julieta.silva319@alumnos.tup.edu.ar,C3,Noche,2026-03-05,Quiz_03,Quiz,2026-05-25,21/05/2026,4.3,a tiempo
A00363,Lucas Molina,17,Femenino,lucas.molina363@alumnos.tup.edu.ar,B1,Tarde,2026-02-14,TP_01,TP,2026-03-16,2026-03-15,6.4,A TIEMPO
A00224,Paula Sosa,23,M,paula.sosa224@alumnos.tup.edu.ar,A2,Mañana,2026-02-20,TP_02,TP,2026-04-13,10-04-2026,"3,5",A TIEMPO
A00487,Renata Herrera,17,F,renata.herrera487@alumnos.tup.edu.ar,C3,Noche,2026-02-15,Quiz_03,Quiz,2026-05-25,,,No entrego
A00581,Catalina Martinez,17,F,catalina.martinez581@alumnos.tup.edu.ar,B2,Tarde,2026-02-24,Quiz_01,Quiz,30/03/2026,,,NO ENTREGO
A00152,Maximo Flores,25,Masculino,maximo.flores152@alumnos.tup.edu.ar,C4,Noche,2026-02-16,TP_03,TP,2026-05-11,2026-05-08,6.9,a tiempo
A00297,Felipe Castro,27,F,felipe.castro297@alumnos.tup.edu.ar,B2,Tarde,2026-02-25,TP_04,TP,08-06-2026,2026-06-06,6.2,A TIEMPO
A00011,lucia medina,23,M,lucia.medina11@alumnos.tup.edu.ar,C1,Noche,2026-03-04,TP_01,TP,2026-03-16,2026-03-26,6.2,Tarde
A00079,Paula Luna,30,F,paula.luna79@alumnos.tup.edu.ar,A1,Mañana,2026-03-06,Quiz_01,Quiz,30/03/2026,2026-03-28,8.7,a tiempo
A00101,Ignacio Perez,17,F,ignacio.perez101@alumnos.tup.edu.ar,B1,Tarde,2026-02-24,Parcial_01,Parcial,2026-06-22,,,No entrego
A00567,BRUNO SANCHEZ,23,F,bruno.sanchez567@alumnos.tup.edu.ar,A1,Mañana,25/02/2026,Quiz_03,Quiz,2026-05-25,,,
A00116,Bruno Rojas,17,X,bruno.rojas116@alumnos.tup.edu.ar,B1,Tarde,01-03-2026,TP_04,TP,08/06/2026,03/06/2026,5.7,a tiempo
A00206,Bautista Medina,17,M,bautista.medina206@alumnos.tup.edu.ar,B2,Tarde,2026-03-05,TP_01,TP,2026-03-16,11/03/2026,7.9,A TIEMPO
A00525,Nicolas Castro,19,Masculino,nicolas.castro525@alumnos.tup.edu.ar,A2,Mañana,2026-03-10,TP_03,TP,2026-05-11,,,no entregó
A00331,Felipe Rojas,17,Femenino,felipe.rojas331@alumnos.tup.edu.ar,C3,Noche,2026-02-23,Quiz_02,Quiz,27/04/2026,,,
A00049,Gabriel Diaz,24,F,gabriel.diaz49@alumnos.tup.edu.ar,C4,Noche,2026-02-26,TP_04,TP,2026-06-08,,,
A00551,gabriel diaz,26,M,gabriel.diaz551@alumnos.tup.edu.ar,C2,Noche,2026-02-22,TP_04,TP,2026-06-08,2026-06-07,8.6,a tiempo
A00177,Tomas Martinez,22,Femenino,tomas.martinez177@alumnos.tup.edu.ar,C3,Noche,2026-02-22,Quiz_02,Quiz,2026-04-27,2026-04-24,"7,4",A tiempo
A00526,Valentina Suarez,17,femenino,valentina.suarez526@@alumnos.tup.edu.ar,B1,Tarde,2026-02-16,TP_02,TP,13/04/2026,12/04/2026,4.0,A TIEMPO
A00240,Felipe Silva,23,Femenino,felipe.silva240@alumnos.tup.edu.ar,C2,Noche,07-03-2026,TP_03,TP,2026-05-11,10-05-2026,7.9,A tiempo
A00635,Mora Flores,22,Femenino,mora.flores635@alumnos.tup.edu.ar,A3,Mañana,24/02/2026,Parcial_01,Parcial,2026-06-22,21/06/2026,5.3,a tiempo
A00539,Olivia Sosa,21,F,olivia.sosa539@alumnos.tup.edu.ar,B1,Tarde,2026-03-01,Parcial_01,Parcial,2026-06-22,,,No entrego
A00412,Mora Aguirre,25,M,mora.aguirre412@alumnos.tup.edu.ar,A1,MAÑANA,14/02/2026,Parcial_01,Parcial,22/06/2026,,,
A00345,Lucia Castro,20,F,lucia.castro345@alumnos.tup.edu.ar,C4,Noche,07/03/2026,TP_04,TP,2026-06-08,,,No entrego
A00306,Ignacio Gonzalez,19,Masculino,ignacio.gonzalez306@alumnos.tup.edu.ar,A3,Mañana,2026-02-17,Quiz_01,Quiz,2026-03-30,,,no entregó
A00568,  Catalina Molina ,27,Femenino,catalina.molina568@alumnos.tup.edu.ar,C2,Noche,2026-03-06,TP_03,TP,11/05/2026,2026-05-08,5.9,a tiempo
A00191,Antonella Silva,24,Masculino,antonella.silva191@alumnos.tup.edu.ar,A3,Mañana,2026-02-26,Quiz_01,Quiz,2026-03-30,2026-03-27,8.9,A tiempo
A00444,  Bautista Benitez ,17,M,bautista.benitez444@alumnos.tup.edu.ar, b1 ,Tarde,2026-03-09,Quiz_01,Quiz,2026-03-30,2026-03-28,6.5,A tiempo
A00406,Diego Fernandez,17,M,diego.fernandez406@alumnos.tup.edu.ar,C3,Noche,01/03/2026,Quiz_02,Quiz,2026-04-27,23/04/2026,6.1,A tiempo
A00563,Victoria Flores,22,F,victoria.flores563@alumnos.tup.edu.ar,B2,Tarde,24/02/2026,Quiz_03,Quiz,2026-05-25,2026-05-20,6.9,A tiempo
A00100,Camila Ramirez,24,Femenino,camila.ramirez100@alumnos.tup.edu.ar,B2,Tarde,03/03/2026,TP_02,TP,2026-04-13,2026-04-13,5.6,a tiempo
A00130,  Benjamin Rojas ,31,M,benjamin.rojas130@alumnos.tup.edu.ar,C1,Noche,2026-02-18,TP_02,TP,2026-04-13,2026-04-10,8.1,a tiempo
A00578,ANTONELLA ORTIZ,5,F,antonella.ortiz578@alumnos.tup.edu.ar,A2,Mañana,2026-03-06,TP_01,TP,2026-03-16,2026-03-15,4.8,A tiempo
A00599,Federico Fernandez,17,X,federico.fernandez599@alumnos.tup.edu.ar,B2,Tarde,2026-02-15,Quiz_01,Quiz,30-03-2026,2026-03-25,7.3,a tiempo
A00394,Valentino Suarez,18,femenino,valentino.suarez394@alumnos.tup.edu.ar, c2 ,Noche,2026-03-01,TP_03,TP,2026-05-11,08/05/2026,5.8,a tiempo
A00671,Agustin Cabrera,23,Masculino,agustin.cabrera671@alumnos.tup.edu.ar,B1,Tarde,2026-02-24,Quiz_03,Quiz,2026-05-25,,,No entrego
A00602,Renata Perez,23,M,renata.perez602@alumnos.tup.edu.ar,C2,Noche,2026-03-05,Quiz_02,Quiz,2026-04-27,2026-04-27,4.8,a tiempo
A00080,Lautaro Herrera,26,M,lautaro.herrera80@alumnos.tup.edu.ar,C2,Noche,2026-02-19,Quiz_01,Quiz,2026-03-30,,,NO ENTREGO
A00696,  Joaquin Sosa ,22,M,joaquin.sosa696@alumnos.tup.edu.ar, c2 ,Noche,2026-02-22,Quiz_02,Quiz,2026-04-27,,,NO ENTREGO
A00441,Mia Acosta,23,Masculino,mia.acosta441@alumnos.tup.edu.ar,B1,Tarde,2026-02-15,TP_03,TP,11/05/2026,2026-05-13,5.1,Tarde
A00016,Benjamin Torres,19,M,benjamin.torres16@alumnos.tup.edu.ar,C1,Noche,08/03/2026,Quiz_03,Quiz,2026-05-25,23/05/2026,4.9,A tiempo
A00433,Agustin Lopez,17,F,agustin.lopez433@alumnos.tup.edu.ar,B2,Tarde,2026-03-01,TP_04,TP,2026-06-08,,,NO ENTREGO
A00002,Mora Nuñez,24,F,mora.nuñez2@alumnos.tup.edu.ar,B2,Tarde,2026-02-25,TP_04,TP,2026-06-08,2026-06-08,4.0,a tiempo
A00624,Florencia Castro,24,Masculino,florencia.castro624@alumnos.tup.edu.ar,A2,Mañana,08/03/2026,TP_01,TP,16/03/2026,14/03/2026,6.5,A tiempo
A00243,Ignacio Martinez,17,Masculino,ignacio.martinez243@alumnos.tup.edu.ar, c2 ,Noche,2026-03-03,TP_02,TP,2026-04-13,,,
A00224,Paula Sosa,23,M,paula.sosa224@alumnos.tup.edu.ar,A2,Mañana,20/02/2026,TP_01,TP,2026-03-16,2026-03-15,3.5,a tiempo
A00197,  Valentina Ramirez ,23,M,valentina.ramirez197@alumnos.tup.edu.ar,A1,Mañana,2026-02-27,TP_04,TP,2026-06-08,2026-06-06,6.8,A tiempo
A00497,Martina Ramirez,17,F,martina.ramirez497@alumnos.tup.edu.ar,A2,Mañana,20/02/2026,TP_02,TP,13-04-2026,10/04/2026,"8,3",A TIEMPO
A00496,Valentina Silva,23,M,valentina.silva496@alumnos.tup.edu.ar,C1,Noche,2026-02-24,Parcial_01,Parcial,22-06-2026,,,
A00023,Thiago Garcia,17,F,thiago.garcia23@alumnos.tup.edu.ar,A2,Mañana,2026-03-04,TP_04,TP,2026-06-08,,,No entrego
A00555,Felipe Vega,19,M,felipe.vega555@alumnos.tup.edu.ar,A2,Mañana,2026-02-16,TP_03,TP,2026-05-11,2026-05-06,8.0,A tiempo
A00491,Felipe Sanchez,28,M,felipe.sanchez491@alumnos.tup.edu.ar,C2,NOCHE,2026-02-17,TP_03,TP,2026-05-11,2026-05-09,5.9,A TIEMPO
A00213,Bautista Acosta,35,Masculino,bautista.acosta213@alumnos.tup.edu.ar,C3,Noche,2026-03-06,TP_02,TP,13-04-2026,2026-04-11,7.2,a tiempo
A00140,Felipe Acosta,18,M,felipe.acosta140@alumnos.tup.edu.ar,A1,Mañana,11/03/2026,TP_03,TP,2026-05-11,2026-05-08,8.6,a tiempo
A00365,Felipe Martinez,20,Femenino,felipe.martinez365@alumnos.tup.edu.ar,B2,Tarde,2026-03-09,Quiz_03,Quiz,2026-05-25,,,NO ENTREGO
A00511,bautista castro,22,femenino,bautista.castro511@alumnos.tup.edu.ar,B1,Tarde,2026-03-07,Parcial_01,Parcial,22/06/2026,02/07/2026,7.9,TARDE
A00201,Olivia Suarez,21,M,olivia.suarez201@alumnos.tup.edu.ar,B2,Tarde,2026-02-15,TP_01,TP,16/03/2026,2026-03-13,"8,5",a tiempo
A00649,Martina Lopez,17,M,martina.lopez649@alumnos.tup.edu.ar,C2,Noche,2026-02-17,TP_01,TP,2026-03-16,2026-03-15,"8,1",A tiempo
A00177,Tomas Martinez,22,Femenino,tomas.martinez177@alumnos.tup.edu.ar,C3,Noche,2026-02-22,TP_02,TP,13-04-2026,08-04-2026,5.6,a tiempo
A00423,Sofia Romero,21,Masculino,sofia.romero423@alumnos.tup.edu.ar,B1,Tarde,10-03-2026,Quiz_03,Quiz,25-05-2026,,,NO ENTREGO
A00693,Pilar Romero,19,M,pilar.romero693@alumnos.tup.edu.ar,B1,Tarde,2026-02-24,TP_01,TP,2026-03-16,16-03-2026,9.0,A TIEMPO
A00348,Sofia Herrera,17,X,sofia.herrera348@alumnos.tup.edu.ar,B1,Tarde,26/02/2026,Quiz_01,Quiz,30/03/2026,2026-03-30,7.1,A tiempo
A00515,  Valentino Diaz ,22,F,valentino.diaz515@alumnos.tup.edu.ar,C4,Noche,23/02/2026,TP_02,TP,2026-04-13,13/04/2026,6.6,A tiempo
A00443,Florencia Gonzalez,23,Femenino,florencia.gonzalez443@alumnos.tup.edu.ar,C4,Noche,2026-03-05,Quiz_01,Quiz,2026-03-30,2026-03-25,8.0,A TIEMPO
A00411,Martina Rodriguez,18,M,martina.rodriguez411@alumnos.tup.edu.ar,C1,Noche,2026-02-21,Quiz_02,Quiz,2026-04-27,2026-04-30,2.7,TARDE
A00642,Pilar Vega,26,Femenino,pilar.vega642@alumnos.tup.edu.ar,C3,Noche,2026-02-22,Parcial_01,Parcial,22/06/2026,18-06-2026,10.0,A TIEMPO
A00361,Agustin Martinez,23,femenino,agustin.martinez361@alumnos.tup.edu.ar,B2,Tarde,2026-03-06,TP_02,TP,2026-04-13,08/04/2026,8.6,a tiempo
A00289,Lucas Alvarez,23,M,lucas.alvarez289@alumnos.tup.edu.ar,A1,Mañana,05-03-2026,Quiz_03,Quiz,2026-05-25,,,no entregó
A00591,Lucia Sanchez,17,F,lucia.sanchez591@alumnos.tup.edu.ar,C1,Noche,04-03-2026,Quiz_03,Quiz,2026-05-25,,,
A00097,Maximo Diaz,27,M,maximo.diaz97@alumnos.tup.edu.ar,C3,Noche,2026-03-07,TP_03,TP,2026-05-11,2026-05-09,6.6,A tiempo
A00544,Nicolas Suarez,29,F,nicolas.suarez544@alumnos.tup.edu.ar,A1,Mañana,22/02/2026,Parcial_01,Parcial,22-06-2026,2026-06-20,7.0,A TIEMPO
A00418,FLORENCIA FERNANDEZ,18,Masculino,florencia.fernandez418@alumnos.tup.edu.ar,B2,Tarde,2026-02-14,Parcial_01,Parcial,22/06/2026,2026-06-22,"6,3",A TIEMPO
A00098,Maximo Castro,25,F,maximo.castro98@alumnos.tup.edu.ar,A3,Mañana,16/02/2026,TP_02,TP,2026-04-13,2026-04-10,"5,3",A tiempo
A00455,Gabriel Suarez,31,M,gabriel.suarez455@alumnos.tup.edu.ar,B1,Tarde,2026-02-28,TP_04,TP,2026-06-08,03/06/2026,8.2,A TIEMPO
A00132,  Pilar Flores ,21,F,pilar.flores132@alumnos.tup.edu.ar,B2,Tarde,2026-03-01,TP_01,TP,2026-03-16,2026-03-12,6.8,A TIEMPO
A00277,Federico Cabrera,25,M,federico.cabrera277@alumnos.tup.edu.ar,C3,Noche,2026-03-01,TP_02,TP,13/04/2026,,,No entrego
A00414,BENJAMIN PEREZ,22,X,benjamin.perez414@alumnos.tup.edu.ar,C4,Noche,22/02/2026,Parcial_01,Parcial,22/06/2026,2026-06-18,7.5,A tiempo
A00383,Felipe Rojas,31,Masculino,felipe.rojas383@alumnos.tup.edu.ar,A1,Mañana,2026-03-08,Parcial_01,Parcial,2026-06-22,20/06/2026,8.5,A tiempo
A00215,Mateo Castro,17,F,mateo.castro215@alumnos.tup.edu.ar,C2,Noche,03/03/2026,Quiz_02,Quiz,2026-04-27,27/04/2026,5.7,a tiempo
A00151,Guadalupe Vega,17,F,guadalupe.vega151@alumnos.tup.edu.ar,B1,Tarde,11-03-2026,TP_01,TP,2026-03-16,2026-03-11,"6,3",A TIEMPO
A00017,Ignacio Lopez,23,F,ignacio.lopez17@alumnos.tup.edu.ar,A1,Mañana,21/02/2026,TP_03,TP,2026-05-11,2026-05-21,7.2,TARDE
A00411,Martina Rodriguez,18,M,martina.rodriguez411@alumnos.tup.edu.ar,C1,Noche,2026-02-21,TP_04,TP,2026-06-08,2026-06-12,3.4,TARDE
A00614,Ignacio Gonzalez,17,M,ignacio.gonzalez614@alumnos.tup.edu.ar,A2,Mañana,2026-02-27,Quiz_02,Quiz,27-04-2026,2026-04-27,5.2,a tiempo
A00618,Mora Martinez,24,F,mora.martinez618@alumnos.tup.edu.ar,B2,Tarde,2026-02-25,Quiz_03,Quiz,2026-05-25,2026-05-29,7.1,TARDE
A00390,Julieta Garcia,27,M,julieta.garcia390@alumnos.tup.edu.ar,A3,Mañana,2026-02-26,TP_04,TP,2026-06-08,2026-06-06,"10,0",A tiempo
A00012,Isabella Nuñez,20,M,isabella.nuñez12@alumnos.tup.edu.ar,B2,Tarde,2026-03-09,TP_01,TP,2026-03-16,2026-03-12,7.0,a tiempo
A00070,Agustin Lopez,24,M,agustin.lopez70@alumnos.tup.edu.ar,C3,Noche,17/02/2026,TP_04,TP,2026-06-08,,,
A00688,Benjamin Herrera,18,M,benjamin.herrera688@alumnos.tup.edu.ar,C3,Noche,21-02-2026,Parcial_01,Parcial,22/06/2026,22/06/2026,8.4,a tiempo
A00136,Lautaro Ramirez,24,F,lautaro.ramirez136@alumnos.tup.edu.ar,B1,Tarde,2026-03-04,Quiz_03,Quiz,2026-05-25,,,No entrego
A00485,Lucas Torres,27,F,,A2,Mañana,2026-03-08,Parcial_01,Parcial,2026-06-22,2026-06-18,7.6,A TIEMPO
A00173,Florencia Suarez,17,femenino,florencia.suarez173@alumnos.tup.edu.ar,B2,Tarde,2026-03-04,Parcial_01,Parcial,22/06/2026,2026-06-29,7.5,tarde
A00167,Olivia Romero,28,M,olivia.romero167@@alumnos.tup.edu.ar,A3,Mañana,2026-02-19,TP_04,TP,2026-06-08,2026-06-03,"8,2",A tiempo
A00286,Felipe Suarez,19,M,felipe.suarez286@alumnos.tup.edu.ar,A3,Mañana,03-03-2026,TP_02,TP,2026-04-13,2026-04-23,5.6,tarde
A00601,Julieta Suarez,18,F,julieta.suarez601@alumnos.tup.edu.ar,A2,Mañana,2026-02-27,TP_03,TP,11-05-2026,2026-05-10,6.8,A TIEMPO
A00385,Antonella Ruiz,25,F,antonella.ruiz385@alumnos.tup.edu.ar,B2,Tarde,15/02/2026,TP_03,TP,2026-05-11,2026-05-11,8.0,A TIEMPO
A00495,Valentino Flores,18,M,valentino.flores495@alumnos.tup.edu.ar,C1,Noche,2026-02-25,TP_02,TP,2026-04-13,2026-04-09,5.7,a tiempo
A00684,Mia Luna,17,F,mia.luna684@alumnos.tup.edu.ar,B2,Tarde,28/02/2026,TP_01,TP,16/03/2026,2026-03-15,7.5,A tiempo
A00088,Gabriel Molina,20,Femenino,gabriel.molina88@alumnos.tup.edu.ar,C4,Noche,2026-03-07,TP_03,TP,2026-05-11,,,
A00128,Nicolas Cabrera,25,M,nicolas.cabrera128@alumnos.tup.edu.ar,C2,Noche,2026-02-21,Quiz_03,Quiz,2026-05-25,,,NO ENTREGO
A00550,Valentina Molina,29,F,valentina.molina550@alumnos.tup.edu.ar,A3,Mañana,02-03-2026,Quiz_02,Quiz,2026-04-27,28/04/2026,"3,9",Tarde
A00143,Manuel Martinez,20,F,manuel.martinez143@alumnos.tup.edu.ar,C2,Noche,2026-03-03,Parcial_01,Parcial,2026-06-22,22/06/2026,4.6,A tiempo
A00340,Olivia Alvarez,17,M,olivia.alvarez340@alumnos.tup.edu.ar,B1,Tarde,2026-03-07,Parcial_01,Parcial,22-06-2026,2026-06-21,8.6,a tiempo
A00469,Diego Torres,17,femenino,diego.torres469@alumnos.tup.edu.ar,B2,TARDE,2026-02-19,Quiz_03,Quiz,2026-05-25,,,no entregó
A00079,Paula Luna,30,F,paula.luna79@alumnos.tup.edu.ar,A1,Mañana,2026-03-06,TP_03,TP,11-05-2026,2026-05-10,8.3,A TIEMPO
A00485,Lucas Torres,27,F,,A2,Mañana,08/03/2026,Quiz_02,Quiz,2026-04-27,25/04/2026,9.3,A tiempo
A00570,VALENTINO BENITEZ,19,Masculino,valentino.benitez570@alumnos.tup.edu.ar,A2,Mañana,25/02/2026,Quiz_02,Quiz,2026-04-27,22/04/2026,5.8,A tiempo
A00208,Thiago Sosa,23,Masculino,thiago.sosa208@alumnos.tup.edu.ar,B2,Tarde,02/03/2026,TP_03,TP,2026-05-11,,,
A00557,florencia rojas,30,M,florencia.rojas557@alumnos.tup.edu.ar,B2,Tarde,2026-02-19,TP_02,TP,2026-04-13,2026-04-10,7.6,A tiempo
A00525,Nicolas Castro,19,Masculino,nicolas.castro525@alumnos.tup.edu.ar,A2,Mañana,10-03-2026,Quiz_01,Quiz,2026-03-30,2026-04-03,4.5,tarde
A00646,Diego Luna,17,F,diego.luna646@alumnos.tup.edu.ar,A1,Mañana,2026-03-09,TP_02,TP,13/04/2026,,,no entregó
A00284,Florencia Herrera,20,Femenino,florencia.herrera284@alumnos.tup.edu.ar,C4,Noche,2026-03-08,TP_04,TP,08-06-2026,,,no entregó
A00167,Olivia Romero,28,M,olivia.romero167@@alumnos.tup.edu.ar,A3,Mañana,2026-02-19,TP_01,TP,2026-03-16,2026-03-12,9.9,a tiempo
A00338,  Tomas Ortiz ,17,M,tomas.ortiz338@alumnos.tup.edu.ar, b1 ,Tarde,15/02/2026,Quiz_02,Quiz,27-04-2026,2026-04-26,7.2,A TIEMPO
A00001,Catalina Ortiz,25,M,catalina.ortiz1@alumnos.tup.edu.ar,C1,NOCHE,2026-02-27,TP_02,TP,2026-04-13,,,
A00515,  Valentino Diaz ,22,F,valentino.diaz515@alumnos.tup.edu.ar,C4,Noche,2026-02-23,Parcial_01,Parcial,2026-06-22,21/06/2026,7.0,A TIEMPO
A00168,Lucas Perez,17,M,lucas.perez168@alumnos.tup.edu.ar,B1,Tarde,06/03/2026,Quiz_02,Quiz,27/04/2026,2026-04-25,5.9,A tiempo
A00628,Benjamin Rodriguez,23,Femenino,benjamin.rodriguez628@alumnos.tup.edu.ar,B1,Tarde,2026-02-23,Quiz_01,Quiz,2026-03-30,2026-03-29,9.0,A TIEMPO
A00094,Nicolas Rodriguez,20,M,nicolas.rodriguez94@alumnos.tup.edu.ar,A2,Mañana,24/02/2026,TP_04,TP,08/06/2026,2026-06-07,9.0,a tiempo
A00531,Catalina Romero,29,F,catalina.romero531@alumnos.tup.edu.ar,B2,Tarde,2026-03-11,Parcial_01,Parcial,22-06-2026,2026-06-29,1.8,Tarde
A00479,Manuel Medina,27,Masculino,manuel.medina479@alumnos.tup.edu.ar,A2,Mañana,07/03/2026,TP_04,TP,2026-06-08,2026-06-08,6.8,A TIEMPO
A00141,Camila Ramirez,22,M,camila.ramirez141@@alumnos.tup.edu.ar,C1,Noche,2026-02-19,TP_04,TP,08-06-2026,2026-06-08,"10,0",A TIEMPO
A00243,Ignacio Martinez,17,Masculino,ignacio.martinez243@alumnos.tup.edu.ar, c2 ,Noche,03/03/2026,Parcial_01,Parcial,2026-06-22,2026-06-17,4.9,a tiempo
A00677,Guadalupe Benitez,18,F,guadalupe.benitez677@alumnos.tup.edu.ar,A3,Mañana,10/03/2026,Quiz_03,Quiz,2026-05-25,,,no entregó
A00358,Lucia Romero,20,F,lucia.romero358@alumnos.tup.edu.ar,B1,Tarde,03-03-2026,Parcial_01,Parcial,2026-06-22,2026-06-21,9.8,A tiempo
A00465,Gabriel Aguirre,23,F,gabriel.aguirre465@alumnos.tup.edu.ar, c4 ,Noche,2026-02-26,TP_04,TP,2026-06-08,,,no entregó
A00017,Ignacio Lopez,23,F,ignacio.lopez17@alumnos.tup.edu.ar,A1,Mañana,2026-02-21,TP_01,TP,2026-03-16,2026-03-12,5.3,A TIEMPO
A00523,Joaquin Silva,19,Masculino,joaquin.silva523@alumnos.tup.edu.ar,C3,Noche,2026-02-15,TP_01,TP,2026-03-16,2026-03-16,4.0,A tiempo
A00463,Maximo Ortiz,19,F,maximo.ortiz463@alumnos.tup.edu.ar,A2,Mañana,03-03-2026,Parcial_01,Parcial,2026-06-22,2026-06-22,"8,5",A TIEMPO
A00164,Felipe Medina,25,F,felipe.medina164@alumnos.tup.edu.ar,C1,Noche,2026-03-08,Quiz_02,Quiz,2026-04-27,,,no entregó
A00138,Joaquin Ortiz,29,Femenino,joaquin.ortiz138@@alumnos.tup.edu.ar,C1,Noche,18/02/2026,TP_04,TP,2026-06-08,,,NO ENTREGO
A00351,Manuel Cabrera,17,Masculino,manuel.cabrera351@alumnos.tup.edu.ar, c3 ,NOCHE,2026-03-02,Quiz_02,Quiz,2026-04-27,,,no entregó
A00475,Agustin Suarez,17,M,agustin.suarez475@@alumnos.tup.edu.ar,A3,Mañana,2026-03-01,TP_03,TP,2026-05-11,10/05/2026,7.6,A tiempo
A00219,Joaquin Nuñez,20,M,,C4,Noche,2026-02-24,TP_01,TP,2026-03-16,2026-03-14,6.1,a tiempo
A00042,Emma Garcia,28,Femenino,emma.garcia42@@alumnos.tup.edu.ar,A3,Mañana,2026-02-23,Quiz_02,Quiz,27-04-2026,22-04-2026,"5,9",A tiempo
A00164,Felipe Medina,25,F,felipe.medina164@alumnos.tup.edu.ar,C1,Noche,2026-03-08,TP_03,TP,2026-05-11,,,
A00543,Pilar Suarez,25,femenino,pilar.suarez543@alumnos.tup.edu.ar,B2,Tarde,2026-02-28,TP_02,TP,2026-04-13,2026-04-12,6.0,A tiempo
A00139,Thiago Castro,28,M,thiago.castro139@@alumnos.tup.edu.ar,A3,Mañana,2026-03-09,TP_01,TP,2026-03-16,2026-03-16,"7,6",a tiempo
A00436,Lucas Silva,31,M,lucas.silva436@alumnos.tup.edu.ar,B1,TARDE,2026-02-17,Quiz_03,Quiz,25/05/2026,,,no entregó
A00076,Maximo Flores,17,M,maximo.flores76@alumnos.tup.edu.ar,C1,Noche,2026-02-21,TP_03,TP,2026-05-11,,,No entrego
A00228,Joaquin Lopez,25,M,joaquin.lopez228@alumnos.tup.edu.ar,A1,Mañana,2026-02-25,Parcial_01,Parcial,2026-06-22,,,No entrego
A00273,Bautista Gonzalez,17,M,bautista.gonzalez273@alumnos.tup.edu.ar,C3,Noche,2026-03-10,TP_03,TP,2026-05-11,2026-05-08,7.1,A tiempo
A00283,Felipe Suarez,23,F,felipe.suarez283@alumnos.tup.edu.ar,B2,Tarde,22-02-2026,Quiz_03,Quiz,2026-05-25,2026-06-02,4.2,TARDE
A00526,Valentina Suarez,17,femenino,valentina.suarez526@@alumnos.tup.edu.ar,B1,Tarde,16/02/2026,TP_01,TP,16/03/2026,2026-03-16,6.4,A TIEMPO
A00509,Catalina Diaz,17,F,catalina.diaz509@alumnos.tup.edu.ar,A3,Mañana,19-02-2026,TP_02,TP,13-04-2026,,,No entrego
A00120,Mateo Ruiz,25,F,mateo.ruiz120@alumnos.tup.edu.ar,B2,Tarde,2026-03-05,TP_03,TP,2026-05-11,2026-05-08,7.7,A TIEMPO
A00495,Valentino Flores,18,M,valentino.flores495@alumnos.tup.edu.ar,C1,Noche,2026-02-25,TP_03,TP,2026-05-11,,,
A00315,Martina Sanchez,19,femenino,martina.sanchez315@alumnos.tup.edu.ar, c2 ,Noche,2026-02-22,TP_01,TP,2026-03-16,2026-03-19,5.1,Tarde
A00591,Lucia Sanchez,17,F,lucia.sanchez591@alumnos.tup.edu.ar,C1,Noche,2026-03-04,TP_04,TP,2026-06-08,,,No entrego
A00505,Lautaro Romero,26,Femenino,lautaro.romero505@alumnos.tup.edu.ar,B1,Tarde,28/02/2026,TP_01,TP,2026-03-16,2026-03-21,"7,2",Tarde
A00591,Lucia Sanchez,17,F,lucia.sanchez591@alumnos.tup.edu.ar,C1,Noche,04/03/2026,Parcial_01,Parcial,2026-06-22,,,no entregó
A00545,Bautista Martinez,29,Femenino,,B1,Tarde,2026-03-03,Quiz_03,Quiz,2026-05-25,,,
A00210,Camila Acosta,30,M,camila.acosta210@alumnos.tup.edu.ar,A2,Mañana,22/02/2026,TP_01,TP,2026-03-16,19-03-2026,6.2,Tarde
A00593,gabriel fernandez,21,Masculino,gabriel.fernandez593@alumnos.tup.edu.ar,B2,Tarde,2026-02-20,Quiz_02,Quiz,27/04/2026,,,No entrego
A00599,Federico Fernandez,17,X,federico.fernandez599@alumnos.tup.edu.ar,B2,Tarde,2026-02-15,Quiz_03,Quiz,2026-05-25,2026-05-22,"6,9",A tiempo
A00259,Agustin Castro,18,Masculino,agustin.castro259@alumnos.tup.edu.ar,C3,Noche,2026-02-21,TP_02,TP,2026-04-13,2026-04-08,"9,1",a tiempo
A00103,Manuel Ramirez,20,Masculino,manuel.ramirez103@alumnos.tup.edu.ar,A1,Mañana,06/03/2026,Quiz_03,Quiz,2026-05-25,2026-05-25,8.4,a tiempo
A00481,Mateo Rodriguez,20,femenino,mateo.rodriguez481@alumnos.tup.edu.ar,A2,Mañana,2026-02-21,TP_01,TP,2026-03-16,,,no entregó
A00582,Pilar Herrera,30,F,pilar.herrera582@alumnos.tup.edu.ar,B1,Tarde,2026-03-11,Quiz_01,Quiz,2026-03-30,2026-03-27,9.1,a tiempo
A00053,Renata Medina,17,F,renata.medina53@alumnos.tup.edu.ar,C4,Noche,2026-02-21,TP_04,TP,2026-06-08,,,No entrego
A00570,VALENTINO BENITEZ,19,Masculino,valentino.benitez570@alumnos.tup.edu.ar,A2,Mañana,2026-02-25,TP_03,TP,2026-05-11,2026-05-13,5.0,tarde
A00672,Maximo Romero,19,F,maximo.romero672@alumnos.tup.edu.ar,A1,Mañana,2026-03-07,TP_03,TP,2026-05-11,2026-05-10,6.4,A tiempo
A00440,Victoria Herrera,25,M,victoria.herrera440@alumnos.tup.edu.ar,A2,Mañana,2026-02-28,Quiz_02,Quiz,27/04/2026,,,
A00416,Antonella Medina,26,Femenino,antonella.medina416@alumnos.tup.edu.ar,B2,Tarde,2026-03-06,Quiz_02,Quiz,2026-04-27,2026-04-25,8.8,a tiempo
A00170,Valentino Sanchez,24,Femenino,valentino.sanchez170@alumnos.tup.edu.ar,B2,Tarde,2026-02-18,TP_03,TP,11/05/2026,2026-05-10,8.7,A tiempo
A00077,Diego Garcia,21,X,diego.garcia77@alumnos.tup.edu.ar,B2,TARDE,2026-03-11,Quiz_01,Quiz,2026-03-30,2026-04-09,"5,5",TARDE
A00199,Nicolas Ortiz,18,F,nicolas.ortiz199@alumnos.tup.edu.ar,B2,Tarde,27/02/2026,TP_01,TP,2026-03-16,17-03-2026,4.6,Tarde
A00112,Lucia Acosta,32,F,lucia.acosta112@alumnos.tup.edu.ar,B2,Tarde,03-03-2026,TP_02,TP,2026-04-13,11-04-2026,6.7,A TIEMPO
A00478,renata sanchez,23,F,renata.sanchez478@alumnos.tup.edu.ar, b1 ,Tarde,2026-02-19,TP_01,TP,2026-03-16,11/03/2026,4.6,A TIEMPO
A00576,Guadalupe Luna,19,M,guadalupe.luna576@alumnos.tup.edu.ar,C4,Noche,2026-02-19,TP_02,TP,13-04-2026,2026-04-14,7.5,tarde
A00246,NICOLAS BENITEZ,18,F,nicolas.benitez246@alumnos.tup.edu.ar,C3,Noche,2026-02-16,Quiz_03,Quiz,2026-05-25,,,No entrego
A00586,Felipe Lopez,22,F,felipe.lopez586@alumnos.tup.edu.ar,B1,Tarde,2026-03-09,Quiz_02,Quiz,2026-04-27,24-04-2026,"7,3",A TIEMPO
A00047,Maximo Ramirez,28,F,maximo.ramirez47@alumnos.tup.edu.ar,C4,Noche,04/03/2026,TP_04,TP,2026-06-08,2026-06-20,6.2,TARDE
A00102,Benjamin Benitez,25,F,benjamin.benitez102@alumnos.tup.edu.ar,C2,Noche,2026-02-14,Quiz_01,Quiz,30/03/2026,30/03/2026,6.0,a tiempo
A00382,Olivia Diaz,18,M,olivia.diaz382@alumnos.tup.edu.ar,B1,Tarde,2026-03-07,Parcial_01,Parcial,22/06/2026,,,No entrego
A00072,Bautista Nuñez,25,Masculino,bautista.nuñez72@alumnos.tup.edu.ar,C3,Noche,2026-02-15,TP_04,TP,2026-06-08,,,NO ENTREGO
A00080,Lautaro Herrera,26,M,lautaro.herrera80@alumnos.tup.edu.ar,C2,Noche,19-02-2026,TP_01,TP,16/03/2026,,,
A00495,Valentino Flores,18,M,valentino.flores495@alumnos.tup.edu.ar,C1,Noche,25/02/2026,TP_04,TP,08/06/2026,2026-06-08,8.9,A tiempo
A00574,Isabella Benitez,23,Femenino,isabella.benitez574@alumnos.tup.edu.ar,B2,Tarde,2026-02-24,TP_02,TP,2026-04-13,,,no entregó
A00043,Maximo Martinez,20,M,maximo.martinez43@alumnos.tup.edu.ar,A1,Mañana,2026-02-17,TP_04,TP,08-06-2026,,,No entrego
A00516,Pilar Rojas,28,Femenino,pilar.rojas516@alumnos.tup.edu.ar,A1,Mañana,2026-02-24,Quiz_01,Quiz,2026-03-30,30/03/2026,7.2,A TIEMPO
A00488,Santino Suarez,21,F,santino.suarez488@alumnos.tup.edu.ar,C4,Noche,2026-03-05,Quiz_03,Quiz,25/05/2026,25/05/2026,5.5,a tiempo
A00293,NICOLAS SANCHEZ,17,F,nicolas.sanchez293@alumnos.tup.edu.ar,B1,Tarde,2026-03-03,TP_03,TP,2026-05-11,2026-05-11,"7,3",A tiempo
A00125,Diego Acosta,17,F,diego.acosta125@alumnos.tup.edu.ar,C1,Noche,2026-02-20,TP_04,TP,2026-06-08,,,NO ENTREGO
A00114,Sofia Flores,20,X,sofia.flores114@alumnos.tup.edu.ar,B1,Tarde,2026-02-27,TP_03,TP,2026-05-11,2026-05-09,6.2,a tiempo
A00351,Manuel Cabrera,17,Masculino,manuel.cabrera351@alumnos.tup.edu.ar, c3 ,NOCHE,02-03-2026,TP_03,TP,2026-05-11,,,No entrego
A00390,Julieta Garcia,27,M,julieta.garcia390@alumnos.tup.edu.ar,A3,Mañana,2026-02-26,TP_03,TP,2026-05-11,2026-05-09,8.7,a tiempo
A00675,Lucia Herrera,31,M,lucia.herrera675@alumnos.tup.edu.ar,C1,Noche,10-03-2026,Parcial_01,Parcial,2026-06-22,,,no entregó
A00596,Felipe Gonzalez,17,F,felipe.gonzalez596@alumnos.tup.edu.ar,A3,Mañana,18/02/2026,TP_02,TP,2026-04-13,,,NO ENTREGO
A00403,Bautista Luna,23,Femenino,bautista.luna403@alumnos.tup.edu.ar,A2,Mañana,2026-02-15,Quiz_02,Quiz,2026-04-27,2026-04-26,9.4,A tiempo
A00013,Bautista Perez,17,F,bautista.perez13@alumnos.tup.edu.ar,B2,Tarde,2026-02-16,Quiz_01,Quiz,30-03-2026,,,No entrego
A00277,Federico Cabrera,25,M,federico.cabrera277@alumnos.tup.edu.ar,C3,Noche,2026-03-01,TP_01,TP,16-03-2026,11-03-2026,4.4,a tiempo
A00649,Martina Lopez,17,M,martina.lopez649@alumnos.tup.edu.ar,C2,Noche,2026-02-17,Quiz_02,Quiz,2026-04-27,,,no entregó
A00016,Benjamin Torres,19,M,benjamin.torres16@alumnos.tup.edu.ar,C1,Noche,2026-03-08,TP_02,TP,13-04-2026,,,
A00506,Renata Rojas,18,F,renata.rojas506@alumnos.tup.edu.ar,A3,Mañana,2026-02-15,Quiz_03,Quiz,25-05-2026,2026-05-23,9.1,A TIEMPO
A00463,Maximo Ortiz,19,F,maximo.ortiz463@alumnos.tup.edu.ar,A2,Mañana,03/03/2026,TP_04,TP,2026-06-08,,,No entrego
A00138,Joaquin Ortiz,29,Femenino,joaquin.ortiz138@@alumnos.tup.edu.ar,C1,Noche,2026-02-18,TP_01,TP,2026-03-16,2026-03-17,6.8,TARDE
A00553,Felipe Romero,28,Masculino,felipe.romero553@alumnos.tup.edu.ar,B1,Tarde,2026-02-14,TP_03,TP,2026-05-11,,,no entregó
A00093,Martina Medina,20,F,martina.medina93@alumnos.tup.edu.ar,C3,Noche,2026-03-02,TP_02,TP,2026-04-13,09-04-2026,"5,8",A TIEMPO
A00037,Federico Molina,17,M,federico.molina37@alumnos.tup.edu.ar,B2,Tarde,2026-02-22,TP_02,TP,2026-04-13,2026-04-12,"4,9",a tiempo
A00327,Lucas Herrera,32,M,lucas.herrera327@alumnos.tup.edu.ar,B2,Tarde,2026-02-19,Quiz_03,Quiz,2026-05-25,2026-05-24,8.1,a tiempo
A00018,Joaquin Luna,21,F,joaquin.luna18@alumnos.tup.edu.ar,C1,Noche,17-02-2026,Quiz_02,Quiz,2026-04-27,,,No entrego
A00100,Camila Ramirez,24,Femenino,camila.ramirez100@alumnos.tup.edu.ar,B2,Tarde,03/03/2026,Quiz_01,Quiz,2026-03-30,2026-03-29,9.4,a tiempo
A00668,Bruno Aguirre,22,M,bruno.aguirre668@alumnos.tup.edu.ar,B1,Tarde,2026-03-09,TP_02,TP,2026-04-13,2026-04-16,3.7,Tarde
A00666,Tomas Sanchez,17,Femenino,tomas.sanchez666@alumnos.tup.edu.ar, c2 ,Noche,15/02/2026,TP_04,TP,08-06-2026,2026-06-08,"8,0",A TIEMPO
A00316,Martina Vega,25,M,martina.vega316@alumnos.tup.edu.ar,C2,Noche,21/02/2026,Parcial_01,Parcial,22/06/2026,21-06-2026,5.0,a tiempo
A00219,Joaquin Nuñez,20,M,,C4,Noche,2026-02-24,Parcial_01,Parcial,22/06/2026,,,No entrego
A00291,Sofia Garcia,25,F,sofia.garcia291@alumnos.tup.edu.ar,C4,Noche,2026-02-28,TP_04,TP,2026-06-08,,,NO ENTREGO
A00244,Agustin Sanchez,17,Masculino,agustin.sanchez244@alumnos.tup.edu.ar,A2,Mañana,2026-02-23,TP_03,TP,2026-05-11,2026-05-07,7.3,A TIEMPO
A00655,Emma Fernandez,20,M,emma.fernandez655@alumnos.tup.edu.ar,C2,Noche,2026-02-16,Quiz_02,Quiz,2026-04-27,25-04-2026,7.6,A tiempo
A00245,Paula Flores,27,Masculino,paula.flores245@alumnos.tup.edu.ar,A1,Mañana,2026-03-11,TP_01,TP,16/03/2026,2026-03-15,4.2,a tiempo
A00536,Guadalupe Nuñez,17,Masculino,guadalupe.nuñez536@alumnos.tup.edu.ar,A1,Mañana,24/02/2026,Quiz_02,Quiz,2026-04-27,,,
A00154,Maximo Torres,19,Masculino,maximo.torres154@alumnos.tup.edu.ar,A2,Mañana,2026-03-09,TP_01,TP,2026-03-16,2026-03-12,7.5,a tiempo
A00520,Camila Torres,26,F,camila.torres520@alumnos.tup.edu.ar,C4,Noche,2026-03-10,TP_02,TP,2026-04-13,23/04/2026,5.7,tarde
A00567,BRUNO SANCHEZ,23,F,bruno.sanchez567@alumnos.tup.edu.ar,A1,Mañana,25/02/2026,TP_02,TP,2026-04-13,,,No entrego
A00002,Mora Nuñez,24,F,mora.nuñez2@alumnos.tup.edu.ar,B2,Tarde,2026-02-25,TP_03,TP,2026-05-11,2026-05-23,6.2,Tarde
A00360,Catalina Cabrera,23,M,catalina.cabrera360@alumnos.tup.edu.ar,C2,Noche,2026-02-22,TP_02,TP,13-04-2026,2026-04-08,4.4,a tiempo
A00644,DELFINA VEGA,23,M,delfina.vega644@alumnos.tup.edu.ar,C1,Noche,02/03/2026,TP_01,TP,2026-03-16,2026-03-18,8.6,tarde
A00098,Maximo Castro,25,F,maximo.castro98@alumnos.tup.edu.ar,A3,Mañana,2026-02-16,TP_04,TP,08-06-2026,2026-06-05,5.2,a tiempo
A00307,Renata Ortiz,24,Femenino,renata.ortiz307@alumnos.tup.edu.ar,B2,Tarde,2026-03-06,TP_02,TP,13-04-2026,2026-04-13,5.9,A tiempo
A00677,Guadalupe Benitez,18,F,guadalupe.benitez677@alumnos.tup.edu.ar,A3,Mañana,2026-03-10,TP_03,TP,11/05/2026,,,
A00147,Valentina Benitez,31,femenino,valentina.benitez147@alumnos.tup.edu.ar,B1,Tarde,2026-02-26,TP_03,TP,2026-05-11,2026-05-09,"8,5",a tiempo
A00066,Bruno Torres,29,F,bruno.torres66@alumnos.tup.edu.ar,B1,Tarde,2026-02-18,TP_02,TP,2026-04-13,2026-04-11,6.9,A TIEMPO
A00193,VICTORIA SOSA,17,Femenino,victoria.sosa193@alumnos.tup.edu.ar,A1,MAÑANA,2026-03-11,TP_02,TP,2026-04-13,2026-04-11,7.2,a tiempo
A00039,Emma Perez,23,M,emma.perez39@alumnos.tup.edu.ar,C3,Noche,2026-03-08,Quiz_03,Quiz,25/05/2026,25/05/2026,8.1,a tiempo
A00113,Manuel Flores,21,Masculino,manuel.flores113@alumnos.tup.edu.ar,B2,Tarde,04/03/2026,TP_01,TP,2026-03-16,2026-03-13,8.5,A tiempo
A00632,Thiago Rodriguez,25,M,thiago.rodriguez632@alumnos.tup.edu.ar,C1,Noche,2026-03-08,TP_02,TP,2026-04-13,2026-04-09,6.6,A tiempo
A00589,Pilar Benitez,27,F,pilar.benitez589@alumnos.tup.edu.ar,B1,Tarde,2026-02-21,Quiz_03,Quiz,2026-05-25,,,no entregó
A00452,Guadalupe Flores,29,M,guadalupe.flores452@alumnos.tup.edu.ar,A3,Mañana,2026-02-28,Quiz_01,Quiz,2026-03-30,01/04/2026,6.7,Tarde
A00297,Felipe Castro,27,F,felipe.castro297@alumnos.tup.edu.ar,B2,Tarde,2026-02-25,Quiz_03,Quiz,2026-05-25,22/05/2026,5.2,A TIEMPO
A00057,Martina Diaz,22,Masculino,martina.diaz57@alumnos.tup.edu.ar,A1,Mañana,2026-03-04,Quiz_02,Quiz,2026-04-27,22/04/2026,8.9,a tiempo
A00051,Diego Castro,19,M,diego.castro51@alumnos.tup.edu.ar,A1,Mañana,2026-02-22,TP_04,TP,08/06/2026,06/06/2026,6.8,A tiempo
A00049,Gabriel Diaz,24,F,gabriel.diaz49@alumnos.tup.edu.ar,C4,Noche,26/02/2026,TP_02,TP,2026-04-13,,,
A00064,Benjamin Aguirre,21,Masculino,benjamin.aguirre64@alumnos.tup.edu.ar,A1,Mañana,07/03/2026,Quiz_02,Quiz,2026-04-27,,,NO ENTREGO
A00489,Lucia Fernandez,18,Femenino,lucia.fernandez489@alumnos.tup.edu.ar,A1,Mañana,2026-02-26,Quiz_01,Quiz,2026-03-30,2026-03-29,7.4,a tiempo
A00261,Thiago Nuñez,18,M,thiago.nuñez261@alumnos.tup.edu.ar,B1,Tarde,2026-03-04,TP_02,TP,2026-04-13,2026-04-10,"8,6",a tiempo
A00506,Renata Rojas,18,F,renata.rojas506@alumnos.tup.edu.ar,A3,Mañana,2026-02-15,TP_03,TP,11/05/2026,14/05/2026,6.0,Tarde
A00107,Federico Suarez,27,F,federico.suarez107@alumnos.tup.edu.ar,C4,Noche,2026-03-08,TP_04,TP,2026-06-08,05-06-2026,7.2,A TIEMPO
A00439,Olivia Torres,17,M,olivia.torres439@alumnos.tup.edu.ar,C2,Noche,2026-02-25,TP_04,TP,2026-06-08,2026-06-04,6.9,a tiempo
A00167,Olivia Romero,28,M,olivia.romero167@@alumnos.tup.edu.ar,A3,Mañana,2026-02-19,TP_03,TP,2026-05-11,2026-05-06,7.7,A tiempo
A00638,Julieta Herrera,17,M,julieta.herrera638@alumnos.tup.edu.ar,A2,Mañana,2026-02-20,Quiz_02,Quiz,27/04/2026,2026-04-26,8.4,a tiempo
A00685,Joaquin Vega,17,M,joaquin.vega685@alumnos.tup.edu.ar,A3,Mañana,2026-03-03,TP_01,TP,2026-03-16,19/03/2026,4.1,Tarde
A00041,Thiago Ortiz,20,M,thiago.ortiz41@alumnos.tup.edu.ar,C2,Noche,23/02/2026,Quiz_02,Quiz,27-04-2026,2026-04-22,"7,3",A tiempo
A00060,Diego Luna,35,Femenino,diego.luna60@alumnos.tup.edu.ar,C3,Noche,2026-02-18,TP_04,TP,2026-06-08,2026-06-20,4.9,Tarde
A00371,Valentino Perez,24,M,valentino.perez371@alumnos.tup.edu.ar,A1,MAÑANA,2026-02-14,TP_01,TP,2026-03-16,2026-03-23,5.7,tarde
A00035,Valentino Medina,20,F,valentino.medina35@alumnos.tup.edu.ar,B1,Tarde,2026-03-04,Parcial_01,Parcial,22/06/2026,2026-06-20,6.6,A TIEMPO
A00386,Felipe Vega,19,M,felipe.vega386@alumnos.tup.edu.ar,B1,Tarde,2026-02-15,Quiz_02,Quiz,27/04/2026,,,No entrego
A00341,Nicolas Gonzalez,25,M,nicolas.gonzalez341@alumnos.tup.edu.ar,C4,Noche,28/02/2026,Parcial_01,Parcial,2026-06-22,2026-06-20,6.2,A tiempo
A00361,Agustin Martinez,23,femenino,agustin.martinez361@alumnos.tup.edu.ar,B2,Tarde,06/03/2026,Quiz_01,Quiz,30/03/2026,25/03/2026,7.4,A tiempo
A00417,Santino Ramirez,28,F,santino.ramirez417@alumnos.tup.edu.ar,B2,Tarde,2026-03-07,Quiz_03,Quiz,2026-05-25,22/05/2026,"7,7",A TIEMPO
A00470,Valentina Sosa,21,F,valentina.sosa470@alumnos.tup.edu.ar, b1 ,Tarde,2026-02-26,TP_02,TP,2026-04-13,,,no entregó
A00082,Delfina Rodriguez,23,Masculino,delfina.rodriguez82@alumnos.tup.edu.ar,A3,Mañana,11/03/2026,Quiz_02,Quiz,27-04-2026,23/04/2026,2.3,a tiempo
A00697,Benjamin Acosta,26,F,benjamin.acosta697@alumnos.tup.edu.ar,A3,Mañana,2026-02-24,Quiz_02,Quiz,2026-04-27,2026-04-24,7.1,A tiempo
A00384,MIA ACOSTA,27,F,mia.acosta384@alumnos.tup.edu.ar,B1,Tarde,11/03/2026,Quiz_03,Quiz,2026-05-25,2026-05-29,7.0,TARDE
A00173,Florencia Suarez,17,femenino,florencia.suarez173@alumnos.tup.edu.ar,B2,Tarde,2026-03-04,TP_01,TP,2026-03-16,23-03-2026,8.2,Tarde
A00170,Valentino Sanchez,24,Femenino,valentino.sanchez170@alumnos.tup.edu.ar,B2,Tarde,2026-02-18,TP_01,TP,2026-03-16,2026-03-16,7.7,A TIEMPO
A00027,Joaquin Sosa,22,M,joaquin.sosa27@alumnos.tup.edu.ar,A3,Mañana,2026-03-06,TP_03,TP,2026-05-11,2026-05-19,"4,8",TARDE
A00050,Lucas Ramirez,17,Masculino,lucas.ramirez50@alumnos.tup.edu.ar,B2,Tarde,2026-02-17,TP_02,TP,2026-04-13,10/04/2026,8.5,a tiempo
A00561,Victoria Lopez,18,M,victoria.lopez561@alumnos.tup.edu.ar,B2,Tarde,2026-03-09,Quiz_01,Quiz,2026-03-30,27-03-2026,7.9,a tiempo
A00305,Renata Sosa,17,M,renata.sosa305@alumnos.tup.edu.ar,C3,Noche,2026-03-04,TP_02,TP,2026-04-13,,,no entregó
A00407,Mia Fernandez,28,M,mia.fernandez407@alumnos.tup.edu.ar,A1,Mañana,2026-03-05,Quiz_03,Quiz,2026-05-25,2026-05-22,4.6,A tiempo
A00338,  Tomas Ortiz ,17,M,tomas.ortiz338@alumnos.tup.edu.ar, b1 ,Tarde,2026-02-15,TP_03,TP,11/05/2026,07/05/2026,8.6,A tiempo
A00656,Bautista Rodriguez,18,Femenino,bautista.rodriguez656@alumnos.tup.edu.ar,B1,Tarde,2026-02-20,TP_04,TP,2026-06-08,,,no entregó
A00416,Antonella Medina,26,Femenino,antonella.medina416@alumnos.tup.edu.ar,B2,Tarde,2026-03-06,TP_02,TP,2026-04-13,2026-04-19,8.1,TARDE
A00110,Diego Sosa,23,M,diego.sosa110@alumnos.tup.edu.ar,B2,Tarde,16-02-2026,Quiz_02,Quiz,2026-04-27,2026-04-24,6.2,a tiempo
A00690,Olivia Rodriguez,20,F,olivia.rodriguez690@alumnos.tup.edu.ar,C2,Noche,2026-02-23,Parcial_01,Parcial,2026-06-22,,,no entregó
A00373,Joaquin Rodriguez,24,M,joaquin.rodriguez373@alumnos.tup.edu.ar,B2,Tarde,2026-03-09,TP_04,TP,2026-06-08,2026-06-08,9.7,A tiempo
A00144,Tomas Acosta,23,M,tomas.acosta144@alumnos.tup.edu.ar,A1,Mañana,2026-02-22,TP_04,TP,08/06/2026,,,NO ENTREGO
A00362,Mia Silva,19,F,mia.silva362@alumnos.tup.edu.ar,B2,Tarde,18/02/2026,TP_04,TP,2026-06-08,,,No entrego
A00248,Benjamin Garcia,18,F,benjamin.garcia248@alumnos.tup.edu.ar,A1,Mañana,2026-03-06,Quiz_03,Quiz,2026-05-25,,,No entrego
A00463,Maximo Ortiz,19,F,maximo.ortiz463@alumnos.tup.edu.ar,A2,Mañana,03/03/2026,Quiz_02,Quiz,27/04/2026,2026-04-22,"6,3",a tiempo
A00640,Felipe Nuñez,20,M,,C1,Noche,2026-02-22,Quiz_03,Quiz,25-05-2026,2026-05-22,9.2,a tiempo
A00198,Nicolas Benitez,17,F,nicolas.benitez198@alumnos.tup.edu.ar,C2,Noche,2026-02-16,TP_03,TP,2026-05-11,2026-05-08,7.0,A tiempo
A00047,Maximo Ramirez,28,F,maximo.ramirez47@alumnos.tup.edu.ar,C4,Noche,04/03/2026,TP_03,TP,2026-05-11,2026-05-10,4.5,A tiempo
A00089,Maximo Silva,21,M,maximo.silva89@alumnos.tup.edu.ar,A1,Mañana,2026-02-17,TP_04,TP,2026-06-08,2026-06-15,5.0,Tarde
A00153,ISABELLA MARTINEZ,22,F,isabella.martinez153@alumnos.tup.edu.ar,C4,Noche,2026-03-08,Quiz_03,Quiz,2026-05-25,2026-05-21,6.6,A tiempo
A00091,Martina Aguirre,17,M,martina.aguirre91@alumnos.tup.edu.ar, a1 ,Mañana,2026-02-14,TP_01,TP,2026-03-16,,,NO ENTREGO
A00361,Agustin Martinez,23,femenino,agustin.martinez361@alumnos.tup.edu.ar,B2,Tarde,06/03/2026,Quiz_02,Quiz,2026-04-27,,,no entregó
A00435,Bruno Flores,19,Masculino,bruno.flores435@alumnos.tup.edu.ar,A1,Mañana,2026-02-20,TP_04,TP,08/06/2026,2026-06-16,1.5,Tarde
A00410,Victoria Molina,17,M,victoria.molina410@alumnos.tup.edu.ar,A3,Mañana,2026-02-23,TP_03,TP,11/05/2026,2026-05-18,8.2,TARDE
A00082,Delfina Rodriguez,23,Masculino,delfina.rodriguez82@alumnos.tup.edu.ar,A3,Mañana,2026-03-11,TP_03,TP,2026-05-11,,,No entrego
A00508,  Ignacio Acosta ,19,F,ignacio.acosta508@alumnos.tup.edu.ar,A1,Mañana,2026-02-15,Parcial_01,Parcial,22/06/2026,18/06/2026,"10,0",A TIEMPO
A00210,Camila Acosta,30,M,camila.acosta210@alumnos.tup.edu.ar,A2,Mañana,22-02-2026,TP_04,TP,2026-06-08,2026-06-06,5.7,a tiempo
A00016,Benjamin Torres,19,M,benjamin.torres16@alumnos.tup.edu.ar,C1,Noche,2026-03-08,TP_01,TP,2026-03-16,16/03/2026,6.8,A tiempo
A00358,Lucia Romero,20,F,lucia.romero358@alumnos.tup.edu.ar,B1,Tarde,2026-03-03,Quiz_01,Quiz,30-03-2026,2026-03-27,8.0,A TIEMPO
A00176,Benjamin Castro,17,F,benjamin.castro176@alumnos.tup.edu.ar,A1,Mañana,2026-02-19,Parcial_01,Parcial,22/06/2026,2026-06-18,8.9,a tiempo
A00313,Mia Torres,20,F,mia.torres313@alumnos.tup.edu.ar,A1,Mañana,2026-03-07,Quiz_01,Quiz,2026-03-30,2026-03-30,"8,4",A tiempo
A00667,Mora Sosa,20,F,mora.sosa667@alumnos.tup.edu.ar,C4,Noche,2026-02-23,Quiz_03,Quiz,2026-05-25,2026-05-23,8.2,a tiempo
A00558,Antonella Martinez,19,F,antonella.martinez558@alumnos.tup.edu.ar,A2,Mañana,2026-03-10,TP_02,TP,2026-04-13,,,No entrego
A00091,Martina Aguirre,17,M,martina.aguirre91@alumnos.tup.edu.ar, a1 ,Mañana,2026-02-14,TP_02,TP,2026-04-13,13/04/2026,6.7,A TIEMPO
A00179,Lucas Rodriguez,20,Masculino,lucas.rodriguez179@alumnos.tup.edu.ar,A3,Mañana,2026-03-04,TP_04,TP,2026-06-08,2026-06-05,6.6,a tiempo
A00422,Agustin Ruiz,25,M,agustin.ruiz422@alumnos.tup.edu.ar,A2,Mañana,2026-03-09,TP_01,TP,2026-03-16,2026-03-13,9.2,A TIEMPO
A00357,nicolas romero,21,M,nicolas.romero357@alumnos.tup.edu.ar,B2,Tarde,2026-03-06,TP_04,TP,2026-06-08,,,NO ENTREGO
A00643,Guadalupe Sosa,19,F,guadalupe.sosa643@alumnos.tup.edu.ar,B1,Tarde,2026-02-28,Parcial_01,Parcial,2026-06-22,2026-07-04,6.3,tarde
A00450,Gabriel Nuñez,27,F,gabriel.nuñez450@alumnos.tup.edu.ar,A2,Mañana,2026-03-11,Quiz_01,Quiz,2026-03-30,29/03/2026,8.3,a tiempo
A00355,Maximo Nuñez,24,F,maximo.nuñez355@alumnos.tup.edu.ar,A3,Mañana,10/03/2026,Parcial_01,Parcial,22/06/2026,2026-06-19,8.9,A TIEMPO
A00175,Gabriel Castro,33,F,gabriel.castro175@alumnos.tup.edu.ar,A2,Mañana,2026-03-06,Quiz_02,Quiz,2026-04-27,09/05/2026,4.7,TARDE
A00649,Martina Lopez,17,M,martina.lopez649@alumnos.tup.edu.ar,C2,Noche,2026-02-17,TP_04,TP,2026-06-08,08/06/2026,8.4,a tiempo
A00013,Bautista Perez,17,F,bautista.perez13@alumnos.tup.edu.ar,B2,Tarde,16/02/2026,Quiz_02,Quiz,2026-04-27,,,NO ENTREGO
A00232,Catalina Ortiz,18,M,catalina.ortiz232@alumnos.tup.edu.ar,C1,Noche,2026-03-06,TP_04,TP,2026-06-08,,,
A00652,Tomas Nuñez,23,M,tomas.nuñez652@alumnos.tup.edu.ar,C4,Noche,02/03/2026,Quiz_02,Quiz,27/04/2026,2026-04-24,8.1,A tiempo
A00621,Diego Acosta,19,F,diego.acosta621@alumnos.tup.edu.ar,C1,Noche,2026-02-15,Quiz_03,Quiz,2026-05-25,,,no entregó
A00384,MIA ACOSTA,27,F,mia.acosta384@alumnos.tup.edu.ar,B1,Tarde,2026-03-11,TP_04,TP,2026-06-08,2026-06-06,7.0,A tiempo
A00166,Camila Vega,18,M,camila.vega166@alumnos.tup.edu.ar,C1,Noche,20-02-2026,Quiz_02,Quiz,2026-04-27,,,NO ENTREGO
A00041,Thiago Ortiz,20,M,thiago.ortiz41@alumnos.tup.edu.ar,C2,Noche,2026-02-23,TP_02,TP,13-04-2026,13/04/2026,6.9,A tiempo
A00017,Ignacio Lopez,23,F,ignacio.lopez17@alumnos.tup.edu.ar,A1,Mañana,21/02/2026,TP_02,TP,13/04/2026,2026-04-21,6.7,Tarde
A00273,Bautista Gonzalez,17,M,bautista.gonzalez273@alumnos.tup.edu.ar,C3,Noche,2026-03-10,Quiz_01,Quiz,2026-03-30,29/03/2026,9.2,A tiempo
A00610,Manuel Sanchez,22,M,manuel.sanchez610@alumnos.tup.edu.ar,B1,Tarde,2026-02-24,Quiz_03,Quiz,25/05/2026,23-05-2026,7.7,a tiempo
A00502,Manuel Torres,17,Masculino,manuel.torres502@alumnos.tup.edu.ar,A2,Mañana,03-03-2026,TP_02,TP,13/04/2026,11-04-2026,6.7,A TIEMPO
A00073,Diego Alvarez,19,F,diego.alvarez73@alumnos.tup.edu.ar,B1,Tarde,2026-03-10,TP_04,TP,08-06-2026,,,
A00586,Felipe Lopez,22,F,felipe.lopez586@alumnos.tup.edu.ar,B1,Tarde,09/03/2026,TP_03,TP,2026-05-11,2026-05-07,7.5,A TIEMPO
A00086,antonella suarez,25,F,antonella.suarez86@alumnos.tup.edu.ar,B1,Tarde,23/02/2026,Quiz_01,Quiz,2026-03-30,,,No entrego
A00446,Federico Gonzalez,22,Masculino,federico.gonzalez446@alumnos.tup.edu.ar,A1,Mañana,2026-03-04,Quiz_02,Quiz,27/04/2026,2026-04-22,5.2,A tiempo
A00598,SOFIA CASTRO,18,F,sofia.castro598@alumnos.tup.edu.ar,A2,Mañana,2026-02-25,TP_03,TP,11/05/2026,2026-05-08,8.5,A TIEMPO
A00318,Manuel Diaz,24,F,manuel.diaz318@alumnos.tup.edu.ar,A2,Mañana,23/02/2026,TP_02,TP,2026-04-13,2026-04-22,6.5,Tarde
A00114,Sofia Flores,20,X,sofia.flores114@alumnos.tup.edu.ar,B1,Tarde,2026-02-27,Quiz_03,Quiz,2026-05-25,,,No entrego
A00605,MANUEL ALVAREZ,17,M,manuel.alvarez605@alumnos.tup.edu.ar,B1,Tarde,2026-02-17,Quiz_03,Quiz,2026-05-25,,,No entrego
A00643,Guadalupe Sosa,19,F,guadalupe.sosa643@alumnos.tup.edu.ar,B1,Tarde,2026-02-28,TP_03,TP,2026-05-11,21/05/2026,5.3,Tarde
A00651,Delfina Garcia,20,M,delfina.garcia651@alumnos.tup.edu.ar,C2,Noche,2026-03-08,TP_03,TP,11/05/2026,,,No entrego
A00571,Catalina Gonzalez,23,Femenino,catalina.gonzalez571@alumnos.tup.edu.ar,A1,Mañana,2026-02-26,TP_03,TP,2026-05-11,2026-05-08,6.5,a tiempo
A00641,Felipe Molina,17,F,felipe.molina641@alumnos.tup.edu.ar,C3,Noche,2026-03-07,Quiz_03,Quiz,2026-05-25,,,no entregó
A00029,Delfina Benitez,28,F,delfina.benitez29@alumnos.tup.edu.ar,C4,Noche,2026-03-10,Quiz_01,Quiz,30-03-2026,2026-04-05,2.6,TARDE
A00217,Mora Ramirez,27,M,mora.ramirez217@alumnos.tup.edu.ar,C1,Noche,2026-02-20,TP_03,TP,2026-05-11,,,no entregó
A00637,Antonella Lopez,21,Femenino,antonella.lopez637@alumnos.tup.edu.ar,A2,Mañana,2026-03-06,Parcial_01,Parcial,2026-06-22,2026-06-22,9.4,A tiempo
A00678,Thiago Diaz,23,Masculino,thiago.diaz678@alumnos.tup.edu.ar,C4,Noche,2026-02-28,TP_03,TP,11/05/2026,,,NO ENTREGO
A00347,Santino Molina,19,M,santino.molina347@alumnos.tup.edu.ar,C3,Noche,18/02/2026,TP_02,TP,2026-04-13,,,No entrego
A00462,Gabriel Gonzalez,26,M,gabriel.gonzalez462@alumnos.tup.edu.ar,B1,Tarde,2026-03-01,Quiz_01,Quiz,30-03-2026,2026-03-29,7.0,A TIEMPO
A00436,Lucas Silva,31,M,lucas.silva436@alumnos.tup.edu.ar,B1,TARDE,17/02/2026,Quiz_01,Quiz,2026-03-30,,,No entrego
A00432,Florencia Lopez,17,F,florencia.lopez432@alumnos.tup.edu.ar,B1,Tarde,18/02/2026,TP_01,TP,16/03/2026,2026-03-11,"6,4",A TIEMPO
A00109,Joaquin Aguirre,33,Masculino,joaquin.aguirre109@alumnos.tup.edu.ar,B2,Tarde,2026-02-15,Quiz_03,Quiz,25/05/2026,2026-05-25,6.5,A tiempo
A00466,Diego Silva,22,M,diego.silva466@alumnos.tup.edu.ar,C4,Noche,2026-02-26,Quiz_03,Quiz,2026-05-25,2026-05-22,8.0,A tiempo
A00302,Nicolas Perez,22,M,nicolas.perez302@alumnos.tup.edu.ar,A3,Mañana,2026-03-07,Quiz_02,Quiz,2026-04-27,2026-04-26,8.4,a tiempo
A00499,Bruno Vega,21,M,bruno.vega499@alumnos.tup.edu.ar,B1,Tarde,2026-02-28,TP_03,TP,2026-05-11,2026-05-08,6.2,A tiempo
A00449,Pilar Martinez,18,M,pilar.martinez449@alumnos.tup.edu.ar,A3,Mañana,08/03/2026,Parcial_01,Parcial,2026-06-22,2026-06-19,"5,7",a tiempo
A00699,Isabella Garcia,30,M,isabella.garcia699@alumnos.tup.edu.ar,C1,Noche,18-02-2026,TP_03,TP,2026-05-11,,,no entregó
A00064,Benjamin Aguirre,21,Masculino,benjamin.aguirre64@alumnos.tup.edu.ar,A1,Mañana,07/03/2026,TP_02,TP,13/04/2026,20/04/2026,5.4,tarde
A00183,Thiago Ruiz,22,M,thiago.ruiz183@alumnos.tup.edu.ar,A3,Mañana,22-02-2026,Quiz_01,Quiz,30-03-2026,26/03/2026,4.3,A tiempo
A00076,Maximo Flores,17,M,maximo.flores76@alumnos.tup.edu.ar,C1,Noche,21/02/2026,Parcial_01,Parcial,2026-06-22,,,no entregó
A00344,Renata Ramirez,27,Femenino,renata.ramirez344@alumnos.tup.edu.ar,C2,Noche,2026-02-27,TP_03,TP,2026-05-11,,,NO ENTREGO
A00166,Camila Vega,18,M,camila.vega166@alumnos.tup.edu.ar,C1,Noche,2026-02-20,TP_01,TP,2026-03-16,,,NO ENTREGO
A00198,Nicolas Benitez,17,F,nicolas.benitez198@alumnos.tup.edu.ar,C2,Noche,2026-02-16,Quiz_01,Quiz,30-03-2026,26-03-2026,7.7,a tiempo
A00617,Valentina Castro,23,Masculino,valentina.castro617@alumnos.tup.edu.ar,B2,Tarde,2026-03-04,TP_04,TP,2026-06-08,2026-06-12,3.0,TARDE
A00379,Valentina Flores,27,Masculino,valentina.flores379@alumnos.tup.edu.ar,C1,Noche,2026-02-14,TP_02,TP,2026-04-13,2026-04-13,3.7,a tiempo
A00528,Santino Herrera,33,F,santino.herrera528@alumnos.tup.edu.ar,A3,Mañana,2026-03-01,TP_02,TP,2026-04-13,2026-04-09,5.9,A tiempo
A00497,Martina Ramirez,17,F,martina.ramirez497@alumnos.tup.edu.ar,A2,Mañana,2026-02-20,Quiz_02,Quiz,2026-04-27,01/05/2026,4.9,tarde
A00378,Lautaro Ruiz,20,M,lautaro.ruiz378@alumnos.tup.edu.ar,A2,Mañana,2026-02-25,TP_04,TP,2026-06-08,,,
A00668,Bruno Aguirre,22,M,bruno.aguirre668@alumnos.tup.edu.ar,B1,Tarde,2026-03-09,Parcial_01,Parcial,2026-06-22,,,No entrego
A00111,Maximo Romero,17,F,maximo.romero111@alumnos.tup.edu.ar,A1,Mañana,2026-02-15,TP_03,TP,2026-05-11,11-05-2026,8.1,A TIEMPO
A00319,julieta silva,19,F,julieta.silva319@alumnos.tup.edu.ar,C3,Noche,2026-03-05,TP_01,TP,16-03-2026,12/03/2026,8.8,A TIEMPO
A00099,Florencia Acosta,24,M,florencia.acosta99@alumnos.tup.edu.ar,A3,Mañana,2026-02-18,Parcial_01,Parcial,22-06-2026,2026-06-18,6.3,a tiempo
A00072,Bautista Nuñez,25,Masculino,bautista.nuñez72@alumnos.tup.edu.ar,C3,Noche,15-02-2026,Quiz_02,Quiz,27/04/2026,,,NO ENTREGO
A00499,Bruno Vega,21,M,bruno.vega499@alumnos.tup.edu.ar,B1,Tarde,2026-02-28,Quiz_03,Quiz,2026-05-25,,,no entregó
A00598,SOFIA CASTRO,18,F,sofia.castro598@alumnos.tup.edu.ar,A2,Mañana,2026-02-25,Quiz_02,Quiz,2026-04-27,2026-04-22,4.1,A tiempo
A00462,Gabriel Gonzalez,26,M,gabriel.gonzalez462@alumnos.tup.edu.ar,B1,Tarde,2026-03-01,Parcial_01,Parcial,2026-06-22,,,
A00537,Manuel Sosa,24,M,manuel.sosa537@@alumnos.tup.edu.ar,B2,Tarde,28/02/2026,TP_04,TP,08/06/2026,04/06/2026,6.5,a tiempo
A00498,Lucia Sosa,17,X,lucia.sosa498@alumnos.tup.edu.ar,A3,Mañana,2026-03-10,Quiz_01,Quiz,2026-03-30,2026-03-26,5.7,A TIEMPO
A00539,Olivia Sosa,21,F,olivia.sosa539@alumnos.tup.edu.ar,B1,Tarde,01/03/2026,Quiz_02,Quiz,2026-04-27,,,NO ENTREGO
A00019,Mia Sosa,23,Masculino,mia.sosa19@alumnos.tup.edu.ar,C3,Noche,2026-02-18,TP_03,TP,2026-05-11,2026-05-09,"5,9",a tiempo
A00194,Agustin Garcia,22,Masculino,agustin.garcia194@alumnos.tup.edu.ar,A3,Mañana,2026-02-23,Quiz_01,Quiz,30/03/2026,,,no entregó
A00507,Joaquin Herrera,22,Femenino,joaquin.herrera507@alumnos.tup.edu.ar,C2,Noche,2026-02-27,TP_02,TP,2026-04-13,12-04-2026,7.7,A TIEMPO
A00380,Benjamin Herrera,27,Femenino,benjamin.herrera380@alumnos.tup.edu.ar,B1,Tarde,2026-03-07,TP_03,TP,11/05/2026,06/05/2026,5.3,A TIEMPO
A00110,Diego Sosa,23,M,diego.sosa110@alumnos.tup.edu.ar,B2,Tarde,16/02/2026,Quiz_01,Quiz,2026-03-30,2026-03-28,7.8,A tiempo
A00125,Diego Acosta,17,F,diego.acosta125@alumnos.tup.edu.ar,C1,Noche,2026-02-20,Quiz_01,Quiz,2026-03-30,,,
A00334,Mateo Flores,17,Masculino,mateo.flores334@alumnos.tup.edu.ar,B2,Tarde,2026-02-24,TP_04,TP,2026-06-08,2026-06-06,5.3,a tiempo
A00298,LAUTARO ORTIZ,18,Femenino,lautaro.ortiz298@alumnos.tup.edu.ar,B1,Tarde,2026-03-10,TP_01,TP,2026-03-16,2026-03-21,5.7,TARDE
A00363,Lucas Molina,17,Femenino,lucas.molina363@alumnos.tup.edu.ar,B1,Tarde,14-02-2026,Parcial_01,Parcial,2026-06-22,,,
A00666,Tomas Sanchez,17,Femenino,tomas.sanchez666@alumnos.tup.edu.ar, c2 ,Noche,2026-02-15,TP_01,TP,16-03-2026,2026-03-12,4.9,A tiempo
A00483,Antonella Vega,33,Masculino,antonella.vega483@alumnos.tup.edu.ar,A3,Mañana,2026-02-15,TP_04,TP,2026-06-08,,,No entrego
A00692,Valentino Rojas,27,Femenino,valentino.rojas692@alumnos.tup.edu.ar,C2,Noche,2026-02-26,Quiz_02,Quiz,2026-04-27,,,No entrego
A00579,Lucas Benitez,19,F,lucas.benitez579@alumnos.tup.edu.ar,A1,Mañana,2026-03-06,Quiz_01,Quiz,2026-03-30,29/03/2026,6.7,A tiempo
A00452,Guadalupe Flores,29,M,guadalupe.flores452@alumnos.tup.edu.ar,A3,Mañana,2026-02-28,TP_02,TP,2026-04-13,10/04/2026,8.9,A tiempo
A00558,Antonella Martinez,19,F,antonella.martinez558@alumnos.tup.edu.ar,A2,Mañana,2026-03-10,Quiz_02,Quiz,2026-04-27,,,NO ENTREGO
A00165,Isabella Castro,18,Femenino,isabella.castro165@alumnos.tup.edu.ar,B2,Tarde,09-03-2026,TP_04,TP,2026-06-08,,,No entrego
A00367,Antonella Vega,26,Masculino,antonella.vega367@alumnos.tup.edu.ar,C2,NOCHE,2026-02-18,Quiz_02,Quiz,2026-04-27,2026-04-24,9.1,A tiempo
A00668,Bruno Aguirre,22,M,bruno.aguirre668@alumnos.tup.edu.ar,B1,Tarde,09/03/2026,Quiz_03,Quiz,25/05/2026,,,No entrego
A00404,Victoria Torres,23,F,victoria.torres404@alumnos.tup.edu.ar,B1,Tarde,2026-03-01,TP_01,TP,2026-03-16,2026-03-13,7.8,A tiempo
A00265,PILAR RUIZ,23,Femenino,pilar.ruiz265@alumnos.tup.edu.ar,C4,Noche,2026-02-17,Parcial_01,Parcial,2026-06-22,19/06/2026,7.0,A tiempo
A00348,Sofia Herrera,17,X,sofia.herrera348@alumnos.tup.edu.ar,B1,Tarde,26/02/2026,TP_04,TP,2026-06-08,12-06-2026,7.2,tarde
A00687,Pilar Romero,21,F,pilar.romero687@alumnos.tup.edu.ar,C1,Noche,09/03/2026,TP_04,TP,2026-06-08,2026-06-07,"8,3",a tiempo
A00443,Florencia Gonzalez,23,Femenino,florencia.gonzalez443@alumnos.tup.edu.ar,C4,Noche,2026-03-05,Parcial_01,Parcial,22/06/2026,2026-06-22,8.0,A TIEMPO
A00131,Felipe Luna,28,F,felipe.luna131@alumnos.tup.edu.ar,C3,Noche,2026-03-09,TP_03,TP,2026-05-11,,,
A00349,Pilar Perez,29,F,,B2,Tarde,09/03/2026,Quiz_02,Quiz,2026-04-27,,,no entregó
A00429,Thiago Perez,22,Femenino,thiago.perez429@alumnos.tup.edu.ar,C4,Noche,2026-03-11,Quiz_02,Quiz,27-04-2026,25/04/2026,9.8,A tiempo
A00050,Lucas Ramirez,17,Masculino,lucas.ramirez50@alumnos.tup.edu.ar,B2,Tarde,2026-02-17,TP_04,TP,08-06-2026,2026-06-06,"6,4",A tiempo
A00664,Benjamin Lopez,17,M,benjamin.lopez664@alumnos.tup.edu.ar,C2,Noche,2026-03-03,TP_03,TP,2026-05-11,09/05/2026,8.7,A tiempo
A00253,Santino Flores,24,M,santino.flores253@alumnos.tup.edu.ar,A1,Mañana,2026-03-04,TP_02,TP,2026-04-13,2026-04-09,7.1,A TIEMPO
A00332,Lucas Garcia,22,M,lucas.garcia332@@alumnos.tup.edu.ar,A3,Mañana,20/02/2026,Quiz_01,Quiz,2026-03-30,2026-03-26,7.1,a tiempo
A00435,Bruno Flores,19,Masculino,bruno.flores435@alumnos.tup.edu.ar,A1,Mañana,2026-02-20,Quiz_01,Quiz,2026-03-30,2026-03-28,4.5,A tiempo
A00618,Mora Martinez,24,F,mora.martinez618@alumnos.tup.edu.ar,B2,Tarde,2026-02-25,TP_04,TP,08/06/2026,2026-06-07,7.2,A TIEMPO
A00671,Agustin Cabrera,23,Masculino,agustin.cabrera671@alumnos.tup.edu.ar,B1,Tarde,2026-02-24,TP_03,TP,2026-05-11,,,
A00545,Bautista Martinez,29,Femenino,,B1,Tarde,2026-03-03,TP_04,TP,2026-06-08,,,
A00073,Diego Alvarez,19,F,diego.alvarez73@alumnos.tup.edu.ar,B1,Tarde,2026-03-10,Parcial_01,Parcial,22-06-2026,,,No entrego
A00312,Mia Garcia,29,M,mia.garcia312@alumnos.tup.edu.ar,B1,Tarde,2026-03-05,Quiz_01,Quiz,2026-03-30,,,No entrego
A00111,Maximo Romero,17,F,maximo.romero111@alumnos.tup.edu.ar,A1,Mañana,2026-02-15,TP_02,TP,2026-04-13,08/04/2026,"8,0",A TIEMPO
A00413,Mora Diaz,17,F,mora.diaz413@alumnos.tup.edu.ar,B1,Tarde,2026-02-20,TP_03,TP,2026-05-11,08-05-2026,"7,7",A TIEMPO
A00128,Nicolas Cabrera,25,M,nicolas.cabrera128@alumnos.tup.edu.ar,C2,Noche,21-02-2026,TP_02,TP,2026-04-13,2026-04-17,8.1,tarde
A00562,BRUNO FERNANDEZ,21,F,bruno.fernandez562@alumnos.tup.edu.ar,B2,Tarde,22/02/2026,Quiz_02,Quiz,2026-04-27,2026-04-22,"8,8",A tiempo
A00472,Mora Sanchez,27,Femenino,mora.sanchez472@alumnos.tup.edu.ar,C4,Noche,2026-02-19,Parcial_01,Parcial,2026-06-22,2026-06-17,3.3,A tiempo
A00360,Catalina Cabrera,23,M,catalina.cabrera360@alumnos.tup.edu.ar,C2,Noche,22/02/2026,Quiz_02,Quiz,27-04-2026,2026-04-24,3.4,A TIEMPO
A00384,MIA ACOSTA,27,F,mia.acosta384@alumnos.tup.edu.ar,B1,Tarde,2026-03-11,Parcial_01,Parcial,22-06-2026,2026-06-18,8.7,A TIEMPO
A00018,Joaquin Luna,21,F,joaquin.luna18@alumnos.tup.edu.ar,C1,Noche,2026-02-17,TP_03,TP,11-05-2026,2026-05-10,5.5,A TIEMPO
A00293,NICOLAS SANCHEZ,17,F,nicolas.sanchez293@alumnos.tup.edu.ar,B1,Tarde,2026-03-03,TP_01,TP,16/03/2026,2026-03-18,6.7,tarde
A00411,Martina Rodriguez,18,M,martina.rodriguez411@alumnos.tup.edu.ar,C1,Noche,21/02/2026,TP_01,TP,2026-03-16,,,
A00618,Mora Martinez,24,F,mora.martinez618@alumnos.tup.edu.ar,B2,Tarde,2026-02-25,Quiz_01,Quiz,30/03/2026,2026-04-05,7.6,TARDE
A00351,Manuel Cabrera,17,Masculino,manuel.cabrera351@alumnos.tup.edu.ar, c3 ,NOCHE,2026-03-02,TP_02,TP,13-04-2026,,,no entregó
A00102,Benjamin Benitez,25,F,benjamin.benitez102@alumnos.tup.edu.ar,C2,Noche,2026-02-14,TP_02,TP,2026-04-13,2026-04-13,"7,3",a tiempo
A00249,Agustin Torres,21,F,agustin.torres249@alumnos.tup.edu.ar,C1,Noche,2026-02-16,Quiz_01,Quiz,2026-03-30,2026-03-29,7.6,A tiempo
A00099,Florencia Acosta,24,M,florencia.acosta99@alumnos.tup.edu.ar,A3,Mañana,2026-02-18,Quiz_01,Quiz,30/03/2026,08/04/2026,6.6,tarde
A00187,valentina medina,29,F,valentina.medina187@alumnos.tup.edu.ar,A1,Mañana,19-02-2026,Quiz_01,Quiz,2026-03-30,2026-04-11,"6,2",tarde
A00621,Diego Acosta,19,F,diego.acosta621@alumnos.tup.edu.ar,C1,Noche,2026-02-15,Parcial_01,Parcial,2026-06-22,,,No entrego
A00341,Nicolas Gonzalez,25,M,nicolas.gonzalez341@alumnos.tup.edu.ar,C4,Noche,2026-02-28,TP_03,TP,2026-05-11,2026-05-07,7.1,a tiempo
A00350,Pilar Gonzalez,21,Masculino,pilar.gonzalez350@alumnos.tup.edu.ar,C4,Noche,27/02/2026,Quiz_02,Quiz,2026-04-27,2026-04-24,3.9,a tiempo
A00517,Agustin Acosta,22,M,agustin.acosta517@alumnos.tup.edu.ar,A1,Mañana,2026-03-09,TP_04,TP,08-06-2026,07/06/2026,6.5,a tiempo
A00580,Martina Fernandez,23,M,martina.fernandez580@alumnos.tup.edu.ar, b1 ,Tarde,2026-03-07,TP_02,TP,13-04-2026,2026-04-08,"6,7",a tiempo
A00051,Diego Castro,19,M,diego.castro51@alumnos.tup.edu.ar,A1,Mañana,22-02-2026,Quiz_02,Quiz,27-04-2026,2026-04-24,6.8,a tiempo
A00364,Valentino Medina,22,M,valentino.medina364@alumnos.tup.edu.ar,B2,Tarde,2026-02-28,TP_02,TP,2026-04-13,2026-04-08,5.4,A TIEMPO
A00412,Mora Aguirre,25,M,mora.aguirre412@alumnos.tup.edu.ar,A1,MAÑANA,2026-02-14,TP_03,TP,2026-05-11,2026-05-07,"3,9",A tiempo
A00122,Santino Rojas,23,F,santino.rojas122@alumnos.tup.edu.ar,C3,Noche,22/02/2026,TP_03,TP,2026-05-11,2026-05-08,7.8,A TIEMPO
A00213,Bautista Acosta,35,Masculino,bautista.acosta213@alumnos.tup.edu.ar,C3,Noche,2026-03-06,TP_01,TP,2026-03-16,2026-03-14,8.3,A tiempo
A00142,Pilar Medina,19,M,pilar.medina142@alumnos.tup.edu.ar,A1,Mañana,2026-02-22,TP_01,TP,2026-03-16,13/03/2026,3.1,A tiempo
A00675,Lucia Herrera,31,M,lucia.herrera675@alumnos.tup.edu.ar,C1,Noche,2026-03-10,Quiz_01,Quiz,30/03/2026,2026-04-09,4.4,tarde
A00090,Joaquin Ramirez,29,M,joaquin.ramirez90@alumnos.tup.edu.ar,A2,Mañana,16/02/2026,TP_04,TP,2026-06-08,,,
A00434,Mia Cabrera,17,F,mia.cabrera434@alumnos.tup.edu.ar,A1,Mañana,2026-03-01,Quiz_03,Quiz,25-05-2026,2026-05-20,8.4,A tiempo
A00405,Camila Garcia,17,Masculino,camila.garcia405@alumnos.tup.edu.ar,B1,Tarde,20-02-2026,Quiz_01,Quiz,2026-03-30,26/03/2026,8.1,A tiempo
A00432,Florencia Lopez,17,F,florencia.lopez432@alumnos.tup.edu.ar,B1,Tarde,18-02-2026,TP_04,TP,2026-06-08,2026-06-20,"7,6",tarde
A00434,Mia Cabrera,17,F,mia.cabrera434@alumnos.tup.edu.ar,A1,Mañana,2026-03-01,Quiz_01,Quiz,2026-03-30,27/03/2026,"8,7",A tiempo
A00528,Santino Herrera,33,F,santino.herrera528@alumnos.tup.edu.ar,A3,Mañana,2026-03-01,TP_03,TP,2026-05-11,2026-05-11,5.3,A tiempo
A00086,antonella suarez,25,F,antonella.suarez86@alumnos.tup.edu.ar,B1,Tarde,23-02-2026,TP_01,TP,2026-03-16,2026-03-26,6.7,tarde
A00630,Isabella Herrera,24,M,isabella.herrera630@alumnos.tup.edu.ar,C4,Noche,2026-02-27,TP_03,TP,2026-05-11,2026-05-10,7.4,A tiempo
A00586,Felipe Lopez,22,F,felipe.lopez586@alumnos.tup.edu.ar,B1,Tarde,2026-03-09,Quiz_01,Quiz,30-03-2026,29-03-2026,"7,3",A TIEMPO
A00521,Renata Benitez,20,M,renata.benitez521@alumnos.tup.edu.ar,B2,Tarde,2026-02-14,TP_04,TP,2026-06-08,,,NO ENTREGO
A00230,Paula Ruiz,17,M,,C4,Noche,2026-02-19,Quiz_02,Quiz,2026-04-27,,,
A00341,Nicolas Gonzalez,25,M,nicolas.gonzalez341@alumnos.tup.edu.ar,C4,Noche,2026-02-28,TP_01,TP,16/03/2026,2026-03-16,2.7,A TIEMPO
A00332,Lucas Garcia,22,M,lucas.garcia332@@alumnos.tup.edu.ar,A3,Mañana,2026-02-20,TP_04,TP,2026-06-08,,,no entregó
A00246,NICOLAS BENITEZ,18,F,nicolas.benitez246@alumnos.tup.edu.ar,C3,Noche,2026-02-16,TP_01,TP,16/03/2026,2026-03-12,8.0,A TIEMPO
A00173,Florencia Suarez,17,femenino,florencia.suarez173@alumnos.tup.edu.ar,B2,Tarde,2026-03-04,Quiz_03,Quiz,2026-05-25,04/06/2026,4.1,tarde
A00033,Florencia Medina,23,M,florencia.medina33@alumnos.tup.edu.ar,B1,Tarde,22-02-2026,Parcial_01,Parcial,2026-06-22,,,no entregó
A00160,Maximo Rodriguez,17,M,maximo.rodriguez160@alumnos.tup.edu.ar,A2,Mañana,2026-03-01,Parcial_01,Parcial,2026-06-22,2026-06-20,5.8,A tiempo
A00524,Camila Castro,17,Masculino,,C2,Noche,2026-03-10,Quiz_02,Quiz,2026-04-27,25-04-2026,9.0,A TIEMPO
A00155,Renata Ramirez,23,F,renata.ramirez155@alumnos.tup.edu.ar,A2,Mañana,2026-03-11,Quiz_03,Quiz,2026-05-25,2026-05-25,7.0,A TIEMPO
A00337,Mateo Aguirre,21,F,mateo.aguirre337@alumnos.tup.edu.ar,C2,Noche,2026-03-02,Parcial_01,Parcial,2026-06-22,,,
A00005,Thiago Luna,31,M,thiago.luna5@alumnos.tup.edu.ar,B2,Tarde,2026-02-28,Quiz_02,Quiz,27/04/2026,2026-04-25,8.2,a tiempo
A00697,Benjamin Acosta,26,F,benjamin.acosta697@alumnos.tup.edu.ar,A3,Mañana,2026-02-24,TP_01,TP,2026-03-16,2026-03-15,7.2,A tiempo
A00359,Lucas Garcia,28,M,lucas.garcia359@alumnos.tup.edu.ar,B1,Tarde,2026-03-05,TP_01,TP,2026-03-16,2026-03-26,5.2,TARDE
A00136,Lautaro Ramirez,24,F,lautaro.ramirez136@alumnos.tup.edu.ar,B1,Tarde,04-03-2026,TP_01,TP,2026-03-16,16-03-2026,6.2,A TIEMPO
A00101,Ignacio Perez,17,F,ignacio.perez101@alumnos.tup.edu.ar,B1,Tarde,2026-02-24,TP_02,TP,2026-04-13,2026-04-12,7.3,a tiempo
A00009,Catalina Herrera,20,Femenino,catalina.herrera9@alumnos.tup.edu.ar,A3,Mañana,2026-03-03,Parcial_01,Parcial,22/06/2026,,,no entregó
A00261,Thiago Nuñez,18,M,thiago.nuñez261@alumnos.tup.edu.ar,B1,Tarde,04/03/2026,TP_03,TP,11/05/2026,09-05-2026,8.4,A TIEMPO
A00593,gabriel fernandez,21,Masculino,gabriel.fernandez593@alumnos.tup.edu.ar,B2,Tarde,2026-02-20,TP_04,TP,2026-06-08,,,no entregó
A00363,Lucas Molina,17,Femenino,lucas.molina363@alumnos.tup.edu.ar,B1,Tarde,2026-02-14,TP_03,TP,11/05/2026,2026-05-08,10.0,A TIEMPO
A00365,Felipe Martinez,20,Femenino,felipe.martinez365@alumnos.tup.edu.ar,B2,Tarde,2026-03-09,Quiz_02,Quiz,2026-04-27,,,no entregó
A00223,Gabriel Torres,19,M,gabriel.torres223@alumnos.tup.edu.ar,A3,MAÑANA,17/02/2026,Parcial_01,Parcial,22/06/2026,22/06/2026,5.4,a tiempo
A00189,Felipe Ruiz,23,M,,B1,Tarde,2026-02-26,Quiz_01,Quiz,2026-03-30,,,
A00121,Lucia Ramirez,24,F,lucia.ramirez121@alumnos.tup.edu.ar,A3,Mañana,11/03/2026,TP_01,TP,2026-03-16,2026-03-18,7.2,Tarde
A00391,Pilar Torres,21,F,pilar.torres391@alumnos.tup.edu.ar,B1,Tarde,09/03/2026,Quiz_02,Quiz,27-04-2026,,,No entrego
A00223,Gabriel Torres,19,M,gabriel.torres223@alumnos.tup.edu.ar,A3,MAÑANA,2026-02-17,TP_04,TP,08/06/2026,2026-06-14,3.9,tarde
A00402,Mora Acosta,20,M,mora.acosta402@alumnos.tup.edu.ar,C1,Noche,04/03/2026,Quiz_03,Quiz,2026-05-25,2026-05-22,7.2,a tiempo
A00442,Mateo Fernandez,24,F,mateo.fernandez442@alumnos.tup.edu.ar,C3,Noche,2026-03-11,Quiz_01,Quiz,2026-03-30,2026-03-26,5.6,A TIEMPO
A00516,Pilar Rojas,28,Femenino,pilar.rojas516@alumnos.tup.edu.ar,A1,Mañana,2026-02-24,Quiz_02,Quiz,2026-04-27,2026-04-27,"10,0",A tiempo
A00042,Emma Garcia,28,Femenino,emma.garcia42@@alumnos.tup.edu.ar,A3,Mañana,2026-02-23,Quiz_03,Quiz,2026-05-25,,,No entrego
A00402,Mora Acosta,20,M,mora.acosta402@alumnos.tup.edu.ar,C1,Noche,04/03/2026,TP_01,TP,2026-03-16,2026-03-15,6.0,A TIEMPO
A00273,Bautista Gonzalez,17,M,bautista.gonzalez273@alumnos.tup.edu.ar,C3,Noche,2026-03-10,Quiz_02,Quiz,27/04/2026,2026-05-07,6.1,TARDE
A00694,Federico Vega,20,M,federico.vega694@alumnos.tup.edu.ar,C3,Noche,2026-02-20,TP_03,TP,11/05/2026,,,NO ENTREGO
A00339,Renata Medina,23,F,renata.medina339@alumnos.tup.edu.ar,A1,Mañana,2026-03-03,TP_01,TP,2026-03-16,20/03/2026,"7,4",TARDE
A00561,Victoria Lopez,18,M,victoria.lopez561@alumnos.tup.edu.ar,B2,Tarde,2026-03-09,TP_01,TP,2026-03-16,12-03-2026,7.9,A TIEMPO
A00117,Julieta Fernandez,20,F,julieta.fernandez117@alumnos.tup.edu.ar,B2,Tarde,2026-03-01,TP_04,TP,08/06/2026,2026-06-07,6.4,A tiempo
A00476,Lucas Ruiz,23,F,lucas.ruiz476@alumnos.tup.edu.ar,B1,Tarde,2026-03-07,Quiz_02,Quiz,2026-04-27,2026-04-26,"9,7",a tiempo
A00105,Agustin Alvarez,20,F,agustin.alvarez105@alumnos.tup.edu.ar,A2,Mañana,04/03/2026,TP_04,TP,2026-06-08,2026-06-04,4.6,a tiempo
A00430,Felipe Sanchez,25,femenino,felipe.sanchez430@alumnos.tup.edu.ar,C4,Noche,26/02/2026,Parcial_01,Parcial,2026-06-22,,,no entregó
A00171,Manuel Rojas,18,F,manuel.rojas171@alumnos.tup.edu.ar,C2,Noche,2026-02-25,Quiz_03,Quiz,25/05/2026,,,
A00548,Mateo Herrera,21,M,mateo.herrera548@alumnos.tup.edu.ar,C4,Noche,2026-02-17,TP_02,TP,2026-04-13,2026-04-09,6.6,a tiempo
A00070,Agustin Lopez,24,M,agustin.lopez70@alumnos.tup.edu.ar,C3,Noche,2026-02-17,Quiz_01,Quiz,2026-03-30,2026-03-31,8.1,Tarde
A00405,Camila Garcia,17,Masculino,camila.garcia405@alumnos.tup.edu.ar,B1,Tarde,20/02/2026,Parcial_01,Parcial,22-06-2026,2026-06-22,7.2,A tiempo
A00334,Mateo Flores,17,Masculino,mateo.flores334@alumnos.tup.edu.ar,B2,Tarde,24/02/2026,Quiz_01,Quiz,2026-03-30,30-03-2026,"7,9",A TIEMPO
A00322,Federico Suarez,25,M,federico.suarez322@alumnos.tup.edu.ar,B2,Tarde,2026-03-03,Quiz_01,Quiz,2026-03-30,29/03/2026,9.3,A tiempo
A00111,Maximo Romero,17,F,maximo.romero111@alumnos.tup.edu.ar,A1,Mañana,15/02/2026,TP_04,TP,2026-06-08,05/06/2026,9.2,A TIEMPO
A00608,Delfina Torres,20,Femenino,,B2,Tarde,25/02/2026,TP_01,TP,2026-03-16,11/03/2026,5.5,A TIEMPO
A00496,Valentina Silva,23,M,valentina.silva496@alumnos.tup.edu.ar,C1,Noche,2026-02-24,TP_04,TP,2026-06-08,05-06-2026,"6,1",A tiempo
A00007,Pilar Gonzalez,28,F,pilar.gonzalez7@alumnos.tup.edu.ar,B1,Tarde,2026-02-14,TP_03,TP,2026-05-11,,,no entregó
A00615,Agustin Nuñez,17,F,agustin.nuñez615@alumnos.tup.edu.ar,C1,Noche,2026-02-17,Quiz_01,Quiz,2026-03-30,27/03/2026,7.4,A tiempo
A00070,Agustin Lopez,24,M,agustin.lopez70@alumnos.tup.edu.ar,C3,Noche,2026-02-17,TP_01,TP,16/03/2026,2026-03-24,7.3,tarde
A00683,Delfina Diaz,17,Masculino,delfina.diaz683@alumnos.tup.edu.ar,A1,Mañana,2026-02-24,TP_02,TP,13/04/2026,,,NO ENTREGO
A00022,Emma Garcia,27,Masculino,emma.garcia22@alumnos.tup.edu.ar,B1,Tarde,2026-02-28,Quiz_03,Quiz,2026-05-25,2026-05-20,8.1,A tiempo
A00112,Lucia Acosta,32,F,lucia.acosta112@alumnos.tup.edu.ar,B2,Tarde,2026-03-03,Quiz_02,Quiz,2026-04-27,2026-04-27,6.6,A tiempo
A00134,santino romero,24,F,santino.romero134@alumnos.tup.edu.ar,A1,Mañana,2026-02-23,TP_04,TP,08/06/2026,,,No entrego
A00231,Valentino Cabrera,18,M,valentino.cabrera231@alumnos.tup.edu.ar,B2,Tarde,2026-03-01,Quiz_02,Quiz,27/04/2026,2026-04-26,5.7,a tiempo
A00652,Tomas Nuñez,23,M,tomas.nuñez652@alumnos.tup.edu.ar,C4,Noche,2026-03-02,Quiz_03,Quiz,2026-05-25,21-05-2026,7.7,A TIEMPO
A00347,Santino Molina,19,M,santino.molina347@alumnos.tup.edu.ar,C3,Noche,2026-02-18,Quiz_03,Quiz,25-05-2026,,,No entrego
A00221,Antonella Acosta,32,F,antonella.acosta221@alumnos.tup.edu.ar,B2,Tarde,2026-03-09,Quiz_01,Quiz,2026-03-30,2026-03-25,8.1,A tiempo
A00168,Lucas Perez,17,M,lucas.perez168@alumnos.tup.edu.ar,B1,Tarde,2026-03-06,Parcial_01,Parcial,2026-06-22,2026-07-01,7.9,Tarde
A00539,Olivia Sosa,21,F,olivia.sosa539@alumnos.tup.edu.ar,B1,Tarde,2026-03-01,Quiz_03,Quiz,2026-05-25,06/06/2026,5.3,tarde
A00125,Diego Acosta,17,F,diego.acosta125@alumnos.tup.edu.ar,C1,Noche,20/02/2026,TP_02,TP,2026-04-13,2026-04-13,6.1,A TIEMPO
A00310,Guadalupe Ortiz,21,M,guadalupe.ortiz310@alumnos.tup.edu.ar,B2,Tarde,2026-02-25,TP_01,TP,2026-03-16,2026-03-16,"6,6",A tiempo
A00325,Catalina Suarez,23,M,catalina.suarez325@alumnos.tup.edu.ar,C2,Noche,2026-02-19,TP_01,TP,16/03/2026,2026-03-19,3.4,Tarde
A00312,Mia Garcia,29,M,mia.garcia312@alumnos.tup.edu.ar,B1,Tarde,2026-03-05,Quiz_02,Quiz,27/04/2026,2026-04-22,4.6,A TIEMPO
A00616,Martina Garcia,35,F,martina.garcia616@alumnos.tup.edu.ar,B1,TARDE,2026-02-22,Quiz_02,Quiz,2026-04-27,2026-04-24,"6,9",A TIEMPO
A00287,Federico Medina,20,Femenino,federico.medina287@alumnos.tup.edu.ar,C4,Noche,22/02/2026,Quiz_02,Quiz,2026-04-27,2026-04-23,6.8,a tiempo
A00003,Mateo Benitez,25,F,mateo.benitez3@alumnos.tup.edu.ar,B2,Tarde,22/02/2026,Quiz_01,Quiz,2026-03-30,2026-03-28,5.9,A TIEMPO
A00686,Lucas Luna,20,F,lucas.luna686@alumnos.tup.edu.ar,C4,Noche,2026-02-17,TP_04,TP,2026-06-08,2026-06-06,"7,4",A tiempo
A00336,  Renata Castro ,24,Masculino,renata.castro336@alumnos.tup.edu.ar,B1,Tarde,2026-02-17,TP_03,TP,11/05/2026,07/05/2026,7.1,A tiempo
A00264,Antonella Molina,17,F,antonella.molina264@alumnos.tup.edu.ar,B1,Tarde,2026-03-03,TP_02,TP,2026-04-13,,,
A00639,Antonella Luna,24,M,antonella.luna639@alumnos.tup.edu.ar,B2,TARDE,2026-02-19,Quiz_03,Quiz,2026-05-25,,,No entrego
A00044,Gabriel Rojas,20,M,gabriel.rojas44@alumnos.tup.edu.ar,B2,Tarde,2026-02-17,TP_04,TP,2026-06-08,,,NO ENTREGO
A00652,Tomas Nuñez,23,M,tomas.nuñez652@alumnos.tup.edu.ar,C4,Noche,2026-03-02,TP_04,TP,08-06-2026,2026-06-04,7.7,a tiempo
A00445,Paula Alvarez,22,Masculino,paula.alvarez445@alumnos.tup.edu.ar,B1,TARDE,2026-03-06,TP_03,TP,2026-05-11,2026-05-09,9.6,a tiempo
A00358,Lucia Romero,20,F,lucia.romero358@alumnos.tup.edu.ar,B1,Tarde,2026-03-03,TP_04,TP,2026-06-08,2026-06-03,"8,0",A TIEMPO
A00366,Isabella Torres,23,F,isabella.torres366@alumnos.tup.edu.ar,C4,NOCHE,20/02/2026,Parcial_01,Parcial,22/06/2026,,,NO ENTREGO
A00669,Bautista Torres,22,M,bautista.torres669@alumnos.tup.edu.ar,C4,Noche,2026-02-14,Quiz_03,Quiz,2026-05-25,2026-05-20,6.4,A tiempo
A00623,Florencia Herrera,18,F,florencia.herrera623@alumnos.tup.edu.ar,A1,Mañana,2026-03-01,Quiz_01,Quiz,30/03/2026,2026-03-30,3.8,A TIEMPO
A00166,Camila Vega,18,M,camila.vega166@alumnos.tup.edu.ar,C1,Noche,20/02/2026,TP_02,TP,2026-04-13,,,no entregó
A00130,  Benjamin Rojas ,31,M,benjamin.rojas130@alumnos.tup.edu.ar,C1,Noche,2026-02-18,TP_03,TP,2026-05-11,2026-05-09,"7,7",A TIEMPO
A00546,Antonella Gonzalez,17,F,antonella.gonzalez546@alumnos.tup.edu.ar,C1,Noche,2026-02-14,TP_03,TP,2026-05-11,2026-05-10,2.0,A TIEMPO
A00127,Mora Rodriguez,21,M,mora.rodriguez127@alumnos.tup.edu.ar,A1,Mañana,2026-02-25,TP_02,TP,2026-04-13,,,No entrego
A00696,  Joaquin Sosa ,22,M,joaquin.sosa696@alumnos.tup.edu.ar, c2 ,Noche,22-02-2026,TP_04,TP,08/06/2026,,,No entrego
A00442,Mateo Fernandez,24,F,mateo.fernandez442@alumnos.tup.edu.ar,C3,Noche,11-03-2026,Parcial_01,Parcial,2026-06-22,2026-06-28,3.6,TARDE
A00133,Thiago Cabrera,24,M,thiago.cabrera133@alumnos.tup.edu.ar,C4,Noche,16/02/2026,Quiz_03,Quiz,2026-05-25,2026-05-22,6.3,A tiempo
A00159,Catalina Alvarez,17,femenino,catalina.alvarez159@alumnos.tup.edu.ar,A3,Mañana,2026-02-18,TP_03,TP,2026-05-11,2026-05-07,"7,4",A tiempo
A00243,Ignacio Martinez,17,Masculino,ignacio.martinez243@alumnos.tup.edu.ar, c2 ,Noche,2026-03-03,TP_04,TP,2026-06-08,2026-06-03,6.8,a tiempo
A00614,Ignacio Gonzalez,17,M,ignacio.gonzalez614@alumnos.tup.edu.ar,A2,Mañana,27/02/2026,TP_04,TP,08/06/2026,2026-06-13,6.7,tarde
A00034,Valentino Ortiz,26,Masculino,valentino.ortiz34@alumnos.tup.edu.ar,C1,Noche,2026-02-18,TP_04,TP,2026-06-08,,,NO ENTREGO
A00213,Bautista Acosta,35,Masculino,bautista.acosta213@alumnos.tup.edu.ar,C3,Noche,2026-03-06,Quiz_02,Quiz,2026-04-27,2026-04-26,"4,5",a tiempo
A00392,Tomas Rojas,17,F,tomas.rojas392@alumnos.tup.edu.ar,C3,Noche,2026-02-27,Quiz_03,Quiz,2026-05-25,2026-05-25,8.0,A TIEMPO
A00214,Mia Silva,27,M,mia.silva214@alumnos.tup.edu.ar,C4,Noche,2026-02-27,TP_02,TP,13-04-2026,2026-04-12,7.1,A TIEMPO
A00085,Lucia Medina,27,F,lucia.medina85@alumnos.tup.edu.ar,C4,Noche,2026-03-09,TP_03,TP,11/05/2026,,,No entrego
A00666,Tomas Sanchez,17,Femenino,tomas.sanchez666@alumnos.tup.edu.ar, c2 ,Noche,2026-02-15,TP_03,TP,11/05/2026,2026-05-18,4.0,tarde
A00471,Catalina Perez,19,F,catalina.perez471@alumnos.tup.edu.ar,C4,Noche,2026-02-14,TP_01,TP,16/03/2026,2026-03-14,7.5,a tiempo
A00398,Antonella Castro,31,F,antonella.castro398@alumnos.tup.edu.ar,B1,Tarde,2026-02-28,Parcial_01,Parcial,2026-06-22,,,no entregó
A00522,Camila Torres,20,M,camila.torres522@alumnos.tup.edu.ar,B2,Tarde,26/02/2026,Quiz_03,Quiz,2026-05-25,,,No entrego
A00680,Emma Garcia,24,M,emma.garcia680@alumnos.tup.edu.ar,C4,Noche,2026-02-18,TP_04,TP,2026-06-08,2026-06-08,8.2,A TIEMPO
A00400,martina silva,24,F,,C1,Noche,2026-02-17,TP_01,TP,2026-03-16,2026-03-11,7.6,a tiempo
A00186,Florencia Benitez,28,F,florencia.benitez186@alumnos.tup.edu.ar, a1 ,Mañana,2026-03-06,Quiz_01,Quiz,30-03-2026,03/04/2026,6.6,TARDE
A00381,Sofia Torres,21,F,sofia.torres381@alumnos.tup.edu.ar,A3,Mañana,10/03/2026,TP_01,TP,2026-03-16,2026-03-19,"6,1",TARDE
A00394,Valentino Suarez,18,femenino,valentino.suarez394@alumnos.tup.edu.ar, c2 ,Noche,01/03/2026,Parcial_01,Parcial,2026-06-22,17/06/2026,6.1,a tiempo
A00580,Martina Fernandez,23,M,martina.fernandez580@alumnos.tup.edu.ar, b1 ,Tarde,07-03-2026,TP_01,TP,2026-03-16,2026-03-21,6.6,Tarde
A00032,Federico Herrera,22,F,federico.herrera32@alumnos.tup.edu.ar,A2,Mañana,2026-03-05,Quiz_01,Quiz,2026-03-30,2026-03-25,7.2,a tiempo
A00336,  Renata Castro ,24,Masculino,renata.castro336@alumnos.tup.edu.ar,B1,Tarde,2026-02-17,TP_01,TP,16-03-2026,2026-03-25,6.8,tarde
A00028,nicolas torres,23,M,nicolas.torres28@alumnos.tup.edu.ar,A2,Mañana,2026-02-17,TP_03,TP,11/05/2026,2026-05-11,6.8,A tiempo
A00364,Valentino Medina,22,M,valentino.medina364@alumnos.tup.edu.ar,B2,Tarde,2026-02-28,Quiz_01,Quiz,2026-03-30,2026-04-09,3.5,TARDE
A00518,Nicolas Diaz,28,Masculino,nicolas.diaz518@alumnos.tup.edu.ar,B1,Tarde,03/03/2026,TP_04,TP,2026-06-08,,,No entrego
A00491,Felipe Sanchez,28,M,felipe.sanchez491@alumnos.tup.edu.ar,C2,NOCHE,2026-02-17,TP_01,TP,2026-03-16,2026-03-15,"7,7",A tiempo
A00439,Olivia Torres,17,M,olivia.torres439@alumnos.tup.edu.ar,C2,Noche,2026-02-25,TP_03,TP,2026-05-11,2026-05-12,6.6,TARDE
A00590,Guadalupe Luna,20,M,guadalupe.luna590@alumnos.tup.edu.ar,C4,Noche,2026-02-16,TP_02,TP,2026-04-13,2026-04-12,"5,5",a tiempo
A00068,Martina Garcia,19,F,martina.garcia68@alumnos.tup.edu.ar,A1,Mañana,2026-02-25,Quiz_02,Quiz,2026-04-27,2026-04-25,"4,9",A TIEMPO
A00458,Paula Castro,28,X,paula.castro458@alumnos.tup.edu.ar,A2,Mañana,2026-03-03,Parcial_01,Parcial,2026-06-22,,,
A00160,Maximo Rodriguez,17,M,maximo.rodriguez160@alumnos.tup.edu.ar,A2,Mañana,2026-03-01,TP_02,TP,13/04/2026,10/04/2026,5.4,a tiempo
A00515,  Valentino Diaz ,22,F,valentino.diaz515@alumnos.tup.edu.ar,C4,Noche,2026-02-23,Quiz_01,Quiz,2026-03-30,28/03/2026,6.4,a tiempo
A00539,Olivia Sosa,21,F,olivia.sosa539@alumnos.tup.edu.ar,B1,Tarde,2026-03-01,TP_01,TP,2026-03-16,,,No entrego
A00621,Diego Acosta,19,F,diego.acosta621@alumnos.tup.edu.ar,C1,Noche,2026-02-15,TP_01,TP,16/03/2026,,,NO ENTREGO
A00191,Antonella Silva,24,Masculino,antonella.silva191@alumnos.tup.edu.ar,A3,Mañana,2026-02-26,TP_02,TP,2026-04-13,12/04/2026,"6,4",A tiempo
A00260,bruno flores,25,F,bruno.flores260@alumnos.tup.edu.ar,A2,Mañana,08/03/2026,Quiz_03,Quiz,25/05/2026,,,
A00186,Florencia Benitez,28,F,florencia.benitez186@alumnos.tup.edu.ar, a1 ,Mañana,2026-03-06,Parcial_01,Parcial,22/06/2026,,,no entregó
A00643,Guadalupe Sosa,19,F,guadalupe.sosa643@alumnos.tup.edu.ar,B1,Tarde,2026-02-28,Quiz_03,Quiz,25-05-2026,,,NO ENTREGO
A00495,Valentino Flores,18,M,valentino.flores495@alumnos.tup.edu.ar,C1,Noche,2026-02-25,TP_01,TP,2026-03-16,2026-03-16,"7,6",a tiempo
A00362,Mia Silva,19,F,mia.silva362@alumnos.tup.edu.ar,B2,Tarde,2026-02-18,TP_03,TP,2026-05-11,,,NO ENTREGO
A00511,bautista castro,22,femenino,bautista.castro511@alumnos.tup.edu.ar,B1,Tarde,07-03-2026,TP_01,TP,2026-03-16,2026-03-11,9.5,A TIEMPO
A00033,Florencia Medina,23,M,florencia.medina33@alumnos.tup.edu.ar,B1,Tarde,22/02/2026,TP_02,TP,2026-04-13,,,no entregó
A00235,Lucia Silva,17,M,lucia.silva235@alumnos.tup.edu.ar,C1,Noche,2026-02-27,Quiz_01,Quiz,30/03/2026,2026-03-30,9.9,A tiempo
A00023,Thiago Garcia,17,F,thiago.garcia23@alumnos.tup.edu.ar,A2,Mañana,04/03/2026,TP_02,TP,2026-04-13,,,No entrego
A00386,Felipe Vega,19,M,felipe.vega386@alumnos.tup.edu.ar,B1,Tarde,2026-02-15,TP_04,TP,08/06/2026,,,NO ENTREGO
A00626,Nicolas Castro,30,Masculino,nicolas.castro626@alumnos.tup.edu.ar,A2,Mañana,17/02/2026,Quiz_01,Quiz,2026-03-30,,,
A00470,Valentina Sosa,21,F,valentina.sosa470@alumnos.tup.edu.ar, b1 ,Tarde,26/02/2026,TP_04,TP,2026-06-08,,,
A00474,Lautaro Rodriguez,26,femenino,lautaro.rodriguez474@alumnos.tup.edu.ar,A2,Mañana,2026-03-02,Quiz_01,Quiz,2026-03-30,,,No entrego
A00465,Gabriel Aguirre,23,F,gabriel.aguirre465@alumnos.tup.edu.ar, c4 ,Noche,2026-02-26,Quiz_02,Quiz,2026-04-27,2026-04-22,7.2,a tiempo
A00494,Olivia Nuñez,25,M,olivia.nuñez494@alumnos.tup.edu.ar,C4,Noche,2026-02-25,Parcial_01,Parcial,22/06/2026,2026-06-22,6.1,a tiempo
A00698,Martina Romero,28,M,martina.romero698@alumnos.tup.edu.ar,C4,Noche,2026-03-08,Quiz_01,Quiz,30/03/2026,2026-03-26,7.4,a tiempo
A00337,Mateo Aguirre,21,F,mateo.aguirre337@alumnos.tup.edu.ar,C2,Noche,2026-03-02,TP_01,TP,16-03-2026,2026-03-22,3.3,TARDE
A00661,  Julieta Fernandez ,18,F,julieta.fernandez661@alumnos.tup.edu.ar,C2,Noche,2026-03-11,Quiz_01,Quiz,30/03/2026,2026-03-26,7.8,a tiempo
A00122,Santino Rojas,23,F,santino.rojas122@alumnos.tup.edu.ar,C3,Noche,22/02/2026,Parcial_01,Parcial,2026-06-22,,,No entrego
A00113,Manuel Flores,21,Masculino,manuel.flores113@alumnos.tup.edu.ar,B2,Tarde,2026-03-04,Quiz_03,Quiz,2026-05-25,29/05/2026,"9,4",Tarde
A00155,Renata Ramirez,23,F,renata.ramirez155@alumnos.tup.edu.ar,A2,Mañana,2026-03-11,TP_01,TP,2026-03-16,2026-03-11,8.6,A tiempo
A00577,Emma Medina,17,F,emma.medina577@alumnos.tup.edu.ar,A2,Mañana,2026-02-26,TP_01,TP,2026-03-16,2026-03-14,8.8,A TIEMPO
A00114,Sofia Flores,20,X,sofia.flores114@alumnos.tup.edu.ar,B1,Tarde,27/02/2026,TP_02,TP,2026-04-13,2026-04-10,"6,6",a tiempo
A00654,Isabella Herrera,29,Femenino,isabella.herrera654@alumnos.tup.edu.ar,B1,Tarde,2026-03-06,TP_02,TP,2026-04-13,,,No entrego
A00523,Joaquin Silva,19,Masculino,joaquin.silva523@alumnos.tup.edu.ar,C3,Noche,2026-02-15,Quiz_01,Quiz,2026-03-30,10/04/2026,5.0,Tarde
A00167,Olivia Romero,28,M,olivia.romero167@@alumnos.tup.edu.ar,A3,Mañana,2026-02-19,Quiz_01,Quiz,30-03-2026,2026-03-30,5.4,a tiempo
A00138,Joaquin Ortiz,29,Femenino,joaquin.ortiz138@@alumnos.tup.edu.ar,C1,Noche,2026-02-18,Quiz_03,Quiz,2026-05-25,,,no entregó
A00680,Emma Garcia,24,M,emma.garcia680@alumnos.tup.edu.ar,C4,Noche,2026-02-18,TP_02,TP,2026-04-13,2026-04-10,7.5,a tiempo
A00569,Mora Gonzalez,20,Masculino,mora.gonzalez569@alumnos.tup.edu.ar,A1,Mañana,2026-02-24,Quiz_03,Quiz,25/05/2026,2026-06-06,6.6,Tarde
A00001,Catalina Ortiz,25,M,catalina.ortiz1@alumnos.tup.edu.ar,C1,NOCHE,2026-02-27,Quiz_02,Quiz,2026-04-27,2026-05-09,6.9,Tarde
A00038,Federico Ramirez,17,M,federico.ramirez38@alumnos.tup.edu.ar,A1,Mañana,2026-03-01,Quiz_02,Quiz,2026-04-27,2026-04-26,3.6,A TIEMPO
A00580,Martina Fernandez,23,M,martina.fernandez580@alumnos.tup.edu.ar, b1 ,Tarde,2026-03-07,TP_04,TP,08/06/2026,08/06/2026,8.8,a tiempo
A00234,Antonella Castro,22,Masculino,antonella.castro234@alumnos.tup.edu.ar,C4,Noche,2026-03-11,TP_03,TP,11-05-2026,2026-05-11,6.2,A tiempo
A00010,Antonella Ruiz,22,M,antonella.ruiz10@alumnos.tup.edu.ar,C2,Noche,2026-02-21,Quiz_01,Quiz,2026-03-30,2026-03-29,7.0,a tiempo
A00252,Emma Rojas,29,M,emma.rojas252@alumnos.tup.edu.ar,C1,Noche,2026-02-16,TP_04,TP,08/06/2026,,,No entrego
A00171,Manuel Rojas,18,F,manuel.rojas171@alumnos.tup.edu.ar,C2,Noche,25-02-2026,TP_01,TP,2026-03-16,,,No entrego
A00420,Valentina Vega,19,Masculino,valentina.vega420@alumnos.tup.edu.ar,C1,Noche,2026-02-21,TP_04,TP,08-06-2026,2026-06-12,3.9,tarde
A00470,Valentina Sosa,21,F,valentina.sosa470@alumnos.tup.edu.ar, b1 ,Tarde,2026-02-26,Parcial_01,Parcial,22/06/2026,,,
A00110,Diego Sosa,23,M,diego.sosa110@alumnos.tup.edu.ar,B2,Tarde,16-02-2026,TP_04,TP,2026-06-08,08-06-2026,7.4,A TIEMPO
A00204,Maximo Vega,17,femenino,maximo.vega204@alumnos.tup.edu.ar,A1,Mañana,2026-02-22,Quiz_03,Quiz,2026-05-25,21/05/2026,8.6,A TIEMPO
A00271,  Paula Molina ,30,M,paula.molina271@alumnos.tup.edu.ar, a3 ,Mañana,2026-03-09,Quiz_03,Quiz,25/05/2026,21/05/2026,4.9,A TIEMPO
A00471,Catalina Perez,19,F,catalina.perez471@alumnos.tup.edu.ar,C4,Noche,2026-02-14,Parcial_01,Parcial,22/06/2026,2026-06-18,6.5,A TIEMPO
A00352,Julieta Acosta,22,M,julieta.acosta352@alumnos.tup.edu.ar,B1,Tarde,2026-02-14,TP_04,TP,08/06/2026,05-06-2026,7.9,a tiempo
A00458,Paula Castro,28,X,paula.castro458@alumnos.tup.edu.ar,A2,Mañana,2026-03-03,TP_01,TP,2026-03-16,2026-03-16,8.8,a tiempo
A00039,Emma Perez,23,M,emma.perez39@alumnos.tup.edu.ar,C3,Noche,2026-03-08,Quiz_01,Quiz,30/03/2026,2026-04-05,"6,9",tarde
A00400,martina silva,24,F,,C1,Noche,2026-02-17,TP_02,TP,2026-04-13,2026-04-13,"6,6",A tiempo
A00475,Agustin Suarez,17,M,agustin.suarez475@@alumnos.tup.edu.ar,A3,Mañana,2026-03-01,Parcial_01,Parcial,2026-06-22,2026-06-20,9.4,A TIEMPO
A00651,Delfina Garcia,20,M,delfina.garcia651@alumnos.tup.edu.ar,C2,Noche,2026-03-08,TP_02,TP,2026-04-13,,,no entregó
A00643,Guadalupe Sosa,19,F,guadalupe.sosa643@alumnos.tup.edu.ar,B1,Tarde,2026-02-28,Quiz_02,Quiz,2026-04-27,2026-04-24,10.0,a tiempo
A00153,ISABELLA MARTINEZ,22,F,isabella.martinez153@alumnos.tup.edu.ar,C4,Noche,2026-03-08,Quiz_02,Quiz,2026-04-27,2026-05-09,3.5,Tarde
A00492,Olivia Ramirez,17,Masculino,olivia.ramirez492@alumnos.tup.edu.ar,C4,Noche,2026-02-26,Quiz_03,Quiz,2026-05-25,24/05/2026,4.6,a tiempo
A00264,Antonella Molina,17,F,antonella.molina264@alumnos.tup.edu.ar,B1,Tarde,2026-03-03,Quiz_03,Quiz,2026-05-25,,,NO ENTREGO
A00067,Olivia Luna,18,femenino,olivia.luna67@alumnos.tup.edu.ar,A2,Mañana,2026-02-17,Quiz_03,Quiz,25-05-2026,,,
A00578,ANTONELLA ORTIZ,5,F,antonella.ortiz578@alumnos.tup.edu.ar,A2,Mañana,2026-03-06,TP_03,TP,2026-05-11,2026-05-07,6.2,a tiempo
A00294,Ignacio Suarez,23,F,ignacio.suarez294@alumnos.tup.edu.ar,C2,Noche,2026-02-26,TP_02,TP,2026-04-13,2026-04-09,4.5,A TIEMPO
A00557,florencia rojas,30,M,florencia.rojas557@alumnos.tup.edu.ar,B2,Tarde,19/02/2026,Quiz_03,Quiz,2026-05-25,2026-05-21,5.5,A TIEMPO
A00395,Ignacio Castro,17,F,ignacio.castro395@alumnos.tup.edu.ar,A2,Mañana,25-02-2026,Quiz_03,Quiz,2026-05-25,22/05/2026,7.8,A tiempo
A00353,Lautaro Medina,18,F,lautaro.medina353@alumnos.tup.edu.ar,B2,Tarde,2026-03-04,Parcial_01,Parcial,2026-06-22,2026-06-22,8.5,a tiempo
A00053,Renata Medina,17,F,renata.medina53@alumnos.tup.edu.ar,C4,Noche,21-02-2026,Quiz_01,Quiz,2026-03-30,,,
A00240,Felipe Silva,23,Femenino,felipe.silva240@alumnos.tup.edu.ar,C2,Noche,07/03/2026,Quiz_02,Quiz,2026-04-27,25/04/2026,7.9,a tiempo
A00130,  Benjamin Rojas ,31,M,benjamin.rojas130@alumnos.tup.edu.ar,C1,Noche,2026-02-18,Quiz_03,Quiz,2026-05-25,,,No entrego
A00455,Gabriel Suarez,31,M,gabriel.suarez455@alumnos.tup.edu.ar,B1,Tarde,28/02/2026,Quiz_03,Quiz,25/05/2026,01/06/2026,"7,5",TARDE
A00608,Delfina Torres,20,Femenino,,B2,Tarde,2026-02-25,TP_04,TP,2026-06-08,06/06/2026,4.5,A tiempo
A00066,Bruno Torres,29,F,bruno.torres66@alumnos.tup.edu.ar,B1,Tarde,2026-02-18,Quiz_02,Quiz,27/04/2026,02/05/2026,0.5,Tarde
A00451,VICTORIA SANCHEZ,27,F,victoria.sanchez451@alumnos.tup.edu.ar,A2,Mañana,2026-03-05,TP_01,TP,16/03/2026,2026-03-11,"6,7",A tiempo
A00653,Agustin Vega,22,M,agustin.vega653@alumnos.tup.edu.ar, a1 ,Mañana,2026-03-10,Parcial_01,Parcial,22/06/2026,,,
A00225,  Valentino Sanchez ,20,M,valentino.sanchez225@alumnos.tup.edu.ar,C1,Noche,2026-02-22,TP_04,TP,2026-06-08,2026-06-14,3.8,TARDE
A00499,Bruno Vega,21,M,bruno.vega499@alumnos.tup.edu.ar,B1,Tarde,2026-02-28,Parcial_01,Parcial,2026-06-22,2026-06-17,6.9,a tiempo
A00254,  Agustin Martinez ,27,M,agustin.martinez254@alumnos.tup.edu.ar,A1,Mañana,2026-03-01,Quiz_03,Quiz,25/05/2026,,,NO ENTREGO
A00005,Thiago Luna,31,M,thiago.luna5@alumnos.tup.edu.ar,B2,Tarde,2026-02-28,Quiz_01,Quiz,30/03/2026,2026-03-28,8.3,A TIEMPO
A00055,Delfina Ortiz,18,F,delfina.ortiz55@alumnos.tup.edu.ar,A2,Mañana,2026-02-24,TP_04,TP,08/06/2026,2026-06-11,3.8,tarde
A00128,Nicolas Cabrera,25,M,nicolas.cabrera128@alumnos.tup.edu.ar,C2,Noche,2026-02-21,Quiz_02,Quiz,27/04/2026,,,
A00625,Thiago Gonzalez,21,Masculino,thiago.gonzalez625@alumnos.tup.edu.ar,C1,Noche,2026-03-05,TP_03,TP,2026-05-11,,,
A00414,BENJAMIN PEREZ,22,X,benjamin.perez414@alumnos.tup.edu.ar,C4,Noche,22-02-2026,TP_04,TP,2026-06-08,2026-06-03,7.8,A TIEMPO
A00580,Martina Fernandez,23,M,martina.fernandez580@alumnos.tup.edu.ar, b1 ,Tarde,2026-03-07,TP_03,TP,2026-05-11,11/05/2026,8.0,A TIEMPO
A00633,Olivia Nuñez,20,Masculino,olivia.nuñez633@alumnos.tup.edu.ar,B1,Tarde,2026-02-16,Quiz_01,Quiz,2026-03-30,2026-03-29,"6,1",a tiempo
A00283,Felipe Suarez,23,F,felipe.suarez283@alumnos.tup.edu.ar,B2,Tarde,22-02-2026,Parcial_01,Parcial,2026-06-22,2026-06-23,5.9,TARDE
A00695,Federico Cabrera,22,Femenino,federico.cabrera695@alumnos.tup.edu.ar,B2,Tarde,2026-03-11,Quiz_01,Quiz,30-03-2026,2026-03-25,7.8,A tiempo
A00205,Benjamin Torres,19,F,benjamin.torres205@alumnos.tup.edu.ar,C4,NOCHE,2026-03-04,TP_03,TP,2026-05-11,2026-05-15,3.1,tarde
A00582,Pilar Herrera,30,F,pilar.herrera582@alumnos.tup.edu.ar,B1,Tarde,2026-03-11,TP_03,TP,2026-05-11,2026-05-10,"7,6",a tiempo
A00628,Benjamin Rodriguez,23,Femenino,benjamin.rodriguez628@alumnos.tup.edu.ar,B1,Tarde,2026-02-23,TP_02,TP,2026-04-13,,,NO ENTREGO
A00407,Mia Fernandez,28,M,mia.fernandez407@alumnos.tup.edu.ar,A1,Mañana,2026-03-05,TP_03,TP,11/05/2026,,,
A00335,Martina Medina,36,Masculino,martina.medina335@alumnos.tup.edu.ar,B1,Tarde,2026-03-05,Quiz_01,Quiz,2026-03-30,29/03/2026,6.8,A TIEMPO
A00288,Lucas Acosta,26,F,lucas.acosta288@alumnos.tup.edu.ar,B1,Tarde,05-03-2026,Quiz_03,Quiz,2026-05-25,2026-05-24,"7,1",A TIEMPO
A00034,Valentino Ortiz,26,Masculino,valentino.ortiz34@alumnos.tup.edu.ar,C1,Noche,2026-02-18,Quiz_01,Quiz,30-03-2026,2026-03-26,9.7,A tiempo
A00213,Bautista Acosta,35,Masculino,bautista.acosta213@alumnos.tup.edu.ar,C3,Noche,2026-03-06,Parcial_01,Parcial,2026-06-22,2026-06-22,6.3,A tiempo
A00047,Maximo Ramirez,28,F,maximo.ramirez47@alumnos.tup.edu.ar,C4,Noche,2026-03-04,Quiz_02,Quiz,2026-04-27,2026-04-25,7.0,a tiempo
A00250,MAXIMO TORRES,20,Masculino,maximo.torres250@alumnos.tup.edu.ar,A3,Mañana,23/02/2026,TP_01,TP,16/03/2026,20/03/2026,3.7,TARDE
A00597,Manuel Rodriguez,18,M,manuel.rodriguez597@alumnos.tup.edu.ar,C2,Noche,2026-03-07,TP_03,TP,2026-05-11,11/05/2026,9.2,A tiempo
A00141,Camila Ramirez,22,M,camila.ramirez141@@alumnos.tup.edu.ar,C1,Noche,2026-02-19,Quiz_03,Quiz,25-05-2026,2026-05-25,9.9,A tiempo
A00145,Maximo Sanchez,24,F,maximo.sanchez145@alumnos.tup.edu.ar,C4,Noche,09/03/2026,Quiz_03,Quiz,2026-05-25,,,
A00002,Mora Nuñez,24,F,mora.nuñez2@alumnos.tup.edu.ar,B2,Tarde,2026-02-25,Quiz_02,Quiz,27/04/2026,2026-05-07,3.8,TARDE
A00397,camila benitez,17,F,camila.benitez397@alumnos.tup.edu.ar,C3,Noche,2026-03-03,Quiz_02,Quiz,2026-04-27,26/04/2026,5.0,a tiempo
A00561,Victoria Lopez,18,M,victoria.lopez561@alumnos.tup.edu.ar,B2,Tarde,09/03/2026,Quiz_02,Quiz,2026-04-27,23/04/2026,7.3,a tiempo
A00662,DIEGO MOLINA,31,X,diego.molina662@alumnos.tup.edu.ar,B1,Tarde,2026-02-17,TP_03,TP,2026-05-11,,,NO ENTREGO
A00646,Diego Luna,17,F,diego.luna646@alumnos.tup.edu.ar,A1,Mañana,09/03/2026,Quiz_01,Quiz,30-03-2026,,,no entregó
A00696,  Joaquin Sosa ,22,M,joaquin.sosa696@alumnos.tup.edu.ar, c2 ,Noche,22/02/2026,TP_02,TP,2026-04-13,,,NO ENTREGO
A00092,Mia Vega,23,Femenino,mia.vega92@alumnos.tup.edu.ar,B1,Tarde,2026-03-01,Quiz_02,Quiz,2026-04-27,24-04-2026,2.9,a tiempo
A00404,Victoria Torres,23,F,victoria.torres404@alumnos.tup.edu.ar,B1,Tarde,2026-03-01,TP_04,TP,08/06/2026,,,
A00090,Joaquin Ramirez,29,M,joaquin.ramirez90@alumnos.tup.edu.ar,A2,Mañana,2026-02-16,Quiz_02,Quiz,2026-04-27,23/04/2026,6.5,A tiempo
A00623,Florencia Herrera,18,F,florencia.herrera623@alumnos.tup.edu.ar,A1,Mañana,2026-03-01,TP_04,TP,08/06/2026,2026-06-07,6.9,A TIEMPO
A00505,Lautaro Romero,26,Femenino,lautaro.romero505@alumnos.tup.edu.ar,B1,Tarde,2026-02-28,TP_03,TP,2026-05-11,,,No entrego
A00662,DIEGO MOLINA,31,X,diego.molina662@alumnos.tup.edu.ar,B1,Tarde,2026-02-17,TP_04,TP,2026-06-08,,,
A00663,Camila Perez,22,F,camila.perez663@alumnos.tup.edu.ar, a3 ,Mañana,2026-02-21,Quiz_02,Quiz,27-04-2026,,,No entrego
A00621,Diego Acosta,19,F,diego.acosta621@alumnos.tup.edu.ar,C1,Noche,2026-02-15,Quiz_02,Quiz,2026-04-27,,,
A00570,VALENTINO BENITEZ,19,Masculino,valentino.benitez570@alumnos.tup.edu.ar,A2,Mañana,2026-02-25,Quiz_01,Quiz,2026-03-30,2026-03-25,5.8,a tiempo
A00102,Benjamin Benitez,25,F,benjamin.benitez102@alumnos.tup.edu.ar,C2,Noche,14-02-2026,Quiz_02,Quiz,27/04/2026,,,NO ENTREGO
A00267,Agustin Alvarez,27,M,agustin.alvarez267@alumnos.tup.edu.ar,B2,Tarde,2026-03-03,TP_01,TP,2026-03-16,2026-03-11,6.2,A TIEMPO
A00279,Ignacio Romero,17,F,ignacio.romero279@alumnos.tup.edu.ar,B2,Tarde,21-02-2026,Quiz_02,Quiz,2026-04-27,,,
A00453,Catalina Nuñez,24,Femenino,catalina.nuñez453@alumnos.tup.edu.ar,C1,Noche,2026-03-01,Quiz_03,Quiz,2026-05-25,2026-06-03,4.5,Tarde
A00350,Pilar Gonzalez,21,Masculino,pilar.gonzalez350@alumnos.tup.edu.ar,C4,Noche,2026-02-27,TP_03,TP,2026-05-11,2026-05-20,"4,9",TARDE
A00303,Bautista Nuñez,19,F,bautista.nuñez303@alumnos.tup.edu.ar,A3,Mañana,2026-02-27,TP_01,TP,16/03/2026,,,No entrego
A00200,Federico Molina,17,F,federico.molina200@alumnos.tup.edu.ar,C4,Noche,2026-02-20,TP_03,TP,2026-05-11,2026-05-10,9.9,A tiempo
A00296,Bautista Flores,17,Femenino,bautista.flores296@alumnos.tup.edu.ar,B2,TARDE,2026-03-08,Quiz_01,Quiz,30/03/2026,10/04/2026,7.5,Tarde
A00454,Bautista Suarez,110,F,bautista.suarez454@alumnos.tup.edu.ar,A2,Mañana,25/02/2026,TP_02,TP,2026-04-13,11/04/2026,"4,8",A TIEMPO
A00406,Diego Fernandez,17,M,diego.fernandez406@alumnos.tup.edu.ar,C3,Noche,01-03-2026,TP_03,TP,2026-05-11,09/05/2026,4.7,A TIEMPO
A00545,Bautista Martinez,29,Femenino,,B1,Tarde,03/03/2026,Quiz_02,Quiz,27-04-2026,,,no entregó
A00641,Felipe Molina,17,F,felipe.molina641@alumnos.tup.edu.ar,C3,Noche,2026-03-07,Parcial_01,Parcial,2026-06-22,,,no entregó
A00615,Agustin Nuñez,17,F,agustin.nuñez615@alumnos.tup.edu.ar,C1,Noche,17/02/2026,Quiz_03,Quiz,2026-05-25,2026-05-27,5.1,TARDE
A00625,Thiago Gonzalez,21,Masculino,thiago.gonzalez625@alumnos.tup.edu.ar,C1,Noche,2026-03-05,Quiz_01,Quiz,30/03/2026,2026-03-29,5.7,A tiempo
A00271,  Paula Molina ,30,M,paula.molina271@alumnos.tup.edu.ar, a3 ,Mañana,2026-03-09,Quiz_02,Quiz,2026-04-27,,,no entregó
A00329,Manuel Martinez,29,Masculino,manuel.martinez329@alumnos.tup.edu.ar,A1,Mañana,2026-02-17,Quiz_02,Quiz,27-04-2026,,,
A00269,Paula Martinez,25,F,paula.martinez269@alumnos.tup.edu.ar,A2,Mañana,05-03-2026,Quiz_02,Quiz,2026-04-27,2026-04-28,2.8,Tarde
A00589,Pilar Benitez,27,F,pilar.benitez589@alumnos.tup.edu.ar,B1,Tarde,2026-02-21,Quiz_02,Quiz,2026-04-27,2026-05-05,5.7,TARDE
A00016,Benjamin Torres,19,M,benjamin.torres16@alumnos.tup.edu.ar,C1,Noche,2026-03-08,Parcial_01,Parcial,2026-06-22,2026-06-20,"4,8",A TIEMPO
A00070,Agustin Lopez,24,M,agustin.lopez70@alumnos.tup.edu.ar,C3,Noche,2026-02-17,TP_02,TP,2026-04-13,13/04/2026,"3,8",A TIEMPO
A00681,Antonella Herrera,24,F,antonella.herrera681@alumnos.tup.edu.ar,A3,Mañana,2026-02-25,Quiz_01,Quiz,2026-03-30,,,NO ENTREGO
A00289,Lucas Alvarez,23,M,lucas.alvarez289@alumnos.tup.edu.ar,A1,Mañana,2026-03-05,TP_03,TP,2026-05-11,,,NO ENTREGO
A00017,Ignacio Lopez,23,F,ignacio.lopez17@alumnos.tup.edu.ar,A1,Mañana,2026-02-21,TP_04,TP,2026-06-08,,,no entregó
A00089,Maximo Silva,21,M,maximo.silva89@alumnos.tup.edu.ar,A1,Mañana,17-02-2026,Parcial_01,Parcial,2026-06-22,2026-06-21,7.1,A TIEMPO
A00675,Lucia Herrera,31,M,lucia.herrera675@alumnos.tup.edu.ar,C1,Noche,2026-03-10,Quiz_02,Quiz,2026-04-27,2026-04-22,5.3,a tiempo
A00418,FLORENCIA FERNANDEZ,18,Masculino,florencia.fernandez418@alumnos.tup.edu.ar,B2,Tarde,2026-02-14,TP_03,TP,2026-05-11,2026-05-07,7.5,a tiempo
A00640,Felipe Nuñez,20,M,,C1,Noche,2026-02-22,TP_02,TP,13-04-2026,13-04-2026,9.2,A tiempo
A00028,nicolas torres,23,M,nicolas.torres28@alumnos.tup.edu.ar,A2,Mañana,17/02/2026,Quiz_01,Quiz,2026-03-30,,,No entrego
A00585,Antonella Silva,28,Masculino,antonella.silva585@alumnos.tup.edu.ar, a2 ,Mañana,2026-03-10,Parcial_01,Parcial,2026-06-22,,,No entrego
A00006,Tomas Ortiz,18,M,tomas.ortiz6@alumnos.tup.edu.ar,C4,Noche,2026-02-18,TP_03,TP,11/05/2026,2026-05-10,7.7,A tiempo
A00119,Tomas Vega,21,Femenino,tomas.vega119@alumnos.tup.edu.ar,B2,Tarde,2026-03-09,TP_04,TP,2026-06-08,07-06-2026,5.9,a tiempo
A00281,Victoria Romero,17,F,victoria.romero281@alumnos.tup.edu.ar,C2,Noche,2026-03-11,TP_02,TP,2026-04-13,2026-04-12,"7,4",A TIEMPO
A00392,Tomas Rojas,17,F,tomas.rojas392@alumnos.tup.edu.ar,C3,Noche,27/02/2026,TP_01,TP,2026-03-16,2026-03-16,6.6,A TIEMPO
A00057,Martina Diaz,22,Masculino,martina.diaz57@alumnos.tup.edu.ar,A1,Mañana,2026-03-04,TP_02,TP,2026-04-13,2026-04-09,8.4,a tiempo
A00224,Paula Sosa,23,M,paula.sosa224@alumnos.tup.edu.ar,A2,Mañana,2026-02-20,Parcial_01,Parcial,2026-06-22,,,
A00119,Tomas Vega,21,Femenino,tomas.vega119@alumnos.tup.edu.ar,B2,Tarde,2026-03-09,Quiz_01,Quiz,2026-03-30,,,
A00687,Pilar Romero,21,F,pilar.romero687@alumnos.tup.edu.ar,C1,Noche,2026-03-09,Quiz_03,Quiz,2026-05-25,2026-05-23,"7,7",a tiempo
A00159,Catalina Alvarez,17,femenino,catalina.alvarez159@alumnos.tup.edu.ar,A3,Mañana,2026-02-18,TP_02,TP,2026-04-13,2026-04-08,7.7,A tiempo
A00273,Bautista Gonzalez,17,M,bautista.gonzalez273@alumnos.tup.edu.ar,C3,Noche,2026-03-10,TP_04,TP,2026-06-08,2026-06-15,6.1,Tarde
A00605,MANUEL ALVAREZ,17,M,manuel.alvarez605@alumnos.tup.edu.ar,B1,Tarde,2026-02-17,TP_04,TP,08-06-2026,,,NO ENTREGO
A00157,Pilar Garcia,23,F,pilar.garcia157@alumnos.tup.edu.ar,A3,Mañana,06/03/2026,Parcial_01,Parcial,22/06/2026,2026-06-20,6.4,a tiempo
A00576,Guadalupe Luna,19,M,guadalupe.luna576@alumnos.tup.edu.ar,C4,Noche,19-02-2026,Quiz_01,Quiz,2026-03-30,2026-03-27,"6,6",a tiempo
A00497,Martina Ramirez,17,F,martina.ramirez497@alumnos.tup.edu.ar,A2,Mañana,2026-02-20,TP_04,TP,08-06-2026,08/06/2026,"9,0",A TIEMPO
A00665,Bruno Ramirez,20,Masculino,bruno.ramirez665@alumnos.tup.edu.ar,B1,Tarde,2026-02-22,Parcial_01,Parcial,22/06/2026,2026-06-18,"8,8",A tiempo
A00622,Gabriel Fernandez,17,M,, a3 ,MAÑANA,2026-02-28,TP_01,TP,2026-03-16,2026-03-12,"7,9",a tiempo
A00206,Bautista Medina,17,M,bautista.medina206@alumnos.tup.edu.ar,B2,Tarde,05-03-2026,Quiz_01,Quiz,2026-03-30,2026-03-27,7.3,A TIEMPO
A00380,Benjamin Herrera,27,Femenino,benjamin.herrera380@alumnos.tup.edu.ar,B1,Tarde,2026-03-07,Parcial_01,Parcial,22/06/2026,21-06-2026,7.5,A TIEMPO
A00240,Felipe Silva,23,Femenino,felipe.silva240@alumnos.tup.edu.ar,C2,Noche,07/03/2026,TP_02,TP,2026-04-13,10/04/2026,8.3,A tiempo
A00350,Pilar Gonzalez,21,Masculino,pilar.gonzalez350@alumnos.tup.edu.ar,C4,Noche,27/02/2026,Quiz_03,Quiz,2026-05-25,2026-05-25,5.4,a tiempo
A00280,Julieta Benitez,29,F,julieta.benitez280@alumnos.tup.edu.ar,C2,NOCHE,03-03-2026,TP_02,TP,2026-04-13,2026-04-11,3.6,A tiempo
A00007,Pilar Gonzalez,28,F,pilar.gonzalez7@alumnos.tup.edu.ar,B1,Tarde,2026-02-14,Quiz_01,Quiz,2026-03-30,,,No entrego
A00075,Mia Gonzalez,23,F,mia.gonzalez75@alumnos.tup.edu.ar,B1,Tarde,2026-03-07,TP_02,TP,2026-04-13,2026-04-11,8.1,A TIEMPO
A00564,Diego Ruiz,19,F,diego.ruiz564@alumnos.tup.edu.ar,B1,Tarde,2026-03-08,Quiz_02,Quiz,2026-04-27,23-04-2026,7.6,a tiempo
A00275,Lucas Sanchez,20,F,lucas.sanchez275@alumnos.tup.edu.ar,B1,Tarde,20/02/2026,TP_04,TP,2026-06-08,2026-06-03,7.9,A TIEMPO
A00163,Isabella Nuñez,22,M,isabella.nuñez163@alumnos.tup.edu.ar,C4,Noche,24-02-2026,Parcial_01,Parcial,22/06/2026,,,No entrego
A00395,Ignacio Castro,17,F,ignacio.castro395@alumnos.tup.edu.ar,A2,Mañana,2026-02-25,TP_03,TP,11/05/2026,2026-05-19,8.7,tarde
A00617,Valentina Castro,23,Masculino,valentina.castro617@alumnos.tup.edu.ar,B2,Tarde,2026-03-04,TP_02,TP,2026-04-13,,,no entregó
A00489,Lucia Fernandez,18,Femenino,lucia.fernandez489@alumnos.tup.edu.ar,A1,Mañana,2026-02-26,Quiz_03,Quiz,2026-05-25,23/05/2026,"6,8",A tiempo
A00310,Guadalupe Ortiz,21,M,guadalupe.ortiz310@alumnos.tup.edu.ar,B2,Tarde,2026-02-25,TP_02,TP,2026-04-13,,,
A00289,Lucas Alvarez,23,M,lucas.alvarez289@alumnos.tup.edu.ar,A1,Mañana,2026-03-05,Quiz_01,Quiz,2026-03-30,2026-03-31,5.4,tarde
A00561,Victoria Lopez,18,M,victoria.lopez561@alumnos.tup.edu.ar,B2,Tarde,09/03/2026,TP_03,TP,2026-05-11,,,NO ENTREGO
A00466,Diego Silva,22,M,diego.silva466@alumnos.tup.edu.ar,C4,Noche,2026-02-26,Parcial_01,Parcial,2026-06-22,,,no entregó
A00596,Felipe Gonzalez,17,F,felipe.gonzalez596@alumnos.tup.edu.ar,A3,Mañana,2026-02-18,TP_03,TP,2026-05-11,,,
A00532,Maximo Rojas,22,M,maximo.rojas532@alumnos.tup.edu.ar,B2,Tarde,2026-02-26,Quiz_01,Quiz,2026-03-30,2026-03-25,4.6,a tiempo
A00432,Florencia Lopez,17,F,florencia.lopez432@alumnos.tup.edu.ar,B1,Tarde,18/02/2026,TP_03,TP,2026-05-11,2026-05-07,8.7,a tiempo
A00469,Diego Torres,17,femenino,diego.torres469@alumnos.tup.edu.ar,B2,TARDE,2026-02-19,TP_04,TP,2026-06-08,2026-06-12,5.6,TARDE
A00015,Guadalupe Lopez,17,F,guadalupe.lopez15@alumnos.tup.edu.ar,C1,Noche,2026-02-19,Quiz_01,Quiz,30/03/2026,2026-03-27,8.7,a tiempo
A00551,gabriel diaz,26,M,gabriel.diaz551@alumnos.tup.edu.ar,C2,Noche,2026-02-22,TP_01,TP,2026-03-16,2026-03-14,8.3,A TIEMPO
A00070,Agustin Lopez,24,M,agustin.lopez70@alumnos.tup.edu.ar,C3,Noche,2026-02-17,TP_03,TP,11-05-2026,,,no entregó
A00234,Antonella Castro,22,Masculino,antonella.castro234@alumnos.tup.edu.ar,C4,Noche,2026-03-11,TP_01,TP,16-03-2026,15-03-2026,9.2,a tiempo
A00180,Lautaro Martinez,19,F,lautaro.martinez180@alumnos.tup.edu.ar,B1,Tarde,2026-02-25,Quiz_03,Quiz,2026-05-25,23/05/2026,6.4,A TIEMPO
A00168,Lucas Perez,17,M,lucas.perez168@alumnos.tup.edu.ar,B1,Tarde,2026-03-06,Quiz_01,Quiz,30/03/2026,2026-03-26,8.2,A TIEMPO
A00126,Victoria Herrera,21,Femenino,victoria.herrera126@alumnos.tup.edu.ar,C4,Noche,2026-02-14,Quiz_02,Quiz,27/04/2026,2026-04-30,3.1,TARDE
A00677,Guadalupe Benitez,18,F,guadalupe.benitez677@alumnos.tup.edu.ar,A3,Mañana,2026-03-10,TP_01,TP,2026-03-16,,,NO ENTREGO
A00638,Julieta Herrera,17,M,julieta.herrera638@alumnos.tup.edu.ar,A2,Mañana,20/02/2026,TP_02,TP,2026-04-13,2026-04-09,6.4,a tiempo
A00024,Ignacio Fernandez,17,X,,B1,Tarde,11/03/2026,TP_02,TP,13/04/2026,,,No entrego
A00632,Thiago Rodriguez,25,M,thiago.rodriguez632@alumnos.tup.edu.ar,C1,Noche,2026-03-08,Parcial_01,Parcial,2026-06-22,21-06-2026,8.7,A tiempo
A00392,Tomas Rojas,17,F,tomas.rojas392@alumnos.tup.edu.ar,C3,Noche,2026-02-27,TP_02,TP,2026-04-13,2026-04-13,6.5,a tiempo
A00028,nicolas torres,23,M,nicolas.torres28@alumnos.tup.edu.ar,A2,Mañana,2026-02-17,TP_01,TP,16/03/2026,2026-03-15,8.5,A tiempo
A00635,Mora Flores,22,Femenino,mora.flores635@alumnos.tup.edu.ar,A3,Mañana,2026-02-24,TP_03,TP,2026-05-11,,,No entrego
A00088,Gabriel Molina,20,Femenino,gabriel.molina88@alumnos.tup.edu.ar,C4,Noche,07/03/2026,TP_01,TP,2026-03-16,2026-03-28,"4,6",tarde
A00673,  Maximo Diaz ,21,Masculino,maximo.diaz673@alumnos.tup.edu.ar,C2,Noche,05/03/2026,Quiz_01,Quiz,2026-03-30,30-03-2026,6.5,a tiempo
A00589,Pilar Benitez,27,F,pilar.benitez589@alumnos.tup.edu.ar,B1,Tarde,2026-02-21,Quiz_01,Quiz,30/03/2026,2026-03-28,7.6,A tiempo
A00568,  Catalina Molina ,27,Femenino,catalina.molina568@alumnos.tup.edu.ar,C2,Noche,2026-03-06,TP_02,TP,2026-04-13,2026-04-14,7.5,Tarde
A00485,Lucas Torres,27,F,,A2,Mañana,2026-03-08,TP_04,TP,08/06/2026,2026-06-06,8.6,A TIEMPO
A00005,Thiago Luna,31,M,thiago.luna5@alumnos.tup.edu.ar,B2,Tarde,2026-02-28,Quiz_03,Quiz,2026-05-25,2026-06-06,"8,5",Tarde
A00095,Bruno Diaz,29,F,bruno.diaz95@alumnos.tup.edu.ar,B2,Tarde,2026-02-15,Quiz_01,Quiz,2026-03-30,26/03/2026,"7,5",A tiempo
A00564,Diego Ruiz,19,F,diego.ruiz564@alumnos.tup.edu.ar,B1,Tarde,2026-03-08,TP_03,TP,2026-05-11,,,
A00074,Paula Garcia,21,M,paula.garcia74@alumnos.tup.edu.ar,A1,Mañana,2026-03-07,TP_04,TP,2026-06-08,,,no entregó
A00444,  Bautista Benitez ,17,M,bautista.benitez444@alumnos.tup.edu.ar, b1 ,Tarde,2026-03-09,TP_01,TP,2026-03-16,2026-03-11,7.3,a tiempo
A00626,Nicolas Castro,30,Masculino,nicolas.castro626@alumnos.tup.edu.ar,A2,Mañana,2026-02-17,TP_04,TP,08-06-2026,03/06/2026,7.4,a tiempo
A00448,VICTORIA CASTRO,17,Masculino,victoria.castro448@alumnos.tup.edu.ar,C3,Noche,2026-03-06,Quiz_03,Quiz,2026-05-25,21/05/2026,6.4,A tiempo
A00604,Maximo Suarez,19,F,maximo.suarez604@alumnos.tup.edu.ar,A3,Mañana,20-02-2026,TP_03,TP,2026-05-11,,,
A00659,Florencia Rodriguez,25,F,florencia.rodriguez659@alumnos.tup.edu.ar, b1 ,Tarde,2026-03-10,Parcial_01,Parcial,2026-06-22,,,no entregó
A00120,Mateo Ruiz,25,F,mateo.ruiz120@alumnos.tup.edu.ar,B2,Tarde,2026-03-05,TP_04,TP,2026-06-08,07-06-2026,7.4,A TIEMPO
A00094,Nicolas Rodriguez,20,M,nicolas.rodriguez94@alumnos.tup.edu.ar,A2,Mañana,24/02/2026,Quiz_03,Quiz,25-05-2026,2026-06-02,8.7,tarde
A00133,Thiago Cabrera,24,M,thiago.cabrera133@alumnos.tup.edu.ar,C4,Noche,16-02-2026,TP_01,TP,16/03/2026,14/03/2026,"6,0",A tiempo
A00440,Victoria Herrera,25,M,victoria.herrera440@alumnos.tup.edu.ar,A2,Mañana,2026-02-28,TP_02,TP,2026-04-13,16/04/2026,5.8,TARDE
A00371,Valentino Perez,24,M,valentino.perez371@alumnos.tup.edu.ar,A1,MAÑANA,2026-02-14,Quiz_02,Quiz,2026-04-27,22/04/2026,6.6,A tiempo
A00607,  Bautista Suarez ,24,M,bautista.suarez607@alumnos.tup.edu.ar,B1,Tarde,2026-02-27,TP_01,TP,2026-03-16,2026-03-18,7.6,Tarde
A00573,Lautaro Romero,22,Masculino,lautaro.romero573@alumnos.tup.edu.ar,C1,Noche,2026-03-11,TP_03,TP,11/05/2026,2026-05-07,6.5,A tiempo
A00330,Julieta Acosta,17,F,julieta.acosta330@alumnos.tup.edu.ar,A1,Mañana,2026-03-11,Parcial_01,Parcial,2026-06-22,,,no entregó
A00670,Julieta Sanchez,18,M,julieta.sanchez670@@alumnos.tup.edu.ar,A3,Mañana,2026-02-23,Quiz_01,Quiz,2026-03-30,2026-04-05,5.3,tarde
A00583,Mia Diaz,21,F,mia.diaz583@alumnos.tup.edu.ar,B1,Tarde,01/03/2026,TP_03,TP,11/05/2026,15/05/2026,"7,4",Tarde
A00281,Victoria Romero,17,F,victoria.romero281@alumnos.tup.edu.ar,C2,Noche,2026-03-11,Quiz_03,Quiz,2026-05-25,2026-06-01,6.7,Tarde
A00693,Pilar Romero,19,M,pilar.romero693@alumnos.tup.edu.ar,B1,Tarde,24/02/2026,Quiz_02,Quiz,27/04/2026,2026-04-22,9.0,A tiempo
A00272,Valentina Sosa,21,M,,B2,Tarde,2026-02-19,Parcial_01,Parcial,2026-06-22,2026-06-22,"8,6",A tiempo
A00137,Gabriel Lopez,17,Femenino,gabriel.lopez137@alumnos.tup.edu.ar,A2,Mañana,2026-03-09,Parcial_01,Parcial,2026-06-22,,,NO ENTREGO
A00375,Pilar Perez,25,M,pilar.perez375@alumnos.tup.edu.ar,A2,Mañana,2026-02-28,Quiz_01,Quiz,2026-03-30,2026-03-30,7.8,A tiempo
A00444,  Bautista Benitez ,17,M,bautista.benitez444@alumnos.tup.edu.ar, b1 ,Tarde,09/03/2026,Parcial_01,Parcial,2026-06-22,,,no entregó
A00111,Maximo Romero,17,F,maximo.romero111@alumnos.tup.edu.ar,A1,Mañana,2026-02-15,Quiz_01,Quiz,2026-03-30,2026-03-27,"9,0",A TIEMPO
A00238,Olivia Castro,17,F,olivia.castro238@alumnos.tup.edu.ar,C2,Noche,2026-03-04,TP_02,TP,2026-04-13,,,NO ENTREGO
A00324,mora lopez,18,M,mora.lopez324@alumnos.tup.edu.ar,B1,Tarde,09/03/2026,TP_02,TP,2026-04-13,13/04/2026,8.1,a tiempo
A00188,  Pilar Flores ,29,F,pilar.flores188@alumnos.tup.edu.ar,C4,Noche,2026-03-05,Parcial_01,Parcial,2026-06-22,,,no entregó
A00522,Camila Torres,20,M,camila.torres522@alumnos.tup.edu.ar,B2,Tarde,2026-02-26,Quiz_02,Quiz,2026-04-27,,,No entrego
A00281,Victoria Romero,17,F,victoria.romero281@alumnos.tup.edu.ar,C2,Noche,2026-03-11,TP_04,TP,2026-06-08,13/06/2026,6.4,tarde
A00486,Santino Lopez,22,F,santino.lopez486@alumnos.tup.edu.ar,C4,Noche,2026-03-06,Quiz_01,Quiz,2026-03-30,2026-04-11,4.0,Tarde
A00611,Pilar Fernandez,21,F,pilar.fernandez611@alumnos.tup.edu.ar,C4,Noche,2026-03-06,Parcial_01,Parcial,2026-06-22,01-07-2026,5.9,tarde
A00564,Diego Ruiz,19,F,diego.ruiz564@alumnos.tup.edu.ar,B1,Tarde,2026-03-08,TP_04,TP,2026-06-08,,,
A00498,Lucia Sosa,17,X,lucia.sosa498@alumnos.tup.edu.ar,A3,Mañana,2026-03-10,TP_02,TP,2026-04-13,2026-04-24,6.2,tarde
A00620,Benjamin Molina,20,M,benjamin.molina620@alumnos.tup.edu.ar,A2,Mañana,16/02/2026,Parcial_01,Parcial,2026-06-22,18-06-2026,9.4,A tiempo
A00441,Mia Acosta,23,Masculino,mia.acosta441@alumnos.tup.edu.ar,B1,Tarde,2026-02-15,TP_04,TP,08-06-2026,,,no entregó
A00031,Federico Ruiz,21,Femenino,federico.ruiz31@alumnos.tup.edu.ar,C1,Noche,2026-02-27,TP_04,TP,2026-06-08,2026-06-16,4.2,tarde
A00457,Antonella Ruiz,20,X,antonella.ruiz457@alumnos.tup.edu.ar,B2,TARDE,2026-03-03,Quiz_01,Quiz,2026-03-30,2026-03-29,7.4,A TIEMPO
A00664,Benjamin Lopez,17,M,benjamin.lopez664@alumnos.tup.edu.ar,C2,Noche,2026-03-03,TP_02,TP,2026-04-13,,,No entrego
A00641,Felipe Molina,17,F,felipe.molina641@alumnos.tup.edu.ar,C3,Noche,2026-03-07,TP_04,TP,2026-06-08,06/06/2026,5.3,A TIEMPO
A00368,Sofia Luna,27,Femenino,sofia.luna368@alumnos.tup.edu.ar,C1,Noche,2026-02-27,Quiz_03,Quiz,2026-05-25,,,
A00179,Lucas Rodriguez,20,Masculino,lucas.rodriguez179@alumnos.tup.edu.ar,A3,Mañana,2026-03-04,TP_03,TP,2026-05-11,,,No entrego
A00133,Thiago Cabrera,24,M,thiago.cabrera133@alumnos.tup.edu.ar,C4,Noche,2026-02-16,Parcial_01,Parcial,22/06/2026,22/06/2026,6.9,A TIEMPO
A00118,Federico Aguirre,25,M,federico.aguirre118@alumnos.tup.edu.ar,C2,Noche,08/03/2026,TP_03,TP,2026-05-11,2026-05-06,7.2,a tiempo
A00568,  Catalina Molina ,27,Femenino,catalina.molina568@alumnos.tup.edu.ar,C2,Noche,2026-03-06,TP_01,TP,2026-03-16,2026-03-24,"4,8",TARDE
A00174,Federico Silva,18,Masculino,federico.silva174@alumnos.tup.edu.ar, c1 ,Noche,2026-03-08,Quiz_03,Quiz,2026-05-25,2026-05-24,"6,8",a tiempo
A00224,Paula Sosa,23,M,paula.sosa224@alumnos.tup.edu.ar,A2,Mañana,2026-02-20,Quiz_02,Quiz,27-04-2026,2026-04-25,3.9,A tiempo
A00532,Maximo Rojas,22,M,maximo.rojas532@alumnos.tup.edu.ar,B2,Tarde,2026-02-26,Parcial_01,Parcial,22/06/2026,20/06/2026,9.1,A TIEMPO
A00143,Manuel Martinez,20,F,manuel.martinez143@alumnos.tup.edu.ar,C2,Noche,2026-03-03,TP_02,TP,13/04/2026,2026-04-09,9.3,a tiempo
A00451,VICTORIA SANCHEZ,27,F,victoria.sanchez451@alumnos.tup.edu.ar,A2,Mañana,05-03-2026,Quiz_01,Quiz,2026-03-30,26/03/2026,6.6,A tiempo
A00026,emma medina,26,M,emma.medina26@alumnos.tup.edu.ar,B1,Tarde,2026-03-01,TP_04,TP,2026-06-08,2026-06-03,6.9,A TIEMPO
A00058,DELFINA RAMIREZ,19,F,delfina.ramirez58@alumnos.tup.edu.ar,B2,Tarde,2026-02-27,Parcial_01,Parcial,22/06/2026,,,NO ENTREGO
A00501,Bruno Sanchez,24,Masculino,bruno.sanchez501@alumnos.tup.edu.ar,C3,NOCHE,2026-03-05,Quiz_01,Quiz,30/03/2026,09/04/2026,5.0,tarde
A00353,Lautaro Medina,18,F,lautaro.medina353@alumnos.tup.edu.ar,B2,Tarde,04-03-2026,Quiz_03,Quiz,2026-05-25,2026-05-25,7.9,A tiempo
A00492,Olivia Ramirez,17,Masculino,olivia.ramirez492@alumnos.tup.edu.ar,C4,Noche,2026-02-26,Quiz_02,Quiz,2026-04-27,2026-05-06,2.3,TARDE
A00676,mora vega,17,F,mora.vega676@alumnos.tup.edu.ar,C2,Noche,02-03-2026,Quiz_01,Quiz,30/03/2026,,,No entrego
A00421,Agustin Luna,22,Masculino,agustin.luna421@alumnos.tup.edu.ar,A2,Mañana,2026-03-08,TP_04,TP,2026-06-08,,,no entregó
A00276,Santino Ortiz,25,F,santino.ortiz276@alumnos.tup.edu.ar,A3,Mañana,14/02/2026,TP_02,TP,2026-04-13,2026-04-11,7.3,A tiempo
A00451,VICTORIA SANCHEZ,27,F,victoria.sanchez451@alumnos.tup.edu.ar,A2,Mañana,2026-03-05,Quiz_03,Quiz,25/05/2026,2026-05-21,7.0,A TIEMPO
A00545,Bautista Martinez,29,Femenino,,B1,Tarde,2026-03-03,TP_03,TP,11/05/2026,,,no entregó
A00545,Bautista Martinez,29,Femenino,,B1,Tarde,03/03/2026,TP_02,TP,2026-04-13,24/04/2026,3.6,TARDE
A00273,Bautista Gonzalez,17,M,bautista.gonzalez273@alumnos.tup.edu.ar,C3,Noche,2026-03-10,TP_01,TP,16-03-2026,2026-03-11,9.5,A TIEMPO
A00593,gabriel fernandez,21,Masculino,gabriel.fernandez593@alumnos.tup.edu.ar,B2,Tarde,20/02/2026,Parcial_01,Parcial,2026-06-22,,,
A00613,Federico Ortiz,17,F,federico.ortiz613@alumnos.tup.edu.ar,C1,Noche,2026-02-17,TP_02,TP,2026-04-13,,,no entregó
A00279,Ignacio Romero,17,F,ignacio.romero279@alumnos.tup.edu.ar,B2,Tarde,2026-02-21,TP_03,TP,2026-05-11,,,No entrego
A00559,Felipe Flores,28,F,felipe.flores559@alumnos.tup.edu.ar,C4,Noche,2026-03-01,TP_04,TP,2026-06-08,2026-06-05,7.6,A TIEMPO
A00210,Camila Acosta,30,M,camila.acosta210@alumnos.tup.edu.ar,A2,Mañana,2026-02-22,Parcial_01,Parcial,2026-06-22,,,no entregó
A00641,Felipe Molina,17,F,felipe.molina641@alumnos.tup.edu.ar,C3,Noche,07-03-2026,TP_03,TP,2026-05-11,2026-05-06,6.1,A TIEMPO
A00120,Mateo Ruiz,25,F,mateo.ruiz120@alumnos.tup.edu.ar,B2,Tarde,2026-03-05,TP_02,TP,13/04/2026,2026-04-11,9.3,A TIEMPO
A00490,  Emma Alvarez ,22,M,emma.alvarez490@alumnos.tup.edu.ar,B1,Tarde,14-02-2026,Quiz_01,Quiz,2026-03-30,2026-03-26,7.0,a tiempo
A00571,Catalina Gonzalez,23,Femenino,catalina.gonzalez571@alumnos.tup.edu.ar,A1,Mañana,2026-02-26,TP_01,TP,2026-03-16,2026-03-11,8.8,A TIEMPO
A00340,Olivia Alvarez,17,M,olivia.alvarez340@alumnos.tup.edu.ar,B1,Tarde,2026-03-07,Quiz_01,Quiz,30-03-2026,2026-03-30,9.2,A TIEMPO
A00339,Renata Medina,23,F,renata.medina339@alumnos.tup.edu.ar,A1,Mañana,2026-03-03,Quiz_02,Quiz,2026-04-27,24/04/2026,7.4,A tiempo
A00586,Felipe Lopez,22,F,felipe.lopez586@alumnos.tup.edu.ar,B1,Tarde,2026-03-09,TP_01,TP,2026-03-16,2026-03-12,7.8,A tiempo
A00260,bruno flores,25,F,bruno.flores260@alumnos.tup.edu.ar,A2,Mañana,2026-03-08,TP_02,TP,2026-04-13,,,No entrego
A00259,Agustin Castro,18,Masculino,agustin.castro259@alumnos.tup.edu.ar,C3,Noche,2026-02-21,Parcial_01,Parcial,2026-06-22,21/06/2026,"9,3",a tiempo
A00133,Thiago Cabrera,24,M,thiago.cabrera133@alumnos.tup.edu.ar,C4,Noche,2026-02-16,TP_03,TP,2026-05-11,2026-05-08,"7,0",A TIEMPO
A00377,Delfina Garcia,19,F,delfina.garcia377@alumnos.tup.edu.ar,B2,Tarde,2026-03-01,TP_02,TP,2026-04-13,13-04-2026,3.7,a tiempo
A00406,Diego Fernandez,17,M,diego.fernandez406@alumnos.tup.edu.ar,C3,Noche,01/03/2026,Quiz_01,Quiz,2026-03-30,26/03/2026,5.9,A tiempo
A00133,Thiago Cabrera,24,M,thiago.cabrera133@alumnos.tup.edu.ar,C4,Noche,2026-02-16,TP_04,TP,08-06-2026,,,No entrego
A00550,Valentina Molina,29,F,valentina.molina550@alumnos.tup.edu.ar,A3,Mañana,2026-03-02,TP_04,TP,2026-06-08,05/06/2026,"8,4",A TIEMPO
A00682,Gabriel Ortiz,17,Masculino,gabriel.ortiz682@alumnos.tup.edu.ar,A3,Mañana,2026-03-04,TP_03,TP,11/05/2026,2026-05-10,5.6,A TIEMPO
A00285,Olivia Torres,22,F,olivia.torres285@alumnos.tup.edu.ar, c1 ,Noche,2026-02-23,Quiz_01,Quiz,2026-03-30,26/03/2026,6.4,a tiempo
A00086,antonella suarez,25,F,antonella.suarez86@alumnos.tup.edu.ar,B1,Tarde,23/02/2026,TP_02,TP,2026-04-13,,,no entregó
A00471,Catalina Perez,19,F,catalina.perez471@alumnos.tup.edu.ar,C4,Noche,2026-02-14,TP_04,TP,2026-06-08,08/06/2026,7.4,A TIEMPO
A00456,Lucas Vega,17,M,lucas.vega456@alumnos.tup.edu.ar,A2,Mañana,06-03-2026,TP_04,TP,2026-06-08,,,no entregó
A00672,Maximo Romero,19,F,maximo.romero672@alumnos.tup.edu.ar,A1,Mañana,2026-03-07,Quiz_03,Quiz,25/05/2026,2026-05-25,8.1,A TIEMPO
A00371,Valentino Perez,24,M,valentino.perez371@alumnos.tup.edu.ar,A1,MAÑANA,2026-02-14,Quiz_01,Quiz,2026-03-30,2026-03-30,4.6,A tiempo
A00377,Delfina Garcia,19,F,delfina.garcia377@alumnos.tup.edu.ar,B2,Tarde,2026-03-01,Quiz_03,Quiz,2026-05-25,2026-05-20,6.7,A TIEMPO
A00631,SOFIA ROMERO,23,M,sofia.romero631@alumnos.tup.edu.ar,B2,Tarde,21/02/2026,Quiz_01,Quiz,2026-03-30,,,NO ENTREGO
A00557,florencia rojas,30,M,florencia.rojas557@alumnos.tup.edu.ar,B2,Tarde,19/02/2026,TP_03,TP,2026-05-11,,,no entregó
A00385,Antonella Ruiz,25,F,antonella.ruiz385@alumnos.tup.edu.ar,B2,Tarde,2026-02-15,Parcial_01,Parcial,2026-06-22,2026-06-18,8.6,A tiempo
A00082,Delfina Rodriguez,23,Masculino,delfina.rodriguez82@alumnos.tup.edu.ar,A3,Mañana,2026-03-11,Quiz_01,Quiz,2026-03-30,,,
A00580,Martina Fernandez,23,M,martina.fernandez580@alumnos.tup.edu.ar, b1 ,Tarde,07-03-2026,Quiz_03,Quiz,2026-05-25,2026-05-24,7.9,a tiempo
A00522,Camila Torres,20,M,camila.torres522@alumnos.tup.edu.ar,B2,Tarde,2026-02-26,TP_02,TP,2026-04-13,,,NO ENTREGO
A00621,Diego Acosta,19,F,diego.acosta621@alumnos.tup.edu.ar,C1,Noche,15/02/2026,TP_04,TP,2026-06-08,,,
A00052,Valentino Sanchez,22,M,valentino.sanchez52@alumnos.tup.edu.ar,C2,Noche,2026-02-14,TP_02,TP,13-04-2026,2026-04-10,7.3,a tiempo
A00280,Julieta Benitez,29,F,julieta.benitez280@alumnos.tup.edu.ar,C2,NOCHE,2026-03-03,Parcial_01,Parcial,22/06/2026,2026-06-17,5.4,A TIEMPO
A00073,Diego Alvarez,19,F,diego.alvarez73@alumnos.tup.edu.ar,B1,Tarde,2026-03-10,Quiz_03,Quiz,2026-05-25,,,no entregó
A00538,Felipe Flores,20,F,felipe.flores538@alumnos.tup.edu.ar,C1,Noche,2026-03-01,TP_03,TP,11/05/2026,2026-05-21,4.3,Tarde
A00700,Valentina Benitez,23,Femenino,valentina.benitez700@alumnos.tup.edu.ar,A1,Mañana,2026-03-10,Parcial_01,Parcial,2026-06-22,2026-06-22,"6,6",A TIEMPO
A00377,Delfina Garcia,19,F,delfina.garcia377@alumnos.tup.edu.ar,B2,Tarde,2026-03-01,Quiz_02,Quiz,2026-04-27,,,No entrego
A00587,Pilar Rodriguez,23,Femenino,pilar.rodriguez587@alumnos.tup.edu.ar, c2 ,Noche,2026-03-09,TP_03,TP,2026-05-11,08-05-2026,8.3,A TIEMPO
A00041,Thiago Ortiz,20,M,thiago.ortiz41@alumnos.tup.edu.ar,C2,Noche,23/02/2026,Parcial_01,Parcial,2026-06-22,03-07-2026,4.4,TARDE
A00124,Felipe Rojas,24,M,felipe.rojas124@alumnos.tup.edu.ar,B2,Tarde,21/02/2026,TP_04,TP,2026-06-08,2026-06-07,8.4,A TIEMPO
A00658,Martina Luna,22,F,martina.luna658@alumnos.tup.edu.ar,C3,Noche,2026-03-05,Quiz_03,Quiz,25-05-2026,,,
A00180,Lautaro Martinez,19,F,lautaro.martinez180@alumnos.tup.edu.ar,B1,Tarde,2026-02-25,Quiz_02,Quiz,2026-04-27,27/04/2026,9.1,a tiempo
A00123,Maximo Vega,25,M,maximo.vega123@alumnos.tup.edu.ar,B2,Tarde,2026-02-23,Parcial_01,Parcial,22/06/2026,2026-06-27,"3,4",Tarde
A00380,Benjamin Herrera,27,Femenino,benjamin.herrera380@alumnos.tup.edu.ar,B1,Tarde,2026-03-07,Quiz_02,Quiz,27/04/2026,2026-04-22,7.2,a tiempo
A00295,Lucas Medina,20,Femenino,lucas.medina295@alumnos.tup.edu.ar,B1,Tarde,18/02/2026,TP_02,TP,2026-04-13,21-04-2026,7.0,TARDE
A00565,Pilar Flores,20,M,pilar.flores565@alumnos.tup.edu.ar,C2,Noche,2026-02-18,TP_04,TP,08/06/2026,04-06-2026,8.6,a tiempo
A00056,Victoria Rodriguez,18,M,victoria.rodriguez56@alumnos.tup.edu.ar,B1,Tarde,2026-03-08,Quiz_02,Quiz,27/04/2026,25-04-2026,6.0,a tiempo
A00525,Nicolas Castro,19,Masculino,nicolas.castro525@alumnos.tup.edu.ar,A2,Mañana,2026-03-10,Quiz_02,Quiz,2026-04-27,2026-04-29,4.9,Tarde
A00355,Maximo Nuñez,24,F,maximo.nuñez355@alumnos.tup.edu.ar,A3,Mañana,2026-03-10,Quiz_02,Quiz,2026-04-27,2026-04-25,"7,2",A TIEMPO
A00437,Mia Gonzalez,29,F,mia.gonzalez437@alumnos.tup.edu.ar,C3,NOCHE,2026-03-11,TP_04,TP,08/06/2026,,,no entregó
A00671,Agustin Cabrera,23,Masculino,agustin.cabrera671@alumnos.tup.edu.ar,B1,Tarde,24/02/2026,TP_01,TP,16-03-2026,,,
A00537,Manuel Sosa,24,M,manuel.sosa537@@alumnos.tup.edu.ar,B2,Tarde,28/02/2026,TP_03,TP,11-05-2026,2026-05-10,7.2,A tiempo
A00038,Federico Ramirez,17,M,federico.ramirez38@alumnos.tup.edu.ar,A1,Mañana,01/03/2026,Quiz_01,Quiz,2026-03-30,29/03/2026,5.8,a tiempo
A00270,Felipe Rodriguez,23,F,felipe.rodriguez270@alumnos.tup.edu.ar,B1,Tarde,02-03-2026,TP_02,TP,13/04/2026,2026-04-12,5.0,A TIEMPO
A00467,Mateo Ortiz,19,F,mateo.ortiz467@alumnos.tup.edu.ar,A3,Mañana,10/03/2026,TP_02,TP,2026-04-13,2026-04-12,"9,2",A tiempo
A00459,Valentina Benitez,21,M,valentina.benitez459@alumnos.tup.edu.ar,A1,Mañana,25/02/2026,Parcial_01,Parcial,2026-06-22,,,
A00163,Isabella Nuñez,22,M,isabella.nuñez163@alumnos.tup.edu.ar,C4,Noche,24/02/2026,TP_04,TP,08/06/2026,,,
A00678,Thiago Diaz,23,Masculino,thiago.diaz678@alumnos.tup.edu.ar,C4,Noche,2026-02-28,Quiz_03,Quiz,2026-05-25,,,No entrego
A00604,Maximo Suarez,19,F,maximo.suarez604@alumnos.tup.edu.ar,A3,Mañana,20/02/2026,Parcial_01,Parcial,2026-06-22,,,No entrego
A00589,Pilar Benitez,27,F,pilar.benitez589@alumnos.tup.edu.ar,B1,Tarde,2026-02-21,TP_01,TP,2026-03-16,2026-03-13,9.4,A tiempo
A00339,Renata Medina,23,F,renata.medina339@alumnos.tup.edu.ar,A1,Mañana,2026-03-03,Quiz_03,Quiz,2026-05-25,2026-05-28,6.9,Tarde
A00486,Santino Lopez,22,F,santino.lopez486@alumnos.tup.edu.ar,C4,Noche,06/03/2026,Quiz_03,Quiz,2026-05-25,25/05/2026,6.1,a tiempo
A00205,Benjamin Torres,19,F,benjamin.torres205@alumnos.tup.edu.ar,C4,NOCHE,2026-03-04,Quiz_03,Quiz,2026-05-25,2026-05-20,"6,8",a tiempo
A00593,gabriel fernandez,21,Masculino,gabriel.fernandez593@alumnos.tup.edu.ar,B2,Tarde,2026-02-20,Quiz_03,Quiz,25-05-2026,,,no entregó
A00468,manuel perez,28,Masculino,manuel.perez468@alumnos.tup.edu.ar,C2,Noche,16/02/2026,Quiz_03,Quiz,2026-05-25,,,
A00292,Mateo Gonzalez,26,F,mateo.gonzalez292@@alumnos.tup.edu.ar,B1,Tarde,2026-03-10,Quiz_03,Quiz,25-05-2026,,,No entrego
A00609,Lautaro Romero,23,Masculino,lautaro.romero609@alumnos.tup.edu.ar, b1 ,Tarde,2026-02-24,TP_01,TP,2026-03-16,2026-03-15,9.2,A TIEMPO
A00229,Tomas Aguirre,26,Femenino,tomas.aguirre229@alumnos.tup.edu.ar,A2,MAÑANA,24/02/2026,TP_04,TP,08/06/2026,,,
A00352,Julieta Acosta,22,M,julieta.acosta352@alumnos.tup.edu.ar,B1,Tarde,2026-02-14,Quiz_03,Quiz,2026-05-25,2026-05-22,7.6,A tiempo
A00117,Julieta Fernandez,20,F,julieta.fernandez117@alumnos.tup.edu.ar,B2,Tarde,01/03/2026,TP_03,TP,2026-05-11,2026-05-11,6.3,a tiempo
A00669,Bautista Torres,22,M,bautista.torres669@alumnos.tup.edu.ar,C4,Noche,2026-02-14,TP_04,TP,2026-06-08,07-06-2026,8.9,A tiempo
A00068,Martina Garcia,19,F,martina.garcia68@alumnos.tup.edu.ar,A1,Mañana,25-02-2026,Quiz_01,Quiz,2026-03-30,26/03/2026,"4,8",A TIEMPO
A00423,Sofia Romero,21,Masculino,sofia.romero423@alumnos.tup.edu.ar,B1,Tarde,2026-03-10,Parcial_01,Parcial,2026-06-22,,,No entrego
A00217,Mora Ramirez,27,M,mora.ramirez217@alumnos.tup.edu.ar,C1,Noche,20/02/2026,Quiz_02,Quiz,2026-04-27,2026-04-23,4.4,A TIEMPO
A00374,Mora Ruiz,20,F,mora.ruiz374@alumnos.tup.edu.ar,A2,Mañana,04/03/2026,Parcial_01,Parcial,2026-06-22,2026-07-04,5.7,Tarde
A00018,Joaquin Luna,21,F,joaquin.luna18@alumnos.tup.edu.ar,C1,Noche,2026-02-17,Quiz_01,Quiz,30-03-2026,,,
A00698,Martina Romero,28,M,martina.romero698@alumnos.tup.edu.ar,C4,Noche,08-03-2026,TP_04,TP,2026-06-08,2026-06-20,"4,2",TARDE
A00050,Lucas Ramirez,17,Masculino,lucas.ramirez50@alumnos.tup.edu.ar,B2,Tarde,2026-02-17,TP_03,TP,2026-05-11,09/05/2026,"10,0",a tiempo
A00660,Sofia Flores,31,Femenino,sofia.flores660@alumnos.tup.edu.ar,C1,Noche,2026-03-01,Parcial_01,Parcial,2026-06-22,,,no entregó
A00060,Diego Luna,35,Femenino,diego.luna60@alumnos.tup.edu.ar,C3,Noche,2026-02-18,TP_02,TP,2026-04-13,2026-04-13,6.7,a tiempo
A00414,BENJAMIN PEREZ,22,X,benjamin.perez414@alumnos.tup.edu.ar,C4,Noche,2026-02-22,Quiz_03,Quiz,25-05-2026,2026-05-24,9.9,A tiempo
A00539,Olivia Sosa,21,F,olivia.sosa539@alumnos.tup.edu.ar,B1,Tarde,01-03-2026,TP_02,TP,2026-04-13,10/04/2026,2.1,A TIEMPO
A00329,Manuel Martinez,29,Masculino,manuel.martinez329@alumnos.tup.edu.ar,A1,Mañana,17/02/2026,TP_04,TP,2026-06-08,,,no entregó
A00516,Pilar Rojas,28,Femenino,pilar.rojas516@alumnos.tup.edu.ar,A1,Mañana,2026-02-24,TP_04,TP,08/06/2026,2026-06-08,8.7,A tiempo
A00071,Guadalupe Ruiz,17,F,guadalupe.ruiz71@alumnos.tup.edu.ar,B2,Tarde,2026-02-16,TP_01,TP,2026-03-16,2026-03-16,9.8,A TIEMPO
A00337,Mateo Aguirre,21,F,mateo.aguirre337@alumnos.tup.edu.ar,C2,Noche,2026-03-02,TP_04,TP,2026-06-08,20/06/2026,3.3,Tarde
A00088,Gabriel Molina,20,Femenino,gabriel.molina88@alumnos.tup.edu.ar,C4,Noche,07/03/2026,Parcial_01,Parcial,22/06/2026,,,NO ENTREGO
A00628,Benjamin Rodriguez,23,Femenino,benjamin.rodriguez628@alumnos.tup.edu.ar,B1,Tarde,2026-02-23,TP_04,TP,2026-06-08,08/06/2026,5.6,A TIEMPO
A00558,Antonella Martinez,19,F,antonella.martinez558@alumnos.tup.edu.ar,A2,Mañana,2026-03-10,Parcial_01,Parcial,2026-06-22,,,No entrego
A00698,Martina Romero,28,M,martina.romero698@alumnos.tup.edu.ar,C4,Noche,2026-03-08,TP_02,TP,2026-04-13,11/04/2026,5.6,A TIEMPO
A00629,Mia Fernandez,21,Masculino,mia.fernandez629@alumnos.tup.edu.ar,B1,Tarde,2026-02-17,TP_04,TP,2026-06-08,2026-06-05,6.9,A tiempo
A00313,Mia Torres,20,F,mia.torres313@alumnos.tup.edu.ar,A1,Mañana,2026-03-07,TP_02,TP,2026-04-13,2026-04-25,"7,9",tarde
A00542,Manuel Molina,23,F,manuel.molina542@alumnos.tup.edu.ar,B1,Tarde,2026-03-06,Quiz_02,Quiz,27/04/2026,2026-04-22,7.0,A tiempo
A00415,Antonella Ruiz,23,M,antonella.ruiz415@alumnos.tup.edu.ar,B2,Tarde,14/02/2026,TP_01,TP,2026-03-16,14/03/2026,5.7,A tiempo
A00317,Pilar Aguirre,22,Masculino,pilar.aguirre317@alumnos.tup.edu.ar,C2,Noche,10-03-2026,Parcial_01,Parcial,2026-06-22,2026-06-21,8.7,A tiempo
A00627,Isabella Flores,21,Masculino,isabella.flores627@alumnos.tup.edu.ar,C4,Noche,2026-02-20,Quiz_01,Quiz,2026-03-30,2026-03-30,"6,6",A tiempo
A00687,Pilar Romero,21,F,pilar.romero687@alumnos.tup.edu.ar,C1,Noche,09/03/2026,TP_01,TP,2026-03-16,16/03/2026,6.7,A tiempo
A00026,emma medina,26,M,emma.medina26@alumnos.tup.edu.ar,B1,Tarde,2026-03-01,TP_02,TP,2026-04-13,09/04/2026,2.3,A TIEMPO
A00468,manuel perez,28,Masculino,manuel.perez468@alumnos.tup.edu.ar,C2,Noche,16-02-2026,Quiz_02,Quiz,2026-04-27,,,
A00427,Mora Nuñez,23,M,mora.nuñez427@alumnos.tup.edu.ar,B2,Tarde,28/02/2026,Quiz_02,Quiz,27-04-2026,23-04-2026,8.7,A tiempo
A00651,Delfina Garcia,20,M,delfina.garcia651@alumnos.tup.edu.ar,C2,Noche,2026-03-08,TP_01,TP,2026-03-16,23-03-2026,"4,5",tarde
A00381,Sofia Torres,21,F,sofia.torres381@alumnos.tup.edu.ar,A3,Mañana,2026-03-10,Quiz_03,Quiz,2026-05-25,2026-05-22,6.0,A TIEMPO
A00653,Agustin Vega,22,M,agustin.vega653@alumnos.tup.edu.ar, a1 ,Mañana,2026-03-10,TP_01,TP,16/03/2026,2026-03-16,"3,7",A tiempo
A00121,Lucia Ramirez,24,F,lucia.ramirez121@alumnos.tup.edu.ar,A3,Mañana,2026-03-11,TP_02,TP,2026-04-13,2026-04-11,7.5,A tiempo
A00072,Bautista Nuñez,25,Masculino,bautista.nuñez72@alumnos.tup.edu.ar,C3,Noche,15/02/2026,Quiz_01,Quiz,2026-03-30,,,no entregó
A00455,Gabriel Suarez,31,M,gabriel.suarez455@alumnos.tup.edu.ar,B1,Tarde,2026-02-28,TP_01,TP,2026-03-16,13-03-2026,9.8,A tiempo
A00217,Mora Ramirez,27,M,mora.ramirez217@alumnos.tup.edu.ar,C1,Noche,2026-02-20,Quiz_01,Quiz,30/03/2026,2026-03-30,4.6,A tiempo
A00168,Lucas Perez,17,M,lucas.perez168@alumnos.tup.edu.ar,B1,Tarde,2026-03-06,TP_02,TP,2026-04-13,09-04-2026,"7,6",A tiempo
A00423,Sofia Romero,21,Masculino,sofia.romero423@alumnos.tup.edu.ar,B1,Tarde,10/03/2026,Quiz_02,Quiz,2026-04-27,2026-04-26,7.4,a tiempo
A00550,Valentina Molina,29,F,valentina.molina550@alumnos.tup.edu.ar,A3,Mañana,02/03/2026,TP_03,TP,11-05-2026,2026-05-14,3.8,TARDE
A00253,Santino Flores,24,M,santino.flores253@alumnos.tup.edu.ar,A1,Mañana,04/03/2026,TP_01,TP,16/03/2026,2026-03-12,4.8,a tiempo
A00196,Manuel Martinez,25,Femenino,manuel.martinez196@alumnos.tup.edu.ar,A3,Mañana,19/02/2026,TP_02,TP,2026-04-13,13/04/2026,4.1,A tiempo
A00647,Tomas Herrera,22,Masculino,tomas.herrera647@alumnos.tup.edu.ar,B1,Tarde,2026-02-17,TP_03,TP,2026-05-11,2026-05-07,"7,0",A tiempo
A00555,Felipe Vega,19,M,felipe.vega555@alumnos.tup.edu.ar,A2,Mañana,2026-02-16,Quiz_02,Quiz,27/04/2026,2026-05-04,6.1,tarde
A00121,Lucia Ramirez,24,F,lucia.ramirez121@alumnos.tup.edu.ar,A3,Mañana,2026-03-11,Quiz_01,Quiz,2026-03-30,,,no entregó
A00372,Santino Acosta,27,F,santino.acosta372@alumnos.tup.edu.ar,C2,Noche,2026-03-01,Quiz_03,Quiz,2026-05-25,23-05-2026,5.2,A TIEMPO
A00054,Gabriel Diaz,20,M,gabriel.diaz54@alumnos.tup.edu.ar,B1,TARDE,2026-02-28,TP_03,TP,2026-05-11,2026-05-10,"8,3",A TIEMPO
A00005,Thiago Luna,31,M,thiago.luna5@alumnos.tup.edu.ar,B2,Tarde,2026-02-28,Parcial_01,Parcial,2026-06-22,21-06-2026,8.5,A TIEMPO
A00642,Pilar Vega,26,Femenino,pilar.vega642@alumnos.tup.edu.ar,C3,Noche,22/02/2026,TP_01,TP,2026-03-16,2026-03-11,"9,5",A TIEMPO
A00564,Diego Ruiz,19,F,diego.ruiz564@alumnos.tup.edu.ar,B1,Tarde,2026-03-08,Parcial_01,Parcial,2026-06-22,2026-06-17,6.7,A tiempo
A00464,Catalina Cabrera,17,F,catalina.cabrera464@alumnos.tup.edu.ar,A3,Mañana,2026-02-18,TP_02,TP,2026-04-13,13/04/2026,6.6,a tiempo
A00646,Diego Luna,17,F,diego.luna646@alumnos.tup.edu.ar,A1,Mañana,2026-03-09,TP_03,TP,11-05-2026,,,No entrego
A00148,Julieta Romero,27,F,julieta.romero148@alumnos.tup.edu.ar,B2,Tarde,2026-02-20,TP_02,TP,2026-04-13,12-04-2026,7.3,A tiempo
A00068,Martina Garcia,19,F,martina.garcia68@alumnos.tup.edu.ar,A1,Mañana,25/02/2026,Quiz_03,Quiz,25/05/2026,24/05/2026,8.1,A tiempo
A00185,Renata Romero,26,M,renata.romero185@alumnos.tup.edu.ar,B1,Tarde,2026-02-19,TP_02,TP,13/04/2026,13-04-2026,"10,0",A tiempo
A00415,Antonella Ruiz,23,M,antonella.ruiz415@alumnos.tup.edu.ar,B2,Tarde,2026-02-14,TP_04,TP,2026-06-08,,,
A00400,martina silva,24,F,,C1,Noche,17-02-2026,TP_04,TP,2026-06-08,,,no entregó
A00677,Guadalupe Benitez,18,F,guadalupe.benitez677@alumnos.tup.edu.ar,A3,Mañana,2026-03-10,TP_04,TP,08/06/2026,,,
A00546,Antonella Gonzalez,17,F,antonella.gonzalez546@alumnos.tup.edu.ar,C1,Noche,2026-02-14,TP_01,TP,16/03/2026,13/03/2026,"4,6",a tiempo
A00302,Nicolas Perez,22,M,nicolas.perez302@alumnos.tup.edu.ar,A3,Mañana,2026-03-07,TP_03,TP,2026-05-11,2026-05-08,"7,9",a tiempo
A00150,Florencia Sosa,17,F,florencia.sosa150@alumnos.tup.edu.ar,A2,Mañana,03/03/2026,Parcial_01,Parcial,22/06/2026,,,
A00552,Thiago Garcia,26,Masculino,thiago.garcia552@alumnos.tup.edu.ar,A1,Mañana,2026-03-08,TP_01,TP,2026-03-16,2026-03-19,"4,1",Tarde
A00443,Florencia Gonzalez,23,Femenino,florencia.gonzalez443@alumnos.tup.edu.ar,C4,Noche,2026-03-05,TP_01,TP,16/03/2026,25-03-2026,7.6,tarde
A00298,LAUTARO ORTIZ,18,Femenino,lautaro.ortiz298@alumnos.tup.edu.ar,B1,Tarde,10/03/2026,Quiz_03,Quiz,25/05/2026,23/05/2026,6.2,A TIEMPO
A00680,Emma Garcia,24,M,emma.garcia680@alumnos.tup.edu.ar,C4,Noche,2026-02-18,Quiz_01,Quiz,30/03/2026,29/03/2026,"5,1",A tiempo
A00577,Emma Medina,17,F,emma.medina577@alumnos.tup.edu.ar,A2,Mañana,2026-02-26,Quiz_03,Quiz,2026-05-25,21/05/2026,9.6,a tiempo
A00661,  Julieta Fernandez ,18,F,julieta.fernandez661@alumnos.tup.edu.ar,C2,Noche,2026-03-11,TP_03,TP,2026-05-11,06/05/2026,5.8,a tiempo
A00293,NICOLAS SANCHEZ,17,F,nicolas.sanchez293@alumnos.tup.edu.ar,B1,Tarde,2026-03-03,TP_04,TP,2026-06-08,2026-06-08,"7,1",A TIEMPO
A00302,Nicolas Perez,22,M,nicolas.perez302@alumnos.tup.edu.ar,A3,Mañana,2026-03-07,Quiz_03,Quiz,2026-05-25,,,NO ENTREGO
A00383,Felipe Rojas,31,Masculino,felipe.rojas383@alumnos.tup.edu.ar,A1,Mañana,2026-03-08,Quiz_02,Quiz,2026-04-27,25/04/2026,8.3,A tiempo
A00142,Pilar Medina,19,M,pilar.medina142@alumnos.tup.edu.ar,A1,Mañana,2026-02-22,Quiz_02,Quiz,27/04/2026,,,NO ENTREGO
A00169,Florencia Ortiz,24,F,florencia.ortiz169@alumnos.tup.edu.ar, c1 ,Noche,2026-02-27,Quiz_01,Quiz,30-03-2026,2026-04-05,3.9,TARDE
A00324,mora lopez,18,M,mora.lopez324@alumnos.tup.edu.ar,B1,Tarde,09-03-2026,TP_03,TP,2026-05-11,2026-05-09,8.2,a tiempo
A00653,Agustin Vega,22,M,agustin.vega653@alumnos.tup.edu.ar, a1 ,Mañana,10/03/2026,Quiz_02,Quiz,27/04/2026,,,NO ENTREGO
A00365,Felipe Martinez,20,Femenino,felipe.martinez365@alumnos.tup.edu.ar,B2,Tarde,09-03-2026,TP_01,TP,2026-03-16,2026-03-14,3.8,A TIEMPO
A00308,Nicolas Sosa,20,femenino,nicolas.sosa308@alumnos.tup.edu.ar,B1,Tarde,2026-02-16,TP_01,TP,2026-03-16,2026-03-12,3.7,a tiempo
A00135,Lucas Aguirre,19,F,lucas.aguirre135@alumnos.tup.edu.ar,B1,Tarde,2026-02-23,TP_04,TP,2026-06-08,17/06/2026,5.8,tarde
A00144,Tomas Acosta,23,M,tomas.acosta144@alumnos.tup.edu.ar,A1,Mañana,2026-02-22,TP_03,TP,2026-05-11,,,No entrego
A00541,Agustin Cabrera,17,Femenino,agustin.cabrera541@alumnos.tup.edu.ar,B1,Tarde,2026-02-25,TP_03,TP,2026-05-11,07-05-2026,5.4,A TIEMPO
A00614,Ignacio Gonzalez,17,M,ignacio.gonzalez614@alumnos.tup.edu.ar,A2,Mañana,2026-02-27,Quiz_03,Quiz,2026-05-25,,,No entrego
A00200,Federico Molina,17,F,federico.molina200@alumnos.tup.edu.ar,C4,Noche,2026-02-20,TP_01,TP,2026-03-16,2026-03-14,"10,0",A tiempo
A00699,Isabella Garcia,30,M,isabella.garcia699@alumnos.tup.edu.ar,C1,Noche,2026-02-18,TP_04,TP,2026-06-08,,,no entregó
A00571,Catalina Gonzalez,23,Femenino,catalina.gonzalez571@alumnos.tup.edu.ar,A1,Mañana,26-02-2026,TP_04,TP,08-06-2026,2026-06-13,4.7,tarde
A00567,BRUNO SANCHEZ,23,F,bruno.sanchez567@alumnos.tup.edu.ar,A1,Mañana,25/02/2026,Quiz_02,Quiz,2026-04-27,2026-04-25,6.9,A tiempo
A00272,Valentina Sosa,21,M,,B2,Tarde,2026-02-19,TP_04,TP,2026-06-08,2026-06-05,8.3,A TIEMPO
A00466,Diego Silva,22,M,diego.silva466@alumnos.tup.edu.ar,C4,Noche,2026-02-26,Quiz_01,Quiz,2026-03-30,2026-03-31,4.8,TARDE
A00346,Nicolas Flores,12,M,nicolas.flores346@alumnos.tup.edu.ar,A3,Mañana,05/03/2026,TP_01,TP,2026-03-16,,,no entregó
A00496,Valentina Silva,23,M,valentina.silva496@alumnos.tup.edu.ar,C1,Noche,2026-02-24,Quiz_03,Quiz,2026-05-25,25-05-2026,7.3,a tiempo
A00436,Lucas Silva,31,M,lucas.silva436@alumnos.tup.edu.ar,B1,TARDE,2026-02-17,Quiz_02,Quiz,27/04/2026,,,NO ENTREGO
A00469,Diego Torres,17,femenino,diego.torres469@alumnos.tup.edu.ar,B2,TARDE,2026-02-19,TP_02,TP,2026-04-13,2026-04-08,5.6,A TIEMPO
A00661,  Julieta Fernandez ,18,F,julieta.fernandez661@alumnos.tup.edu.ar,C2,Noche,2026-03-11,Quiz_02,Quiz,2026-04-27,2026-05-04,6.7,Tarde
A00451,VICTORIA SANCHEZ,27,F,victoria.sanchez451@alumnos.tup.edu.ar,A2,Mañana,05/03/2026,Quiz_02,Quiz,27/04/2026,02/05/2026,"7,4",TARDE
A00694,Federico Vega,20,M,federico.vega694@alumnos.tup.edu.ar,C3,Noche,2026-02-20,TP_04,TP,2026-06-08,,,No entrego
A00043,Maximo Martinez,20,M,maximo.martinez43@alumnos.tup.edu.ar,A1,Mañana,2026-02-17,TP_02,TP,2026-04-13,2026-04-09,3.3,A tiempo
A00331,Felipe Rojas,17,Femenino,felipe.rojas331@alumnos.tup.edu.ar,C3,Noche,2026-02-23,Quiz_03,Quiz,25/05/2026,,,no entregó
A00096,Renata Torres,25,M,renata.torres96@alumnos.tup.edu.ar,C2,Noche,27/02/2026,TP_02,TP,13/04/2026,,,no entregó
A00588,Antonella Flores,22,F,antonella.flores588@alumnos.tup.edu.ar,C1,Noche,14-02-2026,Quiz_02,Quiz,2026-04-27,2026-04-27,7.2,A tiempo
A00004,Camila Alvarez,23,F,camila.alvarez4@alumnos.tup.edu.ar,C1,Noche,2026-03-06,Quiz_03,Quiz,25-05-2026,2026-05-20,"6,4",a tiempo
A00022,Emma Garcia,27,Masculino,emma.garcia22@alumnos.tup.edu.ar,B1,Tarde,2026-02-28,TP_02,TP,2026-04-13,,,no entregó
A00680,Emma Garcia,24,M,emma.garcia680@alumnos.tup.edu.ar,C4,Noche,18/02/2026,Quiz_03,Quiz,2026-05-25,,,
A00064,Benjamin Aguirre,21,Masculino,benjamin.aguirre64@alumnos.tup.edu.ar,A1,Mañana,2026-03-07,TP_04,TP,2026-06-08,,,No entrego
A00607,  Bautista Suarez ,24,M,bautista.suarez607@alumnos.tup.edu.ar,B1,Tarde,27/02/2026,Quiz_03,Quiz,2026-05-25,2026-05-24,5.9,a tiempo
A00475,Agustin Suarez,17,M,agustin.suarez475@@alumnos.tup.edu.ar,A3,Mañana,2026-03-01,Quiz_03,Quiz,2026-05-25,2026-05-24,"8,7",A tiempo
A00547,Agustin Rodriguez,27,M,agustin.rodriguez547@alumnos.tup.edu.ar,C3,NOCHE,14-02-2026,Quiz_01,Quiz,2026-03-30,2026-03-30,5.8,a tiempo
A00387,Manuel Ramirez,17,F,manuel.ramirez387@alumnos.tup.edu.ar,A3,Mañana,01/03/2026,Parcial_01,Parcial,22/06/2026,25/06/2026,4.4,Tarde
A00464,Catalina Cabrera,17,F,catalina.cabrera464@alumnos.tup.edu.ar,A3,Mañana,2026-02-18,Parcial_01,Parcial,22/06/2026,,,no entregó
A00601,Julieta Suarez,18,F,julieta.suarez601@alumnos.tup.edu.ar,A2,Mañana,2026-02-27,TP_01,TP,16/03/2026,2026-03-20,6.6,TARDE
A00124,Felipe Rojas,24,M,felipe.rojas124@alumnos.tup.edu.ar,B2,Tarde,2026-02-21,TP_01,TP,16/03/2026,2026-03-21,4.6,tarde
A00684,Mia Luna,17,F,mia.luna684@alumnos.tup.edu.ar,B2,Tarde,2026-02-28,TP_03,TP,2026-05-11,2026-05-08,7.2,A TIEMPO
A00670,Julieta Sanchez,18,M,julieta.sanchez670@@alumnos.tup.edu.ar,A3,Mañana,2026-02-23,Quiz_03,Quiz,25/05/2026,2026-05-22,8.4,A TIEMPO
A00415,Antonella Ruiz,23,M,antonella.ruiz415@alumnos.tup.edu.ar,B2,Tarde,2026-02-14,Quiz_01,Quiz,2026-03-30,2026-04-10,3.6,TARDE
A00322,Federico Suarez,25,M,federico.suarez322@alumnos.tup.edu.ar,B2,Tarde,03/03/2026,TP_02,TP,2026-04-13,2026-04-08,6.2,a tiempo
A00569,Mora Gonzalez,20,Masculino,mora.gonzalez569@alumnos.tup.edu.ar,A1,Mañana,2026-02-24,TP_01,TP,2026-03-16,2026-03-20,3.8,Tarde
A00632,Thiago Rodriguez,25,M,thiago.rodriguez632@alumnos.tup.edu.ar,C1,Noche,2026-03-08,Quiz_03,Quiz,2026-05-25,2026-06-01,6.6,TARDE
A00387,Manuel Ramirez,17,F,manuel.ramirez387@alumnos.tup.edu.ar,A3,Mañana,01/03/2026,TP_02,TP,2026-04-13,13/04/2026,7.0,A tiempo
A00433,Agustin Lopez,17,F,agustin.lopez433@alumnos.tup.edu.ar,B2,Tarde,2026-03-01,Quiz_02,Quiz,2026-04-27,2026-04-26,"6,2",a tiempo
A00072,Bautista Nuñez,25,Masculino,bautista.nuñez72@alumnos.tup.edu.ar,C3,Noche,2026-02-15,TP_01,TP,2026-03-16,,,no entregó
A00060,Diego Luna,35,Femenino,diego.luna60@alumnos.tup.edu.ar,C3,Noche,2026-02-18,Quiz_01,Quiz,2026-03-30,30/03/2026,"5,2",a tiempo
A00615,Agustin Nuñez,17,F,agustin.nuñez615@alumnos.tup.edu.ar,C1,Noche,2026-02-17,TP_03,TP,11-05-2026,,,No entrego
A00161,Manuel Nuñez,21,F,manuel.nuñez161@alumnos.tup.edu.ar,C3,Noche,2026-02-25,TP_03,TP,2026-05-11,2026-05-06,4.6,A tiempo
A00501,Bruno Sanchez,24,Masculino,bruno.sanchez501@alumnos.tup.edu.ar,C3,NOCHE,2026-03-05,TP_02,TP,13/04/2026,2026-04-09,5.0,a tiempo
A00158,Nicolas Torres,26,M,nicolas.torres158@alumnos.tup.edu.ar,C2,Noche,2026-02-17,Quiz_02,Quiz,2026-04-27,2026-04-26,5.5,A TIEMPO
A00075,Mia Gonzalez,23,F,mia.gonzalez75@alumnos.tup.edu.ar,B1,Tarde,2026-03-07,TP_04,TP,08/06/2026,2026-06-07,8.4,A TIEMPO
A00515,  Valentino Diaz ,22,F,valentino.diaz515@alumnos.tup.edu.ar,C4,Noche,23/02/2026,Quiz_03,Quiz,25/05/2026,,,No entrego
A00555,Felipe Vega,19,M,felipe.vega555@alumnos.tup.edu.ar,A2,Mañana,2026-02-16,Quiz_01,Quiz,30/03/2026,2026-03-26,5.6,a tiempo
A00040,Martina Sosa,25,Femenino,martina.sosa40@alumnos.tup.edu.ar,C3,Noche,22-02-2026,Parcial_01,Parcial,2026-06-22,2026-06-19,7.6,A tiempo
A00449,Pilar Martinez,18,M,pilar.martinez449@alumnos.tup.edu.ar,A3,Mañana,2026-03-08,Quiz_01,Quiz,30/03/2026,28/03/2026,7.7,a tiempo
A00606,Delfina Alvarez,23,F,delfina.alvarez606@alumnos.tup.edu.ar,B2,Tarde,2026-02-17,TP_03,TP,2026-05-11,,,no entregó
A00621,Diego Acosta,19,F,diego.acosta621@alumnos.tup.edu.ar,C1,Noche,15/02/2026,Quiz_01,Quiz,2026-03-30,,,No entrego
A00512,Bautista Ortiz,24,M,bautista.ortiz512@alumnos.tup.edu.ar,B2,Tarde,2026-02-20,TP_02,TP,2026-04-13,2026-04-10,6.9,a tiempo
A00044,Gabriel Rojas,20,M,gabriel.rojas44@alumnos.tup.edu.ar,B2,Tarde,2026-02-17,TP_03,TP,2026-05-11,,,NO ENTREGO
A00692,Valentino Rojas,27,Femenino,valentino.rojas692@alumnos.tup.edu.ar,C2,Noche,2026-02-26,TP_02,TP,2026-04-13,2026-04-16,"2,5",tarde
A00181,Manuel Ortiz,22,F,manuel.ortiz181@alumnos.tup.edu.ar,B1,Tarde,2026-03-08,TP_02,TP,2026-04-13,2026-04-09,8.2,A TIEMPO
A00386,Felipe Vega,19,M,felipe.vega386@alumnos.tup.edu.ar,B1,Tarde,2026-02-15,Quiz_03,Quiz,2026-05-25,,,NO ENTREGO
A00473,federico vega,32,F,federico.vega473@alumnos.tup.edu.ar,B2,Tarde,2026-03-06,TP_01,TP,16/03/2026,15/03/2026,8.3,a tiempo
A00245,Paula Flores,27,Masculino,paula.flores245@alumnos.tup.edu.ar,A1,Mañana,11/03/2026,TP_02,TP,2026-04-13,,,
A00616,Martina Garcia,35,F,martina.garcia616@alumnos.tup.edu.ar,B1,TARDE,2026-02-22,TP_02,TP,13/04/2026,2026-04-11,5.9,A TIEMPO
A00320,Camila Cabrera,19,Masculino,camila.cabrera320@alumnos.tup.edu.ar,A1,Mañana,20/02/2026,TP_02,TP,13-04-2026,2026-04-25,3.4,tarde
A00229,Tomas Aguirre,26,Femenino,tomas.aguirre229@alumnos.tup.edu.ar,A2,MAÑANA,2026-02-24,Quiz_03,Quiz,25/05/2026,,,no entregó
A00373,Joaquin Rodriguez,24,M,joaquin.rodriguez373@alumnos.tup.edu.ar,B2,Tarde,2026-03-09,TP_01,TP,2026-03-16,2026-03-11,8.3,A TIEMPO
A00012,Isabella Nuñez,20,M,isabella.nuñez12@alumnos.tup.edu.ar,B2,Tarde,2026-03-09,TP_04,TP,2026-06-08,2026-06-05,7.9,A TIEMPO
A00292,Mateo Gonzalez,26,F,mateo.gonzalez292@@alumnos.tup.edu.ar,B1,Tarde,2026-03-10,Parcial_01,Parcial,2026-06-22,04/07/2026,6.8,Tarde
A00294,Ignacio Suarez,23,F,ignacio.suarez294@alumnos.tup.edu.ar,C2,Noche,2026-02-26,Parcial_01,Parcial,22/06/2026,,,no entregó
A00493,Agustin Ruiz,24,F,agustin.ruiz493@alumnos.tup.edu.ar,C2,Noche,04-03-2026,TP_04,TP,08-06-2026,,,
A00062,Valentino Ortiz,30,M,valentino.ortiz62@alumnos.tup.edu.ar,A1,Mañana,2026-03-03,Quiz_01,Quiz,30-03-2026,2026-03-27,6.1,A TIEMPO
A00688,Benjamin Herrera,18,M,benjamin.herrera688@alumnos.tup.edu.ar,C3,Noche,2026-02-21,Quiz_03,Quiz,2026-05-25,2026-06-01,9.6,tarde
A00152,Maximo Flores,25,Masculino,maximo.flores152@alumnos.tup.edu.ar,C4,Noche,2026-02-16,Quiz_01,Quiz,2026-03-30,2026-03-30,"8,5",a tiempo
A00300,ANTONELLA CASTRO,23,M,antonella.castro300@alumnos.tup.edu.ar,A3,MAÑANA,28/02/2026,TP_04,TP,08/06/2026,,,No entrego
A00628,Benjamin Rodriguez,23,Femenino,benjamin.rodriguez628@alumnos.tup.edu.ar,B1,Tarde,23/02/2026,TP_03,TP,11/05/2026,,,NO ENTREGO
A00293,NICOLAS SANCHEZ,17,F,nicolas.sanchez293@alumnos.tup.edu.ar,B1,Tarde,2026-03-03,Parcial_01,Parcial,2026-06-22,02-07-2026,"5,6",TARDE
A00625,Thiago Gonzalez,21,Masculino,thiago.gonzalez625@alumnos.tup.edu.ar,C1,Noche,2026-03-05,TP_04,TP,2026-06-08,2026-06-03,"5,5",A tiempo
A00571,Catalina Gonzalez,23,Femenino,catalina.gonzalez571@alumnos.tup.edu.ar,A1,Mañana,26/02/2026,TP_02,TP,2026-04-13,2026-04-16,"5,9",TARDE
A00688,Benjamin Herrera,18,M,benjamin.herrera688@alumnos.tup.edu.ar,C3,Noche,21-02-2026,Quiz_02,Quiz,2026-04-27,2026-04-24,8.5,A tiempo
A00262,Joaquin Aguirre,23,Masculino,joaquin.aguirre262@alumnos.tup.edu.ar,C1,Noche,2026-03-01,Quiz_03,Quiz,2026-05-25,,,No entrego
A00277,Federico Cabrera,25,M,federico.cabrera277@alumnos.tup.edu.ar,C3,Noche,01/03/2026,TP_04,TP,2026-06-08,,,NO ENTREGO
A00423,Sofia Romero,21,Masculino,sofia.romero423@alumnos.tup.edu.ar,B1,Tarde,10/03/2026,TP_03,TP,2026-05-11,2026-05-07,4.9,a tiempo
A00033,Florencia Medina,23,M,florencia.medina33@alumnos.tup.edu.ar,B1,Tarde,22-02-2026,Quiz_02,Quiz,2026-04-27,,,NO ENTREGO
A00470,Valentina Sosa,21,F,valentina.sosa470@alumnos.tup.edu.ar, b1 ,Tarde,2026-02-26,Quiz_02,Quiz,2026-04-27,,,No entrego
A00525,Nicolas Castro,19,Masculino,nicolas.castro525@alumnos.tup.edu.ar,A2,Mañana,2026-03-10,TP_02,TP,13/04/2026,,,NO ENTREGO
A00177,Tomas Martinez,22,Femenino,tomas.martinez177@alumnos.tup.edu.ar,C3,Noche,2026-02-22,Quiz_03,Quiz,2026-05-25,2026-05-23,"4,8",A TIEMPO
A00295,Lucas Medina,20,Femenino,lucas.medina295@alumnos.tup.edu.ar,B1,Tarde,2026-02-18,Quiz_01,Quiz,2026-03-30,29/03/2026,"3,8",A tiempo
A00657,Valentino Alvarez,23,F,valentino.alvarez657@alumnos.tup.edu.ar,A2,Mañana,2026-03-05,Parcial_01,Parcial,2026-06-22,,,NO ENTREGO
A00229,Tomas Aguirre,26,Femenino,tomas.aguirre229@alumnos.tup.edu.ar,A2,MAÑANA,2026-02-24,Quiz_01,Quiz,2026-03-30,2026-03-25,7.4,a tiempo
A00594,Mia Vega,24,M,mia.vega594@alumnos.tup.edu.ar,C3,Noche,08-03-2026,Quiz_02,Quiz,27/04/2026,2026-05-09,4.5,tarde
A00020,Ignacio Ortiz,21,F,ignacio.ortiz20@alumnos.tup.edu.ar,A1,Mañana,2026-02-27,TP_02,TP,2026-04-13,08-04-2026,8.1,A TIEMPO
A00165,Isabella Castro,18,Femenino,isabella.castro165@alumnos.tup.edu.ar,B2,Tarde,2026-03-09,Quiz_03,Quiz,2026-05-25,2026-05-26,8.8,Tarde
A00636,Bruno Romero,27,Masculino,bruno.romero636@alumnos.tup.edu.ar,B2,Tarde,2026-02-17,Quiz_01,Quiz,30/03/2026,2026-03-29,7.0,a tiempo
A00572,Federico Gonzalez,12,M,,B2,Tarde,2026-03-11,TP_01,TP,2026-03-16,2026-03-13,8.3,A TIEMPO
A00579,Lucas Benitez,19,F,lucas.benitez579@alumnos.tup.edu.ar,A1,Mañana,2026-03-06,TP_02,TP,13/04/2026,,,No entrego
A00645,Paula Herrera,25,F,paula.herrera645@alumnos.tup.edu.ar,B1,TARDE,2026-03-06,Parcial_01,Parcial,22/06/2026,19/06/2026,"8,9",A tiempo
A00129,Martina Ramirez,25,F,martina.ramirez129@alumnos.tup.edu.ar,A1,Mañana,14/02/2026,Parcial_01,Parcial,22/06/2026,2026-06-20,5.7,A tiempo
A00172,Agustin Sanchez,23,M,agustin.sanchez172@alumnos.tup.edu.ar,C3,Noche,2026-03-02,TP_01,TP,2026-03-16,2026-03-11,6.7,A TIEMPO
A00263,Joaquin Luna,21,M,joaquin.luna263@alumnos.tup.edu.ar,A3,Mañana,17/02/2026,Quiz_03,Quiz,2026-05-25,2026-05-21,7.9,A TIEMPO
A00475,Agustin Suarez,17,M,agustin.suarez475@@alumnos.tup.edu.ar,A3,Mañana,2026-03-01,TP_02,TP,2026-04-13,2026-04-11,"9,2",A tiempo
A00076,Maximo Flores,17,M,maximo.flores76@alumnos.tup.edu.ar,C1,Noche,2026-02-21,Quiz_02,Quiz,2026-04-27,2026-04-26,6.8,a tiempo
A00652,Tomas Nuñez,23,M,tomas.nuñez652@alumnos.tup.edu.ar,C4,Noche,2026-03-02,TP_01,TP,2026-03-16,2026-03-18,"5,9",Tarde
A00549,Mateo Rodriguez,20,M,mateo.rodriguez549@alumnos.tup.edu.ar,A3,Mañana,2026-02-19,TP_03,TP,2026-05-11,2026-05-06,"7,8",A tiempo
A00534,Federico Sanchez,29,Masculino,federico.sanchez534@alumnos.tup.edu.ar,A1,Mañana,21/02/2026,Parcial_01,Parcial,2026-06-22,2026-06-20,5.7,A TIEMPO
A00408,Benjamin Silva,25,M,,B2,Tarde,2026-03-10,TP_03,TP,2026-05-11,08-05-2026,9.4,a tiempo
A00112,Lucia Acosta,32,F,lucia.acosta112@alumnos.tup.edu.ar,B2,Tarde,2026-03-03,TP_04,TP,2026-06-08,07/06/2026,6.2,A TIEMPO
A00226,Delfina Romero,19,F,delfina.romero226@alumnos.tup.edu.ar,A2,Mañana,2026-02-14,Quiz_02,Quiz,27-04-2026,,,no entregó
A00264,Antonella Molina,17,F,antonella.molina264@alumnos.tup.edu.ar,B1,Tarde,2026-03-03,TP_03,TP,2026-05-11,,,NO ENTREGO
A00111,Maximo Romero,17,F,maximo.romero111@alumnos.tup.edu.ar,A1,Mañana,2026-02-15,Quiz_03,Quiz,2026-05-25,2026-05-25,9.8,A TIEMPO
A00278,Mateo Alvarez,12,M,mateo.alvarez278@alumnos.tup.edu.ar,A3,Mañana,2026-02-22,TP_02,TP,13/04/2026,09/04/2026,3.7,A TIEMPO
A00023,Thiago Garcia,17,F,thiago.garcia23@alumnos.tup.edu.ar,A2,Mañana,2026-03-04,TP_01,TP,16/03/2026,13/03/2026,6.4,A TIEMPO
A00172,Agustin Sanchez,23,M,agustin.sanchez172@alumnos.tup.edu.ar,C3,Noche,2026-03-02,Parcial_01,Parcial,2026-06-22,2026-06-20,7.4,a tiempo
A00609,Lautaro Romero,23,Masculino,lautaro.romero609@alumnos.tup.edu.ar, b1 ,Tarde,2026-02-24,TP_04,TP,2026-06-08,2026-06-04,6.9,A tiempo
A00623,Florencia Herrera,18,F,florencia.herrera623@alumnos.tup.edu.ar,A1,Mañana,01-03-2026,TP_01,TP,2026-03-16,2026-03-15,5.6,A tiempo
A00143,Manuel Martinez,20,F,manuel.martinez143@alumnos.tup.edu.ar,C2,Noche,2026-03-03,TP_03,TP,11-05-2026,2026-05-14,"6,5",TARDE
A00312,Mia Garcia,29,M,mia.garcia312@alumnos.tup.edu.ar,B1,Tarde,2026-03-05,TP_03,TP,2026-05-11,2026-05-07,5.9,a tiempo
A00635,Mora Flores,22,Femenino,mora.flores635@alumnos.tup.edu.ar,A3,Mañana,2026-02-24,TP_04,TP,08/06/2026,2026-06-03,6.8,a tiempo
A00691,Victoria Rojas,22,Masculino,victoria.rojas691@alumnos.tup.edu.ar,A2,Mañana,2026-02-26,TP_04,TP,2026-06-08,2026-06-03,5.3,A tiempo
A00169,Florencia Ortiz,24,F,florencia.ortiz169@alumnos.tup.edu.ar, c1 ,Noche,27/02/2026,TP_04,TP,2026-06-08,,,NO ENTREGO
A00294,Ignacio Suarez,23,F,ignacio.suarez294@alumnos.tup.edu.ar,C2,Noche,2026-02-26,TP_01,TP,2026-03-16,2026-03-16,3.6,a tiempo
A00359,Lucas Garcia,28,M,lucas.garcia359@alumnos.tup.edu.ar,B1,Tarde,2026-03-05,Quiz_02,Quiz,2026-04-27,2026-04-24,5.1,a tiempo
A00233,Lucia Luna,19,F,lucia.luna233@alumnos.tup.edu.ar,C4,Noche,11/03/2026,Quiz_02,Quiz,2026-04-27,2026-04-26,7.4,a tiempo
A00688,Benjamin Herrera,18,M,benjamin.herrera688@alumnos.tup.edu.ar,C3,Noche,2026-02-21,TP_03,TP,2026-05-11,2026-05-07,6.4,A TIEMPO
A00410,Victoria Molina,17,M,victoria.molina410@alumnos.tup.edu.ar,A3,Mañana,2026-02-23,TP_04,TP,08-06-2026,,,No entrego
A00384,MIA ACOSTA,27,F,mia.acosta384@alumnos.tup.edu.ar,B1,Tarde,2026-03-11,TP_02,TP,2026-04-13,2026-04-12,7.4,a tiempo
A00162,Mateo Benitez,17,F,mateo.benitez162@alumnos.tup.edu.ar,C2,Noche,2026-02-17,TP_03,TP,2026-05-11,2026-05-11,3.9,A tiempo
A00372,Santino Acosta,27,F,santino.acosta372@alumnos.tup.edu.ar,C2,Noche,01/03/2026,Parcial_01,Parcial,22/06/2026,,,NO ENTREGO
A00684,Mia Luna,17,F,mia.luna684@alumnos.tup.edu.ar,B2,Tarde,2026-02-28,Quiz_02,Quiz,2026-04-27,2026-04-26,6.3,A tiempo
A00492,Olivia Ramirez,17,Masculino,olivia.ramirez492@alumnos.tup.edu.ar,C4,Noche,2026-02-26,TP_03,TP,11/05/2026,2026-05-06,"4,8",A tiempo
A00418,FLORENCIA FERNANDEZ,18,Masculino,florencia.fernandez418@alumnos.tup.edu.ar,B2,Tarde,14/02/2026,Quiz_01,Quiz,2026-03-30,2026-04-11,5.1,Tarde
A00448,VICTORIA CASTRO,17,Masculino,victoria.castro448@alumnos.tup.edu.ar,C3,Noche,2026-03-06,TP_04,TP,08-06-2026,2026-06-08,"5,5",A tiempo
A00656,Bautista Rodriguez,18,Femenino,bautista.rodriguez656@alumnos.tup.edu.ar,B1,Tarde,2026-02-20,TP_02,TP,2026-04-13,2026-04-23,3.4,tarde
A00505,Lautaro Romero,26,Femenino,lautaro.romero505@alumnos.tup.edu.ar,B1,Tarde,2026-02-28,TP_04,TP,2026-06-08,,,No entrego
A00387,Manuel Ramirez,17,F,manuel.ramirez387@alumnos.tup.edu.ar,A3,Mañana,2026-03-01,TP_03,TP,11/05/2026,2026-05-19,5.1,Tarde
A00045,Olivia Romero,18,X,olivia.romero45@alumnos.tup.edu.ar, a1 ,Mañana,2026-03-07,Quiz_03,Quiz,2026-05-25,20-05-2026,6.6,a tiempo
A00370,BAUTISTA TORRES,23,M,bautista.torres370@alumnos.tup.edu.ar, b1 ,Tarde,2026-03-11,TP_04,TP,08/06/2026,2026-06-11,6.3,Tarde
A00388,  Delfina Lopez ,26,Masculino,delfina.lopez388@alumnos.tup.edu.ar,C3,Noche,07/03/2026,Quiz_03,Quiz,2026-05-25,2026-05-21,7.1,A TIEMPO
A00571,Catalina Gonzalez,23,Femenino,catalina.gonzalez571@alumnos.tup.edu.ar,A1,Mañana,26/02/2026,Quiz_01,Quiz,2026-03-30,2026-03-28,8.4,A TIEMPO
A00678,Thiago Diaz,23,Masculino,thiago.diaz678@alumnos.tup.edu.ar,C4,Noche,28/02/2026,TP_02,TP,2026-04-13,2026-04-09,5.0,A TIEMPO
A00439,Olivia Torres,17,M,olivia.torres439@alumnos.tup.edu.ar,C2,Noche,25/02/2026,Quiz_01,Quiz,2026-03-30,25/03/2026,"9,3",a tiempo
A00562,BRUNO FERNANDEZ,21,F,bruno.fernandez562@alumnos.tup.edu.ar,B2,Tarde,2026-02-22,TP_04,TP,2026-06-08,2026-06-04,7.9,A TIEMPO
A00025,Santino Ruiz,20,F,santino.ruiz25@alumnos.tup.edu.ar,B1,Tarde,26/02/2026,TP_04,TP,08/06/2026,04-06-2026,4.0,a tiempo
A00355,Maximo Nuñez,24,F,maximo.nuñez355@alumnos.tup.edu.ar,A3,Mañana,10-03-2026,TP_01,TP,16/03/2026,2026-03-12,8.1,A tiempo
A00252,Emma Rojas,29,M,emma.rojas252@alumnos.tup.edu.ar,C1,Noche,16-02-2026,Quiz_02,Quiz,2026-04-27,24/04/2026,4.8,a tiempo
A00406,Diego Fernandez,17,M,diego.fernandez406@alumnos.tup.edu.ar,C3,Noche,2026-03-01,Parcial_01,Parcial,22-06-2026,2026-06-22,5.7,A tiempo
A00343,Lucia Ramirez,18,M,lucia.ramirez343@alumnos.tup.edu.ar,B2,Tarde,03-03-2026,Quiz_03,Quiz,25-05-2026,,,NO ENTREGO
A00276,Santino Ortiz,25,F,santino.ortiz276@alumnos.tup.edu.ar,A3,Mañana,14/02/2026,Quiz_01,Quiz,2026-03-30,2026-03-27,6.1,a tiempo
A00310,Guadalupe Ortiz,21,M,guadalupe.ortiz310@alumnos.tup.edu.ar,B2,Tarde,2026-02-25,Parcial_01,Parcial,2026-06-22,2026-06-29,5.0,TARDE
A00693,Pilar Romero,19,M,pilar.romero693@alumnos.tup.edu.ar,B1,Tarde,2026-02-24,Quiz_01,Quiz,2026-03-30,2026-03-31,9.1,tarde
A00095,Bruno Diaz,29,F,bruno.diaz95@alumnos.tup.edu.ar,B2,Tarde,2026-02-15,TP_04,TP,2026-06-08,07-06-2026,5.3,A TIEMPO
A00150,Florencia Sosa,17,F,florencia.sosa150@alumnos.tup.edu.ar,A2,Mañana,2026-03-03,TP_01,TP,2026-03-16,13/03/2026,6.7,A tiempo
A00172,Agustin Sanchez,23,M,agustin.sanchez172@alumnos.tup.edu.ar,C3,Noche,02/03/2026,Quiz_02,Quiz,27/04/2026,2026-04-24,6.4,A tiempo
A00344,Renata Ramirez,27,Femenino,renata.ramirez344@alumnos.tup.edu.ar,C2,Noche,2026-02-27,Quiz_02,Quiz,2026-04-27,2026-05-01,4.4,Tarde
A00425,Bautista Castro,28,Femenino,bautista.castro425@alumnos.tup.edu.ar,C3,NOCHE,2026-03-06,TP_04,TP,2026-06-08,2026-06-06,"8,0",A TIEMPO
A00317,Pilar Aguirre,22,Masculino,pilar.aguirre317@alumnos.tup.edu.ar,C2,Noche,10/03/2026,TP_03,TP,11/05/2026,2026-05-06,8.6,a tiempo
A00284,Florencia Herrera,20,Femenino,florencia.herrera284@alumnos.tup.edu.ar,C4,Noche,08/03/2026,Parcial_01,Parcial,22/06/2026,,,no entregó
A00625,Thiago Gonzalez,21,Masculino,thiago.gonzalez625@alumnos.tup.edu.ar,C1,Noche,2026-03-05,Parcial_01,Parcial,2026-06-22,,,No entrego
A00203,Gabriel Molina,20,Femenino,gabriel.molina203@alumnos.tup.edu.ar,B2,Tarde,2026-02-17,Quiz_03,Quiz,2026-05-25,,,No entrego
A00691,Victoria Rojas,22,Masculino,victoria.rojas691@alumnos.tup.edu.ar,A2,Mañana,26/02/2026,Quiz_03,Quiz,25-05-2026,,,No entrego
A00119,Tomas Vega,21,Femenino,tomas.vega119@alumnos.tup.edu.ar,B2,Tarde,2026-03-09,TP_02,TP,2026-04-13,,,no entregó
A00247,  Joaquin Benitez ,25,M,joaquin.benitez247@alumnos.tup.edu.ar,A1,Mañana,2026-03-10,Quiz_01,Quiz,2026-03-30,2026-03-26,7.1,a tiempo
A00034,Valentino Ortiz,26,Masculino,valentino.ortiz34@alumnos.tup.edu.ar,C1,Noche,18/02/2026,Parcial_01,Parcial,2026-06-22,2026-06-17,8.5,A TIEMPO
A00384,MIA ACOSTA,27,F,mia.acosta384@alumnos.tup.edu.ar,B1,Tarde,2026-03-11,TP_03,TP,11/05/2026,,,No entrego
A00660,Sofia Flores,31,Femenino,sofia.flores660@alumnos.tup.edu.ar,C1,Noche,2026-03-01,TP_04,TP,2026-06-08,,,NO ENTREGO
A00480,Ignacio Herrera,17,M,ignacio.herrera480@alumnos.tup.edu.ar,C1,Noche,01/03/2026,TP_01,TP,16/03/2026,2026-03-16,8.0,A TIEMPO
A00445,Paula Alvarez,22,Masculino,paula.alvarez445@alumnos.tup.edu.ar,B1,TARDE,06-03-2026,Parcial_01,Parcial,22/06/2026,2026-06-19,6.5,A TIEMPO
A00046,Ignacio Molina,19,F,ignacio.molina46@alumnos.tup.edu.ar,A3,Mañana,04/03/2026,TP_02,TP,2026-04-13,2026-04-18,2.3,tarde
A00065,Federico Medina,20,M,federico.medina65@alumnos.tup.edu.ar,A2,Mañana,2026-03-07,Quiz_01,Quiz,2026-03-30,29/03/2026,7.7,A tiempo
A00044,Gabriel Rojas,20,M,gabriel.rojas44@alumnos.tup.edu.ar,B2,Tarde,2026-02-17,Quiz_01,Quiz,2026-03-30,,,no entregó
A00007,Pilar Gonzalez,28,F,pilar.gonzalez7@alumnos.tup.edu.ar,B1,Tarde,2026-02-14,TP_02,TP,2026-04-13,,,NO ENTREGO
A00377,Delfina Garcia,19,F,delfina.garcia377@alumnos.tup.edu.ar,B2,Tarde,2026-03-01,TP_01,TP,16/03/2026,12/03/2026,7.2,A tiempo
A00615,Agustin Nuñez,17,F,agustin.nuñez615@alumnos.tup.edu.ar,C1,Noche,2026-02-17,TP_01,TP,2026-03-16,2026-03-27,6.1,TARDE
A00314,Bautista Sosa,20,F,bautista.sosa314@alumnos.tup.edu.ar,B1,Tarde,2026-03-03,Quiz_03,Quiz,2026-05-25,,,
A00696,  Joaquin Sosa ,22,M,joaquin.sosa696@alumnos.tup.edu.ar, c2 ,Noche,22/02/2026,Parcial_01,Parcial,22/06/2026,,,NO ENTREGO
A00426,Manuel Fernandez,24,F,manuel.fernandez426@alumnos.tup.edu.ar,C2,Noche,2026-02-22,TP_01,TP,2026-03-16,2026-03-25,7.3,tarde
A00671,Agustin Cabrera,23,Masculino,agustin.cabrera671@alumnos.tup.edu.ar,B1,Tarde,2026-02-24,Quiz_01,Quiz,2026-03-30,2026-03-26,"6,2",a tiempo
A00572,Federico Gonzalez,12,M,,B2,Tarde,2026-03-11,Parcial_01,Parcial,22/06/2026,20/06/2026,7.4,A TIEMPO
A00244,Agustin Sanchez,17,Masculino,agustin.sanchez244@alumnos.tup.edu.ar,A2,Mañana,2026-02-23,Quiz_02,Quiz,2026-04-27,2026-04-22,5.3,A TIEMPO
A00582,Pilar Herrera,30,F,pilar.herrera582@alumnos.tup.edu.ar,B1,Tarde,11/03/2026,Quiz_02,Quiz,2026-04-27,2026-04-25,8.0,a tiempo
A00142,Pilar Medina,19,M,pilar.medina142@alumnos.tup.edu.ar,A1,Mañana,2026-02-22,Quiz_03,Quiz,2026-05-25,,,NO ENTREGO
A00415,Antonella Ruiz,23,M,antonella.ruiz415@alumnos.tup.edu.ar,B2,Tarde,2026-02-14,Quiz_03,Quiz,2026-05-25,23/05/2026,"4,9",A tiempo
A00079,Paula Luna,30,F,paula.luna79@alumnos.tup.edu.ar,A1,Mañana,06/03/2026,Quiz_03,Quiz,2026-05-25,24/05/2026,8.5,A tiempo
A00689,Nicolas Molina,20,Femenino,nicolas.molina689@alumnos.tup.edu.ar,A3,Mañana,2026-03-01,Quiz_02,Quiz,2026-04-27,,,no entregó
A00459,Valentina Benitez,21,M,valentina.benitez459@alumnos.tup.edu.ar,A1,Mañana,2026-02-25,TP_02,TP,13/04/2026,2026-04-12,4.7,A tiempo
A00600,Valentino Suarez,37,M,valentino.suarez600@alumnos.tup.edu.ar,B1,Tarde,2026-03-10,Quiz_03,Quiz,2026-05-25,2026-06-03,"7,1",tarde
A00421,Agustin Luna,22,Masculino,agustin.luna421@alumnos.tup.edu.ar,A2,Mañana,2026-03-08,Parcial_01,Parcial,22/06/2026,,,NO ENTREGO
A00054,Gabriel Diaz,20,M,gabriel.diaz54@alumnos.tup.edu.ar,B1,TARDE,28-02-2026,TP_02,TP,2026-04-13,2026-04-08,7.9,a tiempo
A00410,Victoria Molina,17,M,victoria.molina410@alumnos.tup.edu.ar,A3,Mañana,2026-02-23,TP_02,TP,2026-04-13,11-04-2026,"4,8",A tiempo
A00670,Julieta Sanchez,18,M,julieta.sanchez670@@alumnos.tup.edu.ar,A3,Mañana,2026-02-23,TP_02,TP,2026-04-13,17-04-2026,5.1,Tarde
A00089,Maximo Silva,21,M,maximo.silva89@alumnos.tup.edu.ar,A1,Mañana,2026-02-17,TP_01,TP,2026-03-16,22/03/2026,"5,3",TARDE
A00105,Agustin Alvarez,20,F,agustin.alvarez105@alumnos.tup.edu.ar,A2,Mañana,2026-03-04,Parcial_01,Parcial,2026-06-22,2026-06-20,6.6,A tiempo
A00092,Mia Vega,23,Femenino,mia.vega92@alumnos.tup.edu.ar,B1,Tarde,01-03-2026,Quiz_03,Quiz,25/05/2026,21/05/2026,"5,1",A tiempo
A00620,Benjamin Molina,20,M,benjamin.molina620@alumnos.tup.edu.ar,A2,Mañana,2026-02-16,TP_01,TP,2026-03-16,23/03/2026,3.5,Tarde
A00114,Sofia Flores,20,X,sofia.flores114@alumnos.tup.edu.ar,B1,Tarde,27-02-2026,TP_01,TP,2026-03-16,12/03/2026,8.1,A tiempo
A00391,Pilar Torres,21,F,pilar.torres391@alumnos.tup.edu.ar,B1,Tarde,09/03/2026,TP_04,TP,2026-06-08,,,
A00497,Martina Ramirez,17,F,martina.ramirez497@alumnos.tup.edu.ar,A2,Mañana,20/02/2026,Parcial_01,Parcial,2026-06-22,20/06/2026,4.9,a tiempo
A00256,  Mora Aguirre ,17,Masculino,mora.aguirre256@alumnos.tup.edu.ar,B2,Tarde,18-02-2026,TP_03,TP,2026-05-11,,,No entrego
A00488,Santino Suarez,21,F,santino.suarez488@alumnos.tup.edu.ar,C4,Noche,2026-03-05,Parcial_01,Parcial,2026-06-22,2026-07-04,7.9,TARDE
A00018,Joaquin Luna,21,F,joaquin.luna18@alumnos.tup.edu.ar,C1,Noche,17-02-2026,Parcial_01,Parcial,2026-06-22,,,
A00645,Paula Herrera,25,F,paula.herrera645@alumnos.tup.edu.ar,B1,TARDE,2026-03-06,Quiz_02,Quiz,27/04/2026,2026-05-04,9.8,TARDE
A00292,Mateo Gonzalez,26,F,mateo.gonzalez292@@alumnos.tup.edu.ar,B1,Tarde,2026-03-10,TP_01,TP,2026-03-16,2026-03-15,5.0,A TIEMPO
A00126,Victoria Herrera,21,Femenino,victoria.herrera126@alumnos.tup.edu.ar,C4,Noche,2026-02-14,TP_01,TP,16-03-2026,27/03/2026,"6,9",TARDE
A00571,Catalina Gonzalez,23,Femenino,catalina.gonzalez571@alumnos.tup.edu.ar,A1,Mañana,2026-02-26,Quiz_02,Quiz,2026-04-27,2026-04-27,5.6,A tiempo
A00024,Ignacio Fernandez,17,X,,B1,Tarde,2026-03-11,TP_01,TP,2026-03-16,2026-03-11,4.4,a tiempo
A00291,Sofia Garcia,25,F,sofia.garcia291@alumnos.tup.edu.ar,C4,Noche,2026-02-28,Quiz_01,Quiz,2026-03-30,2026-04-08,4.3,tarde
A00191,Antonella Silva,24,Masculino,antonella.silva191@alumnos.tup.edu.ar,A3,Mañana,2026-02-26,TP_03,TP,2026-05-11,2026-05-20,5.0,TARDE
A00483,Antonella Vega,33,Masculino,antonella.vega483@alumnos.tup.edu.ar,A3,Mañana,2026-02-15,Quiz_02,Quiz,2026-04-27,,,NO ENTREGO
A00126,Victoria Herrera,21,Femenino,victoria.herrera126@alumnos.tup.edu.ar,C4,Noche,2026-02-14,TP_04,TP,2026-06-08,,,NO ENTREGO
A00039,Emma Perez,23,M,emma.perez39@alumnos.tup.edu.ar,C3,Noche,2026-03-08,Quiz_02,Quiz,2026-04-27,2026-04-24,9.0,A tiempo
A00594,Mia Vega,24,M,mia.vega594@alumnos.tup.edu.ar,C3,Noche,08/03/2026,TP_01,TP,2026-03-16,15/03/2026,5.2,a tiempo
A00301,Sofia Benitez,23,Masculino,sofia.benitez301@alumnos.tup.edu.ar,C1,Noche,2026-03-09,TP_02,TP,2026-04-13,2026-04-18,7.3,TARDE
A00069,Bautista Acosta,27,M,bautista.acosta69@alumnos.tup.edu.ar,C3,Noche,2026-02-16,TP_01,TP,2026-03-16,17-03-2026,3.3,TARDE
A00426,Manuel Fernandez,24,F,manuel.fernandez426@alumnos.tup.edu.ar,C2,Noche,2026-02-22,Quiz_01,Quiz,2026-03-30,30/03/2026,7.1,A tiempo
A00340,Olivia Alvarez,17,M,olivia.alvarez340@alumnos.tup.edu.ar,B1,Tarde,07/03/2026,TP_02,TP,2026-04-13,2026-04-12,8.8,A TIEMPO
A00597,Manuel Rodriguez,18,M,manuel.rodriguez597@alumnos.tup.edu.ar,C2,Noche,2026-03-07,Parcial_01,Parcial,22-06-2026,2026-06-20,10.0,a tiempo
A00269,Paula Martinez,25,F,paula.martinez269@alumnos.tup.edu.ar,A2,Mañana,05-03-2026,Parcial_01,Parcial,2026-06-22,,,
A00562,BRUNO FERNANDEZ,21,F,bruno.fernandez562@alumnos.tup.edu.ar,B2,Tarde,22/02/2026,Parcial_01,Parcial,22/06/2026,2026-06-18,8.5,A TIEMPO
A00326,Sofia Sosa,17,M,sofia.sosa326@alumnos.tup.edu.ar,C2,Noche,2026-03-01,TP_01,TP,16-03-2026,2026-03-14,7.3,A TIEMPO
A00123,Maximo Vega,25,M,maximo.vega123@alumnos.tup.edu.ar,B2,Tarde,23-02-2026,TP_01,TP,2026-03-16,,,No entrego
A00396,Felipe Suarez,31,F,felipe.suarez396@alumnos.tup.edu.ar,A1,Mañana,22/02/2026,TP_03,TP,2026-05-11,,,no entregó
A00227,Joaquin Alvarez,25,Masculino,joaquin.alvarez227@alumnos.tup.edu.ar,C1,Noche,2026-02-27,Quiz_01,Quiz,2026-03-30,2026-03-26,3.1,a tiempo
A00536,Guadalupe Nuñez,17,Masculino,guadalupe.nuñez536@alumnos.tup.edu.ar,A1,Mañana,2026-02-24,TP_02,TP,13-04-2026,,,
A00052,Valentino Sanchez,22,M,valentino.sanchez52@alumnos.tup.edu.ar,C2,Noche,2026-02-14,Parcial_01,Parcial,2026-06-22,21-06-2026,6.3,A tiempo
A00285,Olivia Torres,22,F,olivia.torres285@alumnos.tup.edu.ar, c1 ,Noche,2026-02-23,TP_01,TP,2026-03-16,2026-03-12,8.6,A TIEMPO
A00535,Valentino Molina,17,F,valentino.molina535@alumnos.tup.edu.ar,A3,Mañana,2026-03-09,TP_01,TP,16/03/2026,2026-03-11,5.6,a tiempo
A00071,Guadalupe Ruiz,17,F,guadalupe.ruiz71@alumnos.tup.edu.ar,B2,Tarde,16-02-2026,TP_03,TP,2026-05-11,2026-05-09,"7,3",A TIEMPO
A00314,Bautista Sosa,20,F,bautista.sosa314@alumnos.tup.edu.ar,B1,Tarde,2026-03-03,Quiz_01,Quiz,2026-03-30,,,NO ENTREGO
A00676,mora vega,17,F,mora.vega676@alumnos.tup.edu.ar,C2,Noche,2026-03-02,Quiz_02,Quiz,27/04/2026,,,
A00286,Felipe Suarez,19,M,felipe.suarez286@alumnos.tup.edu.ar,A3,Mañana,2026-03-03,Quiz_01,Quiz,2026-03-30,2026-04-10,6.9,tarde
A00251,Camila Benitez,19,F,camila.benitez251@alumnos.tup.edu.ar,C4,Noche,02/03/2026,Quiz_01,Quiz,2026-03-30,2026-03-25,"7,9",A TIEMPO
A00479,Manuel Medina,27,Masculino,manuel.medina479@alumnos.tup.edu.ar,A2,Mañana,2026-03-07,TP_02,TP,13/04/2026,2026-04-10,8.2,a tiempo
A00694,Federico Vega,20,M,federico.vega694@alumnos.tup.edu.ar,C3,Noche,20-02-2026,TP_02,TP,13/04/2026,,,NO ENTREGO
A00686,Lucas Luna,20,F,lucas.luna686@alumnos.tup.edu.ar,C4,Noche,2026-02-17,TP_01,TP,2026-03-16,2026-03-12,8.4,A TIEMPO
A00005,Thiago Luna,31,M,thiago.luna5@alumnos.tup.edu.ar,B2,Tarde,2026-02-28,TP_01,TP,2026-03-16,14/03/2026,6.9,A tiempo
A00442,Mateo Fernandez,24,F,mateo.fernandez442@alumnos.tup.edu.ar,C3,Noche,2026-03-11,TP_04,TP,08/06/2026,05-06-2026,8.0,A tiempo
A00402,Mora Acosta,20,M,mora.acosta402@alumnos.tup.edu.ar,C1,Noche,2026-03-04,TP_03,TP,2026-05-11,2026-05-10,6.3,A tiempo
A00179,Lucas Rodriguez,20,Masculino,lucas.rodriguez179@alumnos.tup.edu.ar,A3,Mañana,04-03-2026,Parcial_01,Parcial,2026-06-22,17/06/2026,8.4,A tiempo
A00197,  Valentina Ramirez ,23,M,valentina.ramirez197@alumnos.tup.edu.ar,A1,Mañana,2026-02-27,Quiz_02,Quiz,2026-04-27,22/04/2026,6.7,a tiempo
A00254,  Agustin Martinez ,27,M,agustin.martinez254@alumnos.tup.edu.ar,A1,Mañana,2026-03-01,TP_03,TP,2026-05-11,2026-05-13,6.7,tarde
A00700,Valentina Benitez,23,Femenino,valentina.benitez700@alumnos.tup.edu.ar,A1,Mañana,10/03/2026,Quiz_02,Quiz,2026-04-27,,,
A00592,valentino rodriguez,19,M,valentino.rodriguez592@alumnos.tup.edu.ar,B2,Tarde,2026-03-07,TP_02,TP,2026-04-13,2026-04-10,8.3,a tiempo
A00503,Diego Garcia,23,F,diego.garcia503@alumnos.tup.edu.ar,B1,Tarde,2026-02-19,TP_01,TP,16/03/2026,,,no entregó
A00181,Manuel Ortiz,22,F,manuel.ortiz181@alumnos.tup.edu.ar,B1,Tarde,2026-03-08,TP_04,TP,2026-06-08,,,no entregó
A00672,Maximo Romero,19,F,maximo.romero672@alumnos.tup.edu.ar,A1,Mañana,2026-03-07,TP_01,TP,16/03/2026,14/03/2026,8.4,a tiempo
A00627,Isabella Flores,21,Masculino,isabella.flores627@alumnos.tup.edu.ar,C4,Noche,20/02/2026,Quiz_02,Quiz,2026-04-27,03/05/2026,5.0,tarde
A00582,Pilar Herrera,30,F,pilar.herrera582@alumnos.tup.edu.ar,B1,Tarde,2026-03-11,TP_01,TP,16/03/2026,15-03-2026,10.0,a tiempo
A00106,Paula Diaz,28,M,paula.diaz106@alumnos.tup.edu.ar,A1,Mañana,2026-03-06,Quiz_02,Quiz,2026-04-27,24-04-2026,8.0,A tiempo
A00304,Agustin Sanchez,25,F,agustin.sanchez304@alumnos.tup.edu.ar,C3,Noche,2026-02-14,Quiz_01,Quiz,2026-03-30,2026-03-26,7.1,A tiempo
A00079,Paula Luna,30,F,paula.luna79@alumnos.tup.edu.ar,A1,Mañana,06/03/2026,TP_02,TP,13-04-2026,2026-04-12,9.2,a tiempo
A00392,Tomas Rojas,17,F,tomas.rojas392@alumnos.tup.edu.ar,C3,Noche,27-02-2026,Quiz_02,Quiz,2026-04-27,2026-04-26,"5,4",A tiempo
A00314,Bautista Sosa,20,F,bautista.sosa314@alumnos.tup.edu.ar,B1,Tarde,2026-03-03,TP_04,TP,2026-06-08,,,no entregó
A00108,Bruno Lopez,23,F,bruno.lopez108@alumnos.tup.edu.ar,A2,Mañana,2026-02-27,TP_02,TP,13/04/2026,2026-04-21,4.0,Tarde
A00557,florencia rojas,30,M,florencia.rojas557@alumnos.tup.edu.ar,B2,Tarde,19-02-2026,Quiz_01,Quiz,2026-03-30,2026-03-29,5.2,A TIEMPO
A00456,Lucas Vega,17,M,lucas.vega456@alumnos.tup.edu.ar,A2,Mañana,06/03/2026,Quiz_01,Quiz,2026-03-30,,,No entrego
A00325,Catalina Suarez,23,M,catalina.suarez325@alumnos.tup.edu.ar,C2,Noche,19/02/2026,TP_03,TP,2026-05-11,2026-05-06,"3,4",A tiempo
A00078,  Florencia Ruiz ,18,M,florencia.ruiz78@alumnos.tup.edu.ar,A2,Mañana,2026-02-24,TP_01,TP,2026-03-16,2026-03-15,7.2,a tiempo
A00024,Ignacio Fernandez,17,X,,B1,Tarde,2026-03-11,Quiz_02,Quiz,27/04/2026,2026-04-25,5.7,A tiempo
A00233,Lucia Luna,19,F,lucia.luna233@alumnos.tup.edu.ar,C4,Noche,2026-03-11,TP_03,TP,2026-05-11,,,no entregó
A00256,  Mora Aguirre ,17,Masculino,mora.aguirre256@alumnos.tup.edu.ar,B2,Tarde,2026-02-18,TP_01,TP,2026-03-16,2026-03-19,5.1,Tarde
A00418,FLORENCIA FERNANDEZ,18,Masculino,florencia.fernandez418@alumnos.tup.edu.ar,B2,Tarde,2026-02-14,TP_02,TP,2026-04-13,2026-04-10,5.3,A tiempo
A00120,Mateo Ruiz,25,F,mateo.ruiz120@alumnos.tup.edu.ar,B2,Tarde,05-03-2026,Quiz_02,Quiz,2026-04-27,2026-04-25,8.9,A TIEMPO
A00181,Manuel Ortiz,22,F,manuel.ortiz181@alumnos.tup.edu.ar,B1,Tarde,2026-03-08,Quiz_01,Quiz,2026-03-30,,,No entrego
A00212,Diego Sanchez,27,F,diego.sanchez212@alumnos.tup.edu.ar,C3,Noche,2026-03-05,TP_02,TP,13/04/2026,2026-04-09,7.5,a tiempo
A00259,Agustin Castro,18,Masculino,agustin.castro259@alumnos.tup.edu.ar,C3,Noche,2026-02-21,TP_01,TP,2026-03-16,2026-03-16,"6,3",A tiempo
A00253,Santino Flores,24,M,santino.flores253@alumnos.tup.edu.ar,A1,Mañana,04-03-2026,TP_04,TP,2026-06-08,08/06/2026,7.2,A TIEMPO
A00257,LAUTARO TORRES,23,M,lautaro.torres257@alumnos.tup.edu.ar,A3,Mañana,09/03/2026,Parcial_01,Parcial,2026-06-22,17/06/2026,5.6,A tiempo
A00482,Lucia Gonzalez,21,F,lucia.gonzalez482@alumnos.tup.edu.ar,A3,Mañana,2026-02-15,TP_03,TP,11-05-2026,,,No entrego
A00089,Maximo Silva,21,M,maximo.silva89@alumnos.tup.edu.ar,A1,Mañana,2026-02-17,Quiz_02,Quiz,2026-04-27,22/04/2026,8.1,A tiempo
A00013,Bautista Perez,17,F,bautista.perez13@alumnos.tup.edu.ar,B2,Tarde,2026-02-16,Quiz_03,Quiz,2026-05-25,,,NO ENTREGO
A00442,Mateo Fernandez,24,F,mateo.fernandez442@alumnos.tup.edu.ar,C3,Noche,2026-03-11,TP_01,TP,2026-03-16,16-03-2026,5.9,A tiempo
A00094,Nicolas Rodriguez,20,M,nicolas.rodriguez94@alumnos.tup.edu.ar,A2,Mañana,24/02/2026,TP_01,TP,2026-03-16,2026-03-16,8.3,A TIEMPO
A00441,Mia Acosta,23,Masculino,mia.acosta441@alumnos.tup.edu.ar,B1,Tarde,2026-02-15,Parcial_01,Parcial,2026-06-22,28/06/2026,3.1,Tarde
A00478,renata sanchez,23,F,renata.sanchez478@alumnos.tup.edu.ar, b1 ,Tarde,2026-02-19,TP_02,TP,2026-04-13,2026-04-08,3.8,A tiempo
A00083,Santino Rojas,21,femenino,santino.rojas83@alumnos.tup.edu.ar,A2,Mañana,2026-02-25,TP_04,TP,2026-06-08,,,No entrego
A00091,Martina Aguirre,17,M,martina.aguirre91@alumnos.tup.edu.ar, a1 ,Mañana,2026-02-14,TP_04,TP,08/06/2026,2026-06-05,7.6,a tiempo
A00676,mora vega,17,F,mora.vega676@alumnos.tup.edu.ar,C2,Noche,02/03/2026,TP_04,TP,2026-06-08,,,no entregó
A00429,Thiago Perez,22,Femenino,thiago.perez429@alumnos.tup.edu.ar,C4,Noche,11-03-2026,TP_01,TP,16/03/2026,2026-03-16,"9,1",a tiempo
A00126,Victoria Herrera,21,Femenino,victoria.herrera126@alumnos.tup.edu.ar,C4,Noche,2026-02-14,Quiz_03,Quiz,2026-05-25,2026-05-26,3.9,TARDE
A00029,Delfina Benitez,28,F,delfina.benitez29@alumnos.tup.edu.ar,C4,Noche,2026-03-10,TP_02,TP,2026-04-13,2026-04-08,7.1,A tiempo
A00531,Catalina Romero,29,F,catalina.romero531@alumnos.tup.edu.ar,B2,Tarde,2026-03-11,TP_03,TP,2026-05-11,2026-05-06,4.9,A TIEMPO
A00403,Bautista Luna,23,Femenino,bautista.luna403@alumnos.tup.edu.ar,A2,Mañana,2026-02-15,Quiz_01,Quiz,2026-03-30,2026-03-26,8.6,A TIEMPO
A00475,Agustin Suarez,17,M,agustin.suarez475@@alumnos.tup.edu.ar,A3,Mañana,2026-03-01,Quiz_01,Quiz,2026-03-30,2026-03-26,8.1,a tiempo
A00318,Manuel Diaz,24,F,manuel.diaz318@alumnos.tup.edu.ar,A2,Mañana,23/02/2026,TP_03,TP,11-05-2026,10/05/2026,5.9,A tiempo
A00138,Joaquin Ortiz,29,Femenino,joaquin.ortiz138@@alumnos.tup.edu.ar,C1,Noche,2026-02-18,Quiz_01,Quiz,2026-03-30,,,No entrego
A00427,Mora Nuñez,23,M,mora.nuñez427@alumnos.tup.edu.ar,B2,Tarde,2026-02-28,Parcial_01,Parcial,2026-06-22,,,NO ENTREGO
A00534,Federico Sanchez,29,Masculino,federico.sanchez534@alumnos.tup.edu.ar,A1,Mañana,2026-02-21,Quiz_02,Quiz,27/04/2026,2026-04-24,6.6,a tiempo
A00389,Manuel Diaz,17,F,manuel.diaz389@alumnos.tup.edu.ar,A3,Mañana,2026-03-04,TP_02,TP,2026-04-13,2026-04-10,10.0,A tiempo
A00664,Benjamin Lopez,17,M,benjamin.lopez664@alumnos.tup.edu.ar,C2,Noche,2026-03-03,Parcial_01,Parcial,2026-06-22,2026-06-20,4.4,A tiempo
A00185,Renata Romero,26,M,renata.romero185@alumnos.tup.edu.ar,B1,Tarde,2026-02-19,Quiz_02,Quiz,2026-04-27,2026-04-22,8.5,A tiempo
A00029,Delfina Benitez,28,F,delfina.benitez29@alumnos.tup.edu.ar,C4,Noche,10/03/2026,TP_03,TP,11/05/2026,06-05-2026,6.4,A TIEMPO
A00645,Paula Herrera,25,F,paula.herrera645@alumnos.tup.edu.ar,B1,TARDE,06/03/2026,TP_01,TP,2026-03-16,2026-03-23,"7,1",TARDE
A00282,Martina Fernandez,23,M,martina.fernandez282@alumnos.tup.edu.ar,C2,Noche,2026-02-16,TP_01,TP,2026-03-16,2026-03-11,7.0,A tiempo
A00512,Bautista Ortiz,24,M,bautista.ortiz512@alumnos.tup.edu.ar,B2,Tarde,20/02/2026,TP_04,TP,2026-06-08,2026-06-08,"8,2",A TIEMPO
A00283,Felipe Suarez,23,F,felipe.suarez283@alumnos.tup.edu.ar,B2,Tarde,22-02-2026,TP_01,TP,2026-03-16,2026-03-28,"5,9",tarde
A00216,Bautista Lopez,23,F,bautista.lopez216@alumnos.tup.edu.ar,A3,Mañana,24-02-2026,TP_01,TP,2026-03-16,15/03/2026,7.2,A tiempo
A00674,Bautista Acosta,25,M,bautista.acosta674@alumnos.tup.edu.ar,B2,Tarde,2026-03-05,TP_02,TP,13-04-2026,08-04-2026,3.5,a tiempo
A00284,Florencia Herrera,20,Femenino,florencia.herrera284@alumnos.tup.edu.ar,C4,Noche,08-03-2026,Quiz_03,Quiz,25/05/2026,25/05/2026,"4,2",A tiempo
A00679,Thiago Luna,20,M,thiago.luna679@alumnos.tup.edu.ar,B1,Tarde,2026-03-10,Quiz_02,Quiz,2026-04-27,2026-04-22,7.9,A tiempo
A00583,Mia Diaz,21,F,mia.diaz583@alumnos.tup.edu.ar,B1,Tarde,2026-03-01,TP_01,TP,2026-03-16,2026-03-13,"7,3",A tiempo
A00222,lautaro fernandez,18,F,lautaro.fernandez222@alumnos.tup.edu.ar,C3,Noche,15-02-2026,TP_03,TP,2026-05-11,2026-05-07,"4,0",A tiempo
A00373,Joaquin Rodriguez,24,M,joaquin.rodriguez373@alumnos.tup.edu.ar,B2,Tarde,2026-03-09,Quiz_01,Quiz,2026-03-30,10/04/2026,6.2,TARDE
A00106,Paula Diaz,28,M,paula.diaz106@alumnos.tup.edu.ar,A1,Mañana,2026-03-06,TP_04,TP,08-06-2026,06/06/2026,9.3,A tiempo
A00638,Julieta Herrera,17,M,julieta.herrera638@alumnos.tup.edu.ar,A2,Mañana,2026-02-20,TP_04,TP,2026-06-08,2026-06-05,"8,3",a tiempo
A00339,Renata Medina,23,F,renata.medina339@alumnos.tup.edu.ar,A1,Mañana,03/03/2026,TP_02,TP,13/04/2026,2026-04-12,8.7,A TIEMPO
A00233,Lucia Luna,19,F,lucia.luna233@alumnos.tup.edu.ar,C4,Noche,2026-03-11,TP_01,TP,2026-03-16,2026-03-14,7.2,A TIEMPO
A00600,Valentino Suarez,37,M,valentino.suarez600@alumnos.tup.edu.ar,B1,Tarde,2026-03-10,TP_03,TP,11-05-2026,2026-05-13,5.7,tarde
A00171,Manuel Rojas,18,F,manuel.rojas171@alumnos.tup.edu.ar,C2,Noche,25-02-2026,TP_03,TP,2026-05-11,,,no entregó
A00321,Benjamin Aguirre,17,Masculino,benjamin.aguirre321@alumnos.tup.edu.ar,C3,Noche,09/03/2026,Quiz_02,Quiz,2026-04-27,23/04/2026,4.4,a tiempo
A00290,Julieta Suarez,18,M,julieta.suarez290@alumnos.tup.edu.ar,A1,Mañana,24/02/2026,Quiz_01,Quiz,2026-03-30,30/03/2026,"8,7",A tiempo
A00581,Catalina Martinez,17,F,catalina.martinez581@alumnos.tup.edu.ar,B2,Tarde,24/02/2026,TP_02,TP,2026-04-13,2026-04-11,"3,3",A TIEMPO
A00210,Camila Acosta,30,M,camila.acosta210@alumnos.tup.edu.ar,A2,Mañana,2026-02-22,Quiz_03,Quiz,2026-05-25,2026-05-20,"5,4",a tiempo
A00274,  Delfina Cabrera ,18,M,delfina.cabrera274@alumnos.tup.edu.ar,A2,Mañana,2026-02-25,TP_03,TP,2026-05-11,2026-05-22,5.3,TARDE
A00419,JULIETA MARTINEZ,25,F,julieta.martinez419@alumnos.tup.edu.ar,C4,Noche,2026-03-07,Quiz_03,Quiz,25/05/2026,05-06-2026,"3,9",TARDE
A00289,Lucas Alvarez,23,M,lucas.alvarez289@alumnos.tup.edu.ar,A1,Mañana,05/03/2026,Quiz_02,Quiz,27/04/2026,,,NO ENTREGO
A00347,Santino Molina,19,M,santino.molina347@alumnos.tup.edu.ar,C3,Noche,18-02-2026,Parcial_01,Parcial,2026-06-22,,,No entrego
A00349,Pilar Perez,29,F,,B2,Tarde,2026-03-09,Quiz_01,Quiz,2026-03-30,2026-04-04,"5,1",tarde
A00046,Ignacio Molina,19,F,ignacio.molina46@alumnos.tup.edu.ar,A3,Mañana,2026-03-04,TP_03,TP,11/05/2026,,,
A00125,Diego Acosta,17,F,diego.acosta125@alumnos.tup.edu.ar,C1,Noche,2026-02-20,Quiz_03,Quiz,25/05/2026,2026-05-23,"4,6",A tiempo
A00220,Antonella Garcia,22,F,antonella.garcia220@alumnos.tup.edu.ar,C3,Noche,2026-02-23,Quiz_02,Quiz,2026-04-27,2026-04-23,6.4,A tiempo
A00493,Agustin Ruiz,24,F,agustin.ruiz493@alumnos.tup.edu.ar,C2,Noche,2026-03-04,TP_01,TP,16-03-2026,2026-03-27,"5,1",tarde
A00209,Sofia Nuñez,25,F,sofia.nuñez209@alumnos.tup.edu.ar,A3,MAÑANA,2026-03-08,TP_04,TP,2026-06-08,2026-06-07,6.7,a tiempo
A00594,Mia Vega,24,M,mia.vega594@alumnos.tup.edu.ar,C3,Noche,08-03-2026,TP_04,TP,2026-06-08,2026-06-05,5.8,A tiempo
A00299,Paula Diaz,22,F,paula.diaz299@alumnos.tup.edu.ar,C1,Noche,2026-02-26,TP_02,TP,2026-04-13,,,No entrego
A00064,Benjamin Aguirre,21,Masculino,benjamin.aguirre64@alumnos.tup.edu.ar,A1,Mañana,07-03-2026,TP_03,TP,2026-05-11,,,no entregó
A00517,Agustin Acosta,22,M,agustin.acosta517@alumnos.tup.edu.ar,A1,Mañana,2026-03-09,TP_01,TP,2026-03-16,2026-03-26,6.2,Tarde
A00603,Mora Lopez,27,Femenino,mora.lopez603@alumnos.tup.edu.ar, c3 ,Noche,2026-03-09,TP_03,TP,2026-05-11,07/05/2026,7.8,A tiempo
A00132,  Pilar Flores ,21,F,pilar.flores132@alumnos.tup.edu.ar,B2,Tarde,01/03/2026,Parcial_01,Parcial,22/06/2026,,,NO ENTREGO
A00063,Florencia Romero,24,F,florencia.romero63@alumnos.tup.edu.ar,C3,Noche,2026-03-05,TP_04,TP,2026-06-08,2026-06-03,"8,0",A TIEMPO
A00169,Florencia Ortiz,24,F,florencia.ortiz169@alumnos.tup.edu.ar, c1 ,Noche,2026-02-27,TP_01,TP,2026-03-16,2026-03-22,6.3,tarde
A00123,Maximo Vega,25,M,maximo.vega123@alumnos.tup.edu.ar,B2,Tarde,23/02/2026,Quiz_02,Quiz,2026-04-27,,,no entregó
A00583,Mia Diaz,21,F,mia.diaz583@alumnos.tup.edu.ar,B1,Tarde,2026-03-01,TP_04,TP,2026-06-08,2026-06-06,5.2,a tiempo
A00519,Olivia Acosta,22,M,olivia.acosta519@alumnos.tup.edu.ar,C2,Noche,2026-02-16,TP_02,TP,2026-04-13,12/04/2026,1.8,A TIEMPO
A00376,Joaquin Sanchez,21,M,joaquin.sanchez376@alumnos.tup.edu.ar,C2,Noche,2026-02-20,Parcial_01,Parcial,2026-06-22,,,No entrego
A00133,Thiago Cabrera,24,M,thiago.cabrera133@alumnos.tup.edu.ar,C4,Noche,2026-02-16,TP_02,TP,2026-04-13,2026-04-10,7.3,a tiempo
A00277,Federico Cabrera,25,M,federico.cabrera277@alumnos.tup.edu.ar,C3,Noche,2026-03-01,Quiz_02,Quiz,2026-04-27,,,
A00097,Maximo Diaz,27,M,maximo.diaz97@alumnos.tup.edu.ar,C3,Noche,07/03/2026,Quiz_02,Quiz,27/04/2026,2026-04-25,9.5,A TIEMPO
A00072,Bautista Nuñez,25,Masculino,bautista.nuñez72@alumnos.tup.edu.ar,C3,Noche,15-02-2026,TP_03,TP,2026-05-11,,,no entregó
A00059,Delfina Perez,18,F,delfina.perez59@alumnos.tup.edu.ar,B2,Tarde,2026-03-09,Parcial_01,Parcial,2026-06-22,,,No entrego
A00153,ISABELLA MARTINEZ,22,F,isabella.martinez153@alumnos.tup.edu.ar,C4,Noche,2026-03-08,TP_03,TP,2026-05-11,2026-05-10,5.5,A tiempo
A00052,Valentino Sanchez,22,M,valentino.sanchez52@alumnos.tup.edu.ar,C2,Noche,14-02-2026,TP_01,TP,2026-03-16,2026-03-15,6.2,a tiempo
A00280,Julieta Benitez,29,F,julieta.benitez280@alumnos.tup.edu.ar,C2,NOCHE,2026-03-03,Quiz_03,Quiz,25-05-2026,,,
A00093,Martina Medina,20,F,martina.medina93@alumnos.tup.edu.ar,C3,Noche,02/03/2026,Quiz_01,Quiz,30-03-2026,2026-03-27,5.1,a tiempo
A00522,Camila Torres,20,M,camila.torres522@alumnos.tup.edu.ar,B2,Tarde,26/02/2026,Parcial_01,Parcial,2026-06-22,,,NO ENTREGO
A00529,Bautista Rodriguez,17,F,bautista.rodriguez529@alumnos.tup.edu.ar,A1,Mañana,05/03/2026,TP_01,TP,2026-03-16,16/03/2026,6.6,A tiempo
A00296,Bautista Flores,17,Femenino,bautista.flores296@alumnos.tup.edu.ar,B2,TARDE,2026-03-08,TP_02,TP,2026-04-13,2026-04-11,7.4,A TIEMPO
A00290,Julieta Suarez,18,M,julieta.suarez290@alumnos.tup.edu.ar,A1,Mañana,2026-02-24,Parcial_01,Parcial,2026-06-22,2026-06-20,8.3,A TIEMPO
A00585,Antonella Silva,28,Masculino,antonella.silva585@alumnos.tup.edu.ar, a2 ,Mañana,10/03/2026,TP_02,TP,2026-04-13,,,NO ENTREGO
A00609,Lautaro Romero,23,Masculino,lautaro.romero609@alumnos.tup.edu.ar, b1 ,Tarde,24-02-2026,Quiz_03,Quiz,2026-05-25,2026-05-24,6.2,A TIEMPO
A00156,Isabella Martinez,22,M,isabella.martinez156@alumnos.tup.edu.ar,B1,Tarde,2026-02-20,Quiz_01,Quiz,30/03/2026,2026-03-28,8.8,A tiempo
A00076,Maximo Flores,17,M,maximo.flores76@alumnos.tup.edu.ar,C1,Noche,21-02-2026,TP_01,TP,2026-03-16,14/03/2026,6.1,a tiempo
A00576,Guadalupe Luna,19,M,guadalupe.luna576@alumnos.tup.edu.ar,C4,Noche,2026-02-19,Quiz_03,Quiz,25-05-2026,2026-05-21,6.4,A TIEMPO
A00036,Nicolas Vega,17,M,nicolas.vega36@alumnos.tup.edu.ar,C2,Noche,2026-03-11,Parcial_01,Parcial,2026-06-22,2026-06-22,9.5,A tiempo
A00327,Lucas Herrera,32,M,lucas.herrera327@alumnos.tup.edu.ar,B2,Tarde,2026-02-19,TP_03,TP,11/05/2026,09-05-2026,8.6,A TIEMPO
A00323,Sofia Sosa,28,M,sofia.sosa323@alumnos.tup.edu.ar,B2,Tarde,2026-03-02,TP_03,TP,11/05/2026,2026-05-11,9.3,a tiempo
A00261,Thiago Nuñez,18,M,thiago.nuñez261@alumnos.tup.edu.ar,B1,Tarde,2026-03-04,TP_04,TP,2026-06-08,2026-06-07,6.9,a tiempo
A00366,Isabella Torres,23,F,isabella.torres366@alumnos.tup.edu.ar,C4,NOCHE,20/02/2026,TP_04,TP,2026-06-08,,,
A00546,Antonella Gonzalez,17,F,antonella.gonzalez546@alumnos.tup.edu.ar,C1,Noche,2026-02-14,Quiz_02,Quiz,2026-04-27,24-04-2026,7.0,A tiempo
A00231,Valentino Cabrera,18,M,valentino.cabrera231@alumnos.tup.edu.ar,B2,Tarde,2026-03-01,TP_01,TP,2026-03-16,13-03-2026,6.3,A TIEMPO
A00058,DELFINA RAMIREZ,19,F,delfina.ramirez58@alumnos.tup.edu.ar,B2,Tarde,27/02/2026,Quiz_03,Quiz,2026-05-25,,,NO ENTREGO
A00055,Delfina Ortiz,18,F,delfina.ortiz55@alumnos.tup.edu.ar,A2,Mañana,24-02-2026,Quiz_03,Quiz,2026-05-25,,,NO ENTREGO
A00454,Bautista Suarez,110,F,bautista.suarez454@alumnos.tup.edu.ar,A2,Mañana,2026-02-25,Quiz_02,Quiz,2026-04-27,2026-04-25,"3,7",A tiempo
A00153,ISABELLA MARTINEZ,22,F,isabella.martinez153@alumnos.tup.edu.ar,C4,Noche,2026-03-08,Parcial_01,Parcial,22/06/2026,22/06/2026,3.8,a tiempo
A00009,Catalina Herrera,20,Femenino,catalina.herrera9@alumnos.tup.edu.ar,A3,Mañana,2026-03-03,TP_02,TP,13-04-2026,2026-04-13,7.7,A tiempo
A00478,renata sanchez,23,F,renata.sanchez478@alumnos.tup.edu.ar, b1 ,Tarde,19/02/2026,Quiz_03,Quiz,25-05-2026,2026-05-22,4.6,A TIEMPO
A00605,MANUEL ALVAREZ,17,M,manuel.alvarez605@alumnos.tup.edu.ar,B1,Tarde,2026-02-17,TP_03,TP,11/05/2026,,,NO ENTREGO
A00283,Felipe Suarez,23,F,felipe.suarez283@alumnos.tup.edu.ar,B2,Tarde,2026-02-22,Quiz_01,Quiz,2026-03-30,2026-03-30,3.8,a tiempo
A00304,Agustin Sanchez,25,F,agustin.sanchez304@alumnos.tup.edu.ar,C3,Noche,2026-02-14,Quiz_03,Quiz,25/05/2026,2026-05-20,7.8,A tiempo
A00211,Valentina Garcia,21,Femenino,valentina.garcia211@@alumnos.tup.edu.ar,A1,Mañana,2026-02-18,Quiz_03,Quiz,2026-05-25,2026-05-25,3.6,A tiempo
A00596,Felipe Gonzalez,17,F,felipe.gonzalez596@alumnos.tup.edu.ar,A3,Mañana,2026-02-18,TP_01,TP,2026-03-16,,,no entregó
A00336,  Renata Castro ,24,Masculino,renata.castro336@alumnos.tup.edu.ar,B1,Tarde,2026-02-17,Quiz_02,Quiz,2026-04-27,2026-04-24,4.9,a tiempo
A00643,Guadalupe Sosa,19,F,guadalupe.sosa643@alumnos.tup.edu.ar,B1,Tarde,2026-02-28,TP_04,TP,2026-06-08,2026-06-05,6.8,A tiempo
A00566,Paula Gonzalez,19,M,paula.gonzalez566@alumnos.tup.edu.ar,C2,Noche,2026-02-25,Quiz_02,Quiz,2026-04-27,2026-04-25,8.5,a tiempo
A00360,Catalina Cabrera,23,M,catalina.cabrera360@alumnos.tup.edu.ar,C2,Noche,2026-02-22,TP_04,TP,2026-06-08,2026-06-08,"4,1",a tiempo
A00111,Maximo Romero,17,F,maximo.romero111@alumnos.tup.edu.ar,A1,Mañana,2026-02-15,TP_01,TP,2026-03-16,15/03/2026,"9,2",a tiempo
A00099,Florencia Acosta,24,M,florencia.acosta99@alumnos.tup.edu.ar,A3,Mañana,2026-02-18,Quiz_03,Quiz,2026-05-25,25/05/2026,4.1,A TIEMPO
A00347,Santino Molina,19,M,santino.molina347@alumnos.tup.edu.ar,C3,Noche,2026-02-18,TP_03,TP,2026-05-11,,,No entrego
A00245,Paula Flores,27,Masculino,paula.flores245@alumnos.tup.edu.ar,A1,Mañana,2026-03-11,Quiz_03,Quiz,2026-05-25,,,No entrego
A00511,bautista castro,22,femenino,bautista.castro511@alumnos.tup.edu.ar,B1,Tarde,07-03-2026,Quiz_01,Quiz,2026-03-30,2026-03-28,8.6,A TIEMPO
A00178,Ignacio Suarez,18,M,ignacio.suarez178@alumnos.tup.edu.ar,B1,Tarde,2026-03-02,TP_03,TP,2026-05-11,08-05-2026,8.4,a tiempo
A00598,SOFIA CASTRO,18,F,sofia.castro598@alumnos.tup.edu.ar,A2,Mañana,25/02/2026,Parcial_01,Parcial,2026-06-22,,,NO ENTREGO
A00506,Renata Rojas,18,F,renata.rojas506@alumnos.tup.edu.ar,A3,Mañana,2026-02-15,Parcial_01,Parcial,2026-06-22,2026-06-28,6.8,TARDE
A00278,Mateo Alvarez,12,M,mateo.alvarez278@alumnos.tup.edu.ar,A3,Mañana,2026-02-22,TP_04,TP,2026-06-08,2026-06-03,"5,1",a tiempo
A00237,Isabella Torres,21,Masculino,isabella.torres237@alumnos.tup.edu.ar,A1,Mañana,06/03/2026,Quiz_02,Quiz,27/04/2026,26/04/2026,7.6,a tiempo
A00199,Nicolas Ortiz,18,F,nicolas.ortiz199@alumnos.tup.edu.ar,B2,Tarde,2026-02-27,Quiz_02,Quiz,27-04-2026,2026-05-01,5.2,tarde
A00462,Gabriel Gonzalez,26,M,gabriel.gonzalez462@alumnos.tup.edu.ar,B1,Tarde,2026-03-01,Quiz_03,Quiz,2026-05-25,01-06-2026,7.0,tarde
A00574,Isabella Benitez,23,Femenino,isabella.benitez574@alumnos.tup.edu.ar,B2,Tarde,2026-02-24,TP_01,TP,2026-03-16,,,no entregó
A00360,Catalina Cabrera,23,M,catalina.cabrera360@alumnos.tup.edu.ar,C2,Noche,2026-02-22,TP_01,TP,2026-03-16,2026-03-14,7.3,a tiempo
A00147,Valentina Benitez,31,femenino,valentina.benitez147@alumnos.tup.edu.ar,B1,Tarde,26/02/2026,TP_02,TP,13/04/2026,2026-04-08,6.7,A TIEMPO
A00375,Pilar Perez,25,M,pilar.perez375@alumnos.tup.edu.ar,A2,Mañana,28/02/2026,TP_02,TP,13-04-2026,,,
A00484,Maximo Sosa,20,M,maximo.sosa484@alumnos.tup.edu.ar,A3,Mañana,11/03/2026,TP_01,TP,2026-03-16,2026-03-21,"5,0",Tarde
A00439,Olivia Torres,17,M,olivia.torres439@alumnos.tup.edu.ar,C2,Noche,2026-02-25,TP_01,TP,2026-03-16,11/03/2026,7.6,A tiempo
A00211,Valentina Garcia,21,Femenino,valentina.garcia211@@alumnos.tup.edu.ar,A1,Mañana,2026-02-18,TP_02,TP,13-04-2026,,,no entregó
A00201,Olivia Suarez,21,M,olivia.suarez201@alumnos.tup.edu.ar,B2,Tarde,2026-02-15,TP_04,TP,2026-06-08,04/06/2026,6.2,A tiempo
A00607,  Bautista Suarez ,24,M,bautista.suarez607@alumnos.tup.edu.ar,B1,Tarde,27/02/2026,TP_02,TP,2026-04-13,2026-04-12,6.7,a tiempo
A00359,Lucas Garcia,28,M,lucas.garcia359@alumnos.tup.edu.ar,B1,Tarde,05/03/2026,TP_03,TP,2026-05-11,2026-05-06,6.2,A TIEMPO
A00201,Olivia Suarez,21,M,olivia.suarez201@alumnos.tup.edu.ar,B2,Tarde,2026-02-15,TP_02,TP,2026-04-13,24/04/2026,6.5,TARDE
A00128,Nicolas Cabrera,25,M,nicolas.cabrera128@alumnos.tup.edu.ar,C2,Noche,21-02-2026,TP_04,TP,2026-06-08,,,
A00401,Diego Medina,26,M,diego.medina401@alumnos.tup.edu.ar,A1,Mañana,2026-03-04,Quiz_01,Quiz,2026-03-30,2026-04-05,6.6,TARDE
A00425,Bautista Castro,28,Femenino,bautista.castro425@alumnos.tup.edu.ar,C3,NOCHE,2026-03-06,TP_02,TP,13/04/2026,22/04/2026,6.8,TARDE
A00261,Thiago Nuñez,18,M,thiago.nuñez261@alumnos.tup.edu.ar,B1,Tarde,2026-03-04,TP_01,TP,16-03-2026,2026-03-13,8.0,A TIEMPO
A00637,Antonella Lopez,21,Femenino,antonella.lopez637@alumnos.tup.edu.ar,A2,Mañana,2026-03-06,Quiz_03,Quiz,2026-05-25,,,no entregó
A00602,Renata Perez,23,M,renata.perez602@alumnos.tup.edu.ar,C2,Noche,05/03/2026,TP_04,TP,2026-06-08,2026-06-20,"6,8",tarde
A00141,Camila Ramirez,22,M,camila.ramirez141@@alumnos.tup.edu.ar,C1,Noche,2026-02-19,TP_02,TP,2026-04-13,2026-04-11,10.0,A TIEMPO
A00235,Lucia Silva,17,M,lucia.silva235@alumnos.tup.edu.ar,C1,Noche,27/02/2026,TP_02,TP,2026-04-13,,,No entrego
A00266,Ignacio Silva,17,F,ignacio.silva266@alumnos.tup.edu.ar,C4,NOCHE,2026-02-26,Quiz_03,Quiz,25-05-2026,,,No entrego
A00351,Manuel Cabrera,17,Masculino,manuel.cabrera351@alumnos.tup.edu.ar, c3 ,NOCHE,2026-03-02,Parcial_01,Parcial,2026-06-22,,,
A00049,Gabriel Diaz,24,F,gabriel.diaz49@alumnos.tup.edu.ar,C4,Noche,2026-02-26,Parcial_01,Parcial,2026-06-22,,,
A00282,Martina Fernandez,23,M,martina.fernandez282@alumnos.tup.edu.ar,C2,Noche,2026-02-16,Quiz_03,Quiz,2026-05-25,2026-05-22,6.2,A tiempo
A00126,Victoria Herrera,21,Femenino,victoria.herrera126@alumnos.tup.edu.ar,C4,Noche,2026-02-14,Quiz_01,Quiz,2026-03-30,2026-03-27,3.2,a tiempo
A00360,Catalina Cabrera,23,M,catalina.cabrera360@alumnos.tup.edu.ar,C2,Noche,22-02-2026,Parcial_01,Parcial,2026-06-22,,,no entregó
A00285,Olivia Torres,22,F,olivia.torres285@alumnos.tup.edu.ar, c1 ,Noche,23/02/2026,Quiz_03,Quiz,25/05/2026,,,NO ENTREGO
A00293,NICOLAS SANCHEZ,17,F,nicolas.sanchez293@alumnos.tup.edu.ar,B1,Tarde,03/03/2026,Quiz_03,Quiz,2026-05-25,2026-05-21,"8,0",A tiempo
A00175,Gabriel Castro,33,F,gabriel.castro175@alumnos.tup.edu.ar,A2,Mañana,2026-03-06,TP_03,TP,2026-05-11,2026-05-09,7.6,a tiempo
A00031,Federico Ruiz,21,Femenino,federico.ruiz31@alumnos.tup.edu.ar,C1,Noche,27-02-2026,TP_01,TP,2026-03-16,2026-03-12,7.0,A TIEMPO
A00248,Benjamin Garcia,18,F,benjamin.garcia248@alumnos.tup.edu.ar,A1,Mañana,06-03-2026,TP_02,TP,2026-04-13,2026-04-12,5.8,a tiempo
A00143,Manuel Martinez,20,F,manuel.martinez143@alumnos.tup.edu.ar,C2,Noche,2026-03-03,Quiz_01,Quiz,30/03/2026,2026-04-10,6.2,tarde
A00617,Valentina Castro,23,Masculino,valentina.castro617@alumnos.tup.edu.ar,B2,Tarde,2026-03-04,Quiz_02,Quiz,2026-04-27,2026-04-22,4.8,a tiempo
A00184,Florencia Diaz,20,F,florencia.diaz184@alumnos.tup.edu.ar,A3,Mañana,2026-03-10,Parcial_01,Parcial,2026-06-22,,,no entregó
A00379,Valentina Flores,27,Masculino,valentina.flores379@alumnos.tup.edu.ar,C1,Noche,14/02/2026,Quiz_01,Quiz,2026-03-30,2026-04-01,3.2,TARDE
A00176,Benjamin Castro,17,F,benjamin.castro176@alumnos.tup.edu.ar,A1,Mañana,2026-02-19,Quiz_03,Quiz,2026-05-25,2026-05-24,9.3,A TIEMPO
A00040,Martina Sosa,25,Femenino,martina.sosa40@alumnos.tup.edu.ar,C3,Noche,2026-02-22,TP_04,TP,08/06/2026,,,no entregó
A00179,Lucas Rodriguez,20,Masculino,lucas.rodriguez179@alumnos.tup.edu.ar,A3,Mañana,2026-03-04,Quiz_03,Quiz,2026-05-25,22/05/2026,6.7,A TIEMPO
A00525,Nicolas Castro,19,Masculino,nicolas.castro525@alumnos.tup.edu.ar,A2,Mañana,2026-03-10,TP_01,TP,16/03/2026,2026-03-18,"0,9",TARDE
A00055,Delfina Ortiz,18,F,delfina.ortiz55@alumnos.tup.edu.ar,A2,Mañana,2026-02-24,Quiz_01,Quiz,2026-03-30,27/03/2026,3.8,a tiempo
A00372,Santino Acosta,27,F,santino.acosta372@alumnos.tup.edu.ar,C2,Noche,2026-03-01,Quiz_01,Quiz,30/03/2026,2026-03-25,5.6,a tiempo
A00251,Camila Benitez,19,F,camila.benitez251@alumnos.tup.edu.ar,C4,Noche,2026-03-02,Quiz_03,Quiz,2026-05-25,2026-05-20,8.8,a tiempo
A00327,Lucas Herrera,32,M,lucas.herrera327@alumnos.tup.edu.ar,B2,Tarde,19/02/2026,Quiz_01,Quiz,2026-03-30,2026-03-25,9.1,a tiempo
A00021,renata herrera,18,femenino,renata.herrera21@alumnos.tup.edu.ar,B1,Tarde,21/02/2026,Quiz_03,Quiz,2026-05-25,,,
A00464,Catalina Cabrera,17,F,catalina.cabrera464@alumnos.tup.edu.ar,A3,Mañana,2026-02-18,TP_03,TP,11/05/2026,2026-05-13,4.4,tarde
A00357,nicolas romero,21,M,nicolas.romero357@alumnos.tup.edu.ar,B2,Tarde,2026-03-06,TP_02,TP,13/04/2026,,,no entregó
A00415,Antonella Ruiz,23,M,antonella.ruiz415@alumnos.tup.edu.ar,B2,Tarde,2026-02-14,Quiz_02,Quiz,27/04/2026,22/04/2026,"8,4",A TIEMPO
A00048,  Martina Medina ,17,femenino,martina.medina48@alumnos.tup.edu.ar,A2,Mañana,16/02/2026,Quiz_03,Quiz,25-05-2026,2026-05-24,6.3,A TIEMPO
A00107,Federico Suarez,27,F,federico.suarez107@alumnos.tup.edu.ar,C4,Noche,2026-03-08,TP_03,TP,2026-05-11,2026-05-10,4.9,A TIEMPO
A00330,Julieta Acosta,17,F,julieta.acosta330@alumnos.tup.edu.ar,A1,Mañana,2026-03-11,TP_03,TP,2026-05-11,,,no entregó
A00336,  Renata Castro ,24,Masculino,renata.castro336@alumnos.tup.edu.ar,B1,Tarde,2026-02-17,Quiz_03,Quiz,2026-05-25,2026-05-21,9.0,A TIEMPO
A00353,Lautaro Medina,18,F,lautaro.medina353@alumnos.tup.edu.ar,B2,Tarde,2026-03-04,TP_01,TP,2026-03-16,2026-03-15,8.2,A TIEMPO
A00087,Bautista Silva,19,M,bautista.silva87@alumnos.tup.edu.ar,C3,Noche,2026-03-09,Quiz_01,Quiz,2026-03-30,04/04/2026,6.9,Tarde
A00092,Mia Vega,23,Femenino,mia.vega92@alumnos.tup.edu.ar,B1,Tarde,2026-03-01,TP_04,TP,2026-06-08,2026-06-08,3.4,a tiempo
A00067,Olivia Luna,18,femenino,olivia.luna67@alumnos.tup.edu.ar,A2,Mañana,2026-02-17,TP_04,TP,2026-06-08,2026-06-09,5.8,tarde
A00011,lucia medina,23,M,lucia.medina11@alumnos.tup.edu.ar,C1,Noche,04/03/2026,Quiz_01,Quiz,30/03/2026,2026-03-25,3.5,A TIEMPO
A00361,Agustin Martinez,23,femenino,agustin.martinez361@alumnos.tup.edu.ar,B2,Tarde,2026-03-06,Parcial_01,Parcial,2026-06-22,,,
A00185,Renata Romero,26,M,renata.romero185@alumnos.tup.edu.ar,B1,Tarde,2026-02-19,Quiz_03,Quiz,2026-05-25,2026-05-23,7.9,A tiempo
A00508,  Ignacio Acosta ,19,F,ignacio.acosta508@alumnos.tup.edu.ar,A1,Mañana,2026-02-15,TP_01,TP,2026-03-16,2026-03-15,"8,0",A tiempo
A00049,Gabriel Diaz,24,F,gabriel.diaz49@alumnos.tup.edu.ar,C4,Noche,2026-02-26,Quiz_03,Quiz,2026-05-25,,,NO ENTREGO
A00326,Sofia Sosa,17,M,sofia.sosa326@alumnos.tup.edu.ar,C2,Noche,2026-03-01,Quiz_02,Quiz,2026-04-27,2026-04-26,4.9,a tiempo
A00551,gabriel diaz,26,M,gabriel.diaz551@alumnos.tup.edu.ar,C2,Noche,2026-02-22,TP_02,TP,2026-04-13,2026-04-11,9.3,A TIEMPO
A00417,Santino Ramirez,28,F,santino.ramirez417@alumnos.tup.edu.ar,B2,Tarde,2026-03-07,TP_04,TP,2026-06-08,2026-06-06,2.1,A tiempo
A00455,Gabriel Suarez,31,M,gabriel.suarez455@alumnos.tup.edu.ar,B1,Tarde,28/02/2026,Quiz_02,Quiz,27/04/2026,23/04/2026,9.7,A TIEMPO
A00350,Pilar Gonzalez,21,Masculino,pilar.gonzalez350@alumnos.tup.edu.ar,C4,Noche,27/02/2026,TP_02,TP,2026-04-13,2026-04-08,0.5,A TIEMPO
A00478,renata sanchez,23,F,renata.sanchez478@alumnos.tup.edu.ar, b1 ,Tarde,19/02/2026,Parcial_01,Parcial,22/06/2026,,,no entregó
A00222,lautaro fernandez,18,F,lautaro.fernandez222@alumnos.tup.edu.ar,C3,Noche,2026-02-15,Quiz_03,Quiz,2026-05-25,23-05-2026,6.8,A TIEMPO
A00097,Maximo Diaz,27,M,maximo.diaz97@alumnos.tup.edu.ar,C3,Noche,2026-03-07,Quiz_01,Quiz,2026-03-30,2026-03-30,"7,7",A tiempo
A00432,Florencia Lopez,17,F,florencia.lopez432@alumnos.tup.edu.ar,B1,Tarde,2026-02-18,Quiz_01,Quiz,2026-03-30,2026-03-30,"9,2",A tiempo
A00311,Martina Martinez,22,Femenino,martina.martinez311@alumnos.tup.edu.ar,B1,Tarde,21/02/2026,Quiz_01,Quiz,2026-03-30,31-03-2026,"5,1",TARDE
A00498,Lucia Sosa,17,X,lucia.sosa498@alumnos.tup.edu.ar,A3,Mañana,2026-03-10,TP_04,TP,08-06-2026,07/06/2026,5.2,A tiempo
A00352,Julieta Acosta,22,M,julieta.acosta352@alumnos.tup.edu.ar,B1,Tarde,14/02/2026,TP_02,TP,2026-04-13,2026-04-12,5.4,A tiempo
A00051,Diego Castro,19,M,diego.castro51@alumnos.tup.edu.ar,A1,Mañana,2026-02-22,TP_03,TP,2026-05-11,2026-05-09,5.8,a tiempo
A00275,Lucas Sanchez,20,F,lucas.sanchez275@alumnos.tup.edu.ar,B1,Tarde,20/02/2026,Quiz_03,Quiz,2026-05-25,2026-05-21,5.0,a tiempo
A00566,Paula Gonzalez,19,M,paula.gonzalez566@alumnos.tup.edu.ar,C2,Noche,2026-02-25,TP_02,TP,2026-04-13,2026-04-08,6.4,A TIEMPO
A00112,Lucia Acosta,32,F,lucia.acosta112@alumnos.tup.edu.ar,B2,Tarde,2026-03-03,Parcial_01,Parcial,2026-06-22,21/06/2026,7.8,a tiempo
A00583,Mia Diaz,21,F,mia.diaz583@alumnos.tup.edu.ar,B1,Tarde,01/03/2026,Quiz_03,Quiz,2026-05-25,2026-05-24,6.3,a tiempo
A00106,Paula Diaz,28,M,paula.diaz106@alumnos.tup.edu.ar,A1,Mañana,06/03/2026,Quiz_01,Quiz,2026-03-30,2026-03-29,7.9,A TIEMPO
A00109,Joaquin Aguirre,33,Masculino,joaquin.aguirre109@alumnos.tup.edu.ar,B2,Tarde,15/02/2026,TP_02,TP,13/04/2026,2026-04-13,"7,5",a tiempo
A00159,Catalina Alvarez,17,femenino,catalina.alvarez159@alumnos.tup.edu.ar,A3,Mañana,2026-02-18,TP_04,TP,2026-06-08,2026-06-04,6.8,A TIEMPO
A00624,Florencia Castro,24,Masculino,florencia.castro624@alumnos.tup.edu.ar,A2,Mañana,08-03-2026,TP_04,TP,08/06/2026,15/06/2026,3.8,TARDE
A00671,Agustin Cabrera,23,Masculino,agustin.cabrera671@alumnos.tup.edu.ar,B1,Tarde,2026-02-24,TP_04,TP,2026-06-08,,,NO ENTREGO
A00149,Tomas Garcia,30,F,tomas.garcia149@alumnos.tup.edu.ar,B2,Tarde,2026-02-24,Quiz_02,Quiz,27/04/2026,2026-04-25,8.1,A tiempo
A00256,  Mora Aguirre ,17,Masculino,mora.aguirre256@alumnos.tup.edu.ar,B2,Tarde,2026-02-18,TP_02,TP,13/04/2026,2026-04-12,"6,4",a tiempo
A00504,Tomas Ruiz,22,M,tomas.ruiz504@alumnos.tup.edu.ar,A1,Mañana,23/02/2026,TP_04,TP,08/06/2026,,,
A00495,Valentino Flores,18,M,valentino.flores495@alumnos.tup.edu.ar,C1,Noche,2026-02-25,Quiz_02,Quiz,27-04-2026,22/04/2026,7.0,a tiempo
A00684,Mia Luna,17,F,mia.luna684@alumnos.tup.edu.ar,B2,Tarde,2026-02-28,TP_02,TP,2026-04-13,18-04-2026,"4,5",TARDE
A00093,Martina Medina,20,F,martina.medina93@alumnos.tup.edu.ar,C3,Noche,2026-03-02,TP_01,TP,2026-03-16,14/03/2026,8.8,A tiempo
A00548,Mateo Herrera,21,M,mateo.herrera548@alumnos.tup.edu.ar,C4,Noche,2026-02-17,Quiz_01,Quiz,2026-03-30,,,no entregó
A00007,Pilar Gonzalez,28,F,pilar.gonzalez7@alumnos.tup.edu.ar,B1,Tarde,2026-02-14,Quiz_03,Quiz,2026-05-25,,,
A00518,Nicolas Diaz,28,Masculino,nicolas.diaz518@alumnos.tup.edu.ar,B1,Tarde,2026-03-03,Parcial_01,Parcial,22-06-2026,,,
A00390,Julieta Garcia,27,M,julieta.garcia390@alumnos.tup.edu.ar,A3,Mañana,2026-02-26,TP_02,TP,2026-04-13,2026-04-10,"8,7",a tiempo
A00446,Federico Gonzalez,22,Masculino,federico.gonzalez446@alumnos.tup.edu.ar,A1,Mañana,04-03-2026,TP_04,TP,2026-06-08,08-06-2026,6.8,a tiempo
A00200,Federico Molina,17,F,federico.molina200@alumnos.tup.edu.ar,C4,Noche,2026-02-20,TP_02,TP,13/04/2026,2026-04-10,7.8,a tiempo
A00325,Catalina Suarez,23,M,catalina.suarez325@alumnos.tup.edu.ar,C2,Noche,19-02-2026,TP_04,TP,2026-06-08,17-06-2026,5.1,tarde
A00214,Mia Silva,27,M,mia.silva214@alumnos.tup.edu.ar,C4,Noche,27/02/2026,Quiz_02,Quiz,27/04/2026,,,No entrego
A00161,Manuel Nuñez,21,F,manuel.nuñez161@alumnos.tup.edu.ar,C3,Noche,2026-02-25,Quiz_02,Quiz,2026-04-27,2026-05-05,5.5,Tarde
A00161,Manuel Nuñez,21,F,manuel.nuñez161@alumnos.tup.edu.ar,C3,Noche,2026-02-25,TP_04,TP,08-06-2026,16-06-2026,5.9,Tarde
A00011,lucia medina,23,M,lucia.medina11@alumnos.tup.edu.ar,C1,Noche,04/03/2026,TP_03,TP,11-05-2026,2026-05-19,4.1,tarde
A00134,santino romero,24,F,santino.romero134@alumnos.tup.edu.ar,A1,Mañana,2026-02-23,TP_01,TP,2026-03-16,,,no entregó
A00390,Julieta Garcia,27,M,julieta.garcia390@alumnos.tup.edu.ar,A3,Mañana,2026-02-26,Quiz_02,Quiz,27-04-2026,2026-04-23,"9,8",A tiempo
A00381,Sofia Torres,21,F,sofia.torres381@alumnos.tup.edu.ar,A3,Mañana,10/03/2026,TP_03,TP,11/05/2026,2026-05-07,4.7,a tiempo
A00335,Martina Medina,36,Masculino,martina.medina335@alumnos.tup.edu.ar,B1,Tarde,2026-03-05,TP_03,TP,2026-05-11,2026-05-06,8.3,a tiempo
A00389,Manuel Diaz,17,F,manuel.diaz389@alumnos.tup.edu.ar,A3,Mañana,2026-03-04,Quiz_02,Quiz,27/04/2026,2026-04-24,5.8,A TIEMPO
A00662,DIEGO MOLINA,31,X,diego.molina662@alumnos.tup.edu.ar,B1,Tarde,2026-02-17,Parcial_01,Parcial,2026-06-22,,,NO ENTREGO
A00008,Ignacio Silva,17,Femenino,ignacio.silva8@@alumnos.tup.edu.ar,B1,Tarde,2026-02-24,Quiz_02,Quiz,2026-04-27,24/04/2026,7.3,A TIEMPO
A00258,Bruno Sanchez,24,M,bruno.sanchez258@alumnos.tup.edu.ar,A1,Mañana,2026-02-15,Quiz_02,Quiz,27/04/2026,,,NO ENTREGO
A00292,Mateo Gonzalez,26,F,mateo.gonzalez292@@alumnos.tup.edu.ar,B1,Tarde,10/03/2026,TP_02,TP,13/04/2026,2026-04-08,4.2,A TIEMPO
A00225,  Valentino Sanchez ,20,M,valentino.sanchez225@alumnos.tup.edu.ar,C1,Noche,2026-02-22,TP_02,TP,2026-04-13,2026-04-19,4.7,Tarde
A00595,Nicolas Perez,22,Femenino,nicolas.perez595@alumnos.tup.edu.ar,C4,NOCHE,2026-02-28,TP_03,TP,2026-05-11,2026-05-07,5.5,a tiempo
A00293,NICOLAS SANCHEZ,17,F,nicolas.sanchez293@alumnos.tup.edu.ar,B1,Tarde,2026-03-03,Quiz_01,Quiz,30/03/2026,30/03/2026,5.1,A tiempo
A00431,Diego Gonzalez,34,Femenino,diego.gonzalez431@alumnos.tup.edu.ar,A2,Mañana,05-03-2026,TP_03,TP,2026-05-11,2026-05-08,7.0,a tiempo
A00058,DELFINA RAMIREZ,19,F,delfina.ramirez58@alumnos.tup.edu.ar,B2,Tarde,2026-02-27,TP_03,TP,2026-05-11,,,NO ENTREGO
A00140,Felipe Acosta,18,M,felipe.acosta140@alumnos.tup.edu.ar,A1,Mañana,11/03/2026,Quiz_01,Quiz,30/03/2026,2026-03-30,6.9,A tiempo
A00098,Maximo Castro,25,F,maximo.castro98@alumnos.tup.edu.ar,A3,Mañana,16-02-2026,Quiz_02,Quiz,2026-04-27,2026-04-27,4.7,A tiempo
A00518,Nicolas Diaz,28,Masculino,nicolas.diaz518@alumnos.tup.edu.ar,B1,Tarde,2026-03-03,Quiz_02,Quiz,27-04-2026,,,no entregó
A00615,Agustin Nuñez,17,F,agustin.nuñez615@alumnos.tup.edu.ar,C1,Noche,2026-02-17,Parcial_01,Parcial,2026-06-22,,,NO ENTREGO
A00369,Florencia Fernandez,24,M,florencia.fernandez369@alumnos.tup.edu.ar,A1,Mañana,2026-03-04,Quiz_02,Quiz,2026-04-27,2026-04-26,"9,1",A TIEMPO
A00527,Gabriel Ruiz,27,Femenino,gabriel.ruiz527@alumnos.tup.edu.ar,B1,Tarde,19/02/2026,Quiz_02,Quiz,2026-04-27,,,NO ENTREGO
A00606,Delfina Alvarez,23,F,delfina.alvarez606@alumnos.tup.edu.ar,B2,Tarde,2026-02-17,TP_04,TP,08/06/2026,,,
A00062,Valentino Ortiz,30,M,valentino.ortiz62@alumnos.tup.edu.ar,A1,Mañana,2026-03-03,TP_03,TP,2026-05-11,,,No entrego
A00006,Tomas Ortiz,18,M,tomas.ortiz6@alumnos.tup.edu.ar,C4,Noche,2026-02-18,TP_02,TP,13-04-2026,09/04/2026,"6,9",A TIEMPO
A00087,Bautista Silva,19,M,bautista.silva87@alumnos.tup.edu.ar,C3,Noche,2026-03-09,Parcial_01,Parcial,22/06/2026,2026-06-22,5.7,A tiempo
A00530,Camila Diaz,26,F,camila.diaz530@alumnos.tup.edu.ar,B1,Tarde,2026-02-18,Quiz_02,Quiz,2026-04-27,2026-04-22,"8,8",a tiempo
A00699,Isabella Garcia,30,M,isabella.garcia699@alumnos.tup.edu.ar,C1,Noche,2026-02-18,Quiz_01,Quiz,30/03/2026,,,no entregó
A00227,Joaquin Alvarez,25,Masculino,joaquin.alvarez227@alumnos.tup.edu.ar,C1,Noche,2026-02-27,Quiz_03,Quiz,25-05-2026,25/05/2026,4.4,A TIEMPO
A00323,Sofia Sosa,28,M,sofia.sosa323@alumnos.tup.edu.ar,B2,Tarde,2026-03-02,Quiz_01,Quiz,2026-03-30,2026-03-29,9.0,A tiempo
A00450,Gabriel Nuñez,27,F,gabriel.nuñez450@alumnos.tup.edu.ar,A2,Mañana,2026-03-11,Quiz_02,Quiz,2026-04-27,2026-04-23,7.9,a tiempo
A00389,Manuel Diaz,17,F,manuel.diaz389@alumnos.tup.edu.ar,A3,Mañana,04/03/2026,Quiz_03,Quiz,2026-05-25,02/06/2026,5.7,TARDE
A00032,Federico Herrera,22,F,federico.herrera32@alumnos.tup.edu.ar,A2,Mañana,2026-03-05,TP_04,TP,2026-06-08,2026-06-06,6.7,a tiempo
A00014,Isabella Ruiz,25,Femenino,isabella.ruiz14@alumnos.tup.edu.ar,A1,Mañana,2026-03-09,TP_03,TP,2026-05-11,,,no entregó
A00174,Federico Silva,18,Masculino,federico.silva174@alumnos.tup.edu.ar, c1 ,Noche,2026-03-08,Quiz_01,Quiz,30/03/2026,2026-03-30,6.7,A TIEMPO
A00126,Victoria Herrera,21,Femenino,victoria.herrera126@alumnos.tup.edu.ar,C4,Noche,14/02/2026,TP_03,TP,2026-05-11,,,No entrego
A00163,Isabella Nuñez,22,M,isabella.nuñez163@alumnos.tup.edu.ar,C4,Noche,2026-02-24,Quiz_02,Quiz,2026-04-27,,,NO ENTREGO
A00417,Santino Ramirez,28,F,santino.ramirez417@alumnos.tup.edu.ar,B2,Tarde,2026-03-07,Quiz_02,Quiz,27/04/2026,25/04/2026,7.7,a tiempo
A00400,martina silva,24,F,,C1,Noche,2026-02-17,Quiz_03,Quiz,2026-05-25,2026-05-23,4.9,A TIEMPO
A00361,Agustin Martinez,23,femenino,agustin.martinez361@alumnos.tup.edu.ar,B2,Tarde,2026-03-06,TP_03,TP,2026-05-11,2026-05-06,"9,5",A TIEMPO
A00570,VALENTINO BENITEZ,19,Masculino,valentino.benitez570@alumnos.tup.edu.ar,A2,Mañana,25/02/2026,TP_02,TP,2026-04-13,2026-04-13,7.1,A tiempo
A00432,Florencia Lopez,17,F,florencia.lopez432@alumnos.tup.edu.ar,B1,Tarde,2026-02-18,Quiz_03,Quiz,25-05-2026,2026-05-23,5.9,A tiempo
A00304,Agustin Sanchez,25,F,agustin.sanchez304@alumnos.tup.edu.ar,C3,Noche,2026-02-14,Parcial_01,Parcial,22/06/2026,2026-06-17,6.6,a tiempo
A00557,florencia rojas,30,M,florencia.rojas557@alumnos.tup.edu.ar,B2,Tarde,2026-02-19,Parcial_01,Parcial,2026-06-22,2026-06-17,3.3,a tiempo
A00671,Agustin Cabrera,23,Masculino,agustin.cabrera671@alumnos.tup.edu.ar,B1,Tarde,2026-02-24,Parcial_01,Parcial,2026-06-22,,,
A00122,Santino Rojas,23,F,santino.rojas122@alumnos.tup.edu.ar,C3,Noche,2026-02-22,Quiz_02,Quiz,2026-04-27,2026-04-26,7.6,a tiempo
A00422,Agustin Ruiz,25,M,agustin.ruiz422@alumnos.tup.edu.ar,A2,Mañana,2026-03-09,Quiz_01,Quiz,2026-03-30,29/03/2026,6.4,a tiempo
A00490,  Emma Alvarez ,22,M,emma.alvarez490@alumnos.tup.edu.ar,B1,Tarde,2026-02-14,TP_02,TP,2026-04-13,2026-04-13,7.8,A TIEMPO
A00028,nicolas torres,23,M,nicolas.torres28@alumnos.tup.edu.ar,A2,Mañana,2026-02-17,TP_04,TP,2026-06-08,2026-06-04,5.3,A TIEMPO
A00417,Santino Ramirez,28,F,santino.ramirez417@alumnos.tup.edu.ar,B2,Tarde,2026-03-07,Parcial_01,Parcial,2026-06-22,2026-06-20,8.2,a tiempo
A00607,  Bautista Suarez ,24,M,bautista.suarez607@alumnos.tup.edu.ar,B1,Tarde,2026-02-27,TP_04,TP,2026-06-08,2026-06-16,6.1,Tarde
A00203,Gabriel Molina,20,Femenino,gabriel.molina203@alumnos.tup.edu.ar,B2,Tarde,2026-02-17,Parcial_01,Parcial,2026-06-22,,,NO ENTREGO
A00301,Sofia Benitez,23,Masculino,sofia.benitez301@alumnos.tup.edu.ar,C1,Noche,09/03/2026,Quiz_01,Quiz,2026-03-30,30/03/2026,6.5,A TIEMPO
A00032,Federico Herrera,22,F,federico.herrera32@alumnos.tup.edu.ar,A2,Mañana,2026-03-05,TP_03,TP,11/05/2026,2026-05-10,7.1,a tiempo
A00388,  Delfina Lopez ,26,Masculino,delfina.lopez388@alumnos.tup.edu.ar,C3,Noche,07/03/2026,TP_04,TP,2026-06-08,2026-06-03,8.9,a tiempo
A00364,Valentino Medina,22,M,valentino.medina364@alumnos.tup.edu.ar,B2,Tarde,2026-02-28,TP_04,TP,2026-06-08,,,NO ENTREGO
A00698,Martina Romero,28,M,martina.romero698@alumnos.tup.edu.ar,C4,Noche,2026-03-08,TP_01,TP,16/03/2026,19/03/2026,6.7,Tarde
A00131,Felipe Luna,28,F,felipe.luna131@alumnos.tup.edu.ar,C3,Noche,2026-03-09,Quiz_01,Quiz,30/03/2026,2026-04-08,3.4,Tarde
A00651,Delfina Garcia,20,M,delfina.garcia651@alumnos.tup.edu.ar,C2,Noche,2026-03-08,Quiz_01,Quiz,2026-03-30,2026-03-25,6.4,A TIEMPO
A00356,Maximo Perez,23,M,maximo.perez356@alumnos.tup.edu.ar,B1,Tarde,2026-02-21,TP_02,TP,2026-04-13,2026-04-09,6.2,A TIEMPO
A00416,Antonella Medina,26,Femenino,antonella.medina416@alumnos.tup.edu.ar,B2,Tarde,2026-03-06,Quiz_01,Quiz,2026-03-30,2026-03-26,8.4,a tiempo
A00285,Olivia Torres,22,F,olivia.torres285@alumnos.tup.edu.ar, c1 ,Noche,2026-02-23,TP_02,TP,2026-04-13,2026-04-09,8.3,a tiempo
A00200,Federico Molina,17,F,federico.molina200@alumnos.tup.edu.ar,C4,Noche,2026-02-20,Quiz_01,Quiz,2026-03-30,2026-03-28,7.7,A TIEMPO
A00320,Camila Cabrera,19,Masculino,camila.cabrera320@alumnos.tup.edu.ar,A1,Mañana,2026-02-20,TP_04,TP,2026-06-08,2026-06-13,6.1,Tarde
A00165,Isabella Castro,18,Femenino,isabella.castro165@alumnos.tup.edu.ar,B2,Tarde,2026-03-09,Quiz_01,Quiz,30/03/2026,,,no entregó
A00004,Camila Alvarez,23,F,camila.alvarez4@alumnos.tup.edu.ar,C1,Noche,2026-03-06,Quiz_02,Quiz,2026-04-27,2026-05-06,"5,5",Tarde
A00464,Catalina Cabrera,17,F,catalina.cabrera464@alumnos.tup.edu.ar,A3,Mañana,18-02-2026,TP_01,TP,2026-03-16,2026-03-19,2.9,tarde
A00319,julieta silva,19,F,julieta.silva319@alumnos.tup.edu.ar,C3,Noche,2026-03-05,TP_03,TP,2026-05-11,2026-05-07,7.1,a tiempo
A00171,Manuel Rojas,18,F,manuel.rojas171@alumnos.tup.edu.ar,C2,Noche,2026-02-25,Quiz_01,Quiz,2026-03-30,,,no entregó
A00644,DELFINA VEGA,23,M,delfina.vega644@alumnos.tup.edu.ar,C1,Noche,2026-03-02,Parcial_01,Parcial,2026-06-22,2026-06-20,8.2,A tiempo
A00372,Santino Acosta,27,F,santino.acosta372@alumnos.tup.edu.ar,C2,Noche,01/03/2026,TP_01,TP,16-03-2026,2026-03-12,7.8,A TIEMPO
A00104,Delfina Alvarez,17,Masculino,delfina.alvarez104@alumnos.tup.edu.ar,C2,Noche,2026-02-23,Quiz_02,Quiz,27-04-2026,2026-05-05,5.2,TARDE
A00327,Lucas Herrera,32,M,lucas.herrera327@alumnos.tup.edu.ar,B2,Tarde,2026-02-19,TP_01,TP,2026-03-16,2026-03-14,9.4,A tiempo
A00534,Federico Sanchez,29,Masculino,federico.sanchez534@alumnos.tup.edu.ar,A1,Mañana,21/02/2026,Quiz_03,Quiz,25/05/2026,,,
A00009,Catalina Herrera,20,Femenino,catalina.herrera9@alumnos.tup.edu.ar,A3,Mañana,2026-03-03,TP_03,TP,2026-05-11,11/05/2026,4.9,a tiempo
A00183,Thiago Ruiz,22,M,thiago.ruiz183@alumnos.tup.edu.ar,A3,Mañana,2026-02-22,TP_01,TP,2026-03-16,,,NO ENTREGO
A00168,Lucas Perez,17,M,lucas.perez168@alumnos.tup.edu.ar,B1,Tarde,06-03-2026,TP_01,TP,16/03/2026,2026-03-15,8.3,A tiempo
A00052,Valentino Sanchez,22,M,valentino.sanchez52@alumnos.tup.edu.ar,C2,Noche,14-02-2026,Quiz_03,Quiz,2026-05-25,2026-05-20,7.0,A tiempo
A00025,Santino Ruiz,20,F,santino.ruiz25@alumnos.tup.edu.ar,B1,Tarde,2026-02-26,Parcial_01,Parcial,2026-06-22,2026-06-21,6.6,a tiempo
A00249,Agustin Torres,21,F,agustin.torres249@alumnos.tup.edu.ar,C1,Noche,2026-02-16,Quiz_03,Quiz,2026-05-25,2026-05-24,7.1,A tiempo
A00370,BAUTISTA TORRES,23,M,bautista.torres370@alumnos.tup.edu.ar, b1 ,Tarde,2026-03-11,Quiz_02,Quiz,2026-04-27,25/04/2026,7.3,a tiempo
A00255,Bruno Flores,21,Masculino,bruno.flores255@alumnos.tup.edu.ar,B1,Tarde,04/03/2026,Quiz_02,Quiz,2026-04-27,,,no entregó
A00583,Mia Diaz,21,F,mia.diaz583@alumnos.tup.edu.ar,B1,Tarde,2026-03-01,TP_02,TP,13/04/2026,19/04/2026,5.3,TARDE
A00099,Florencia Acosta,24,M,florencia.acosta99@alumnos.tup.edu.ar,A3,Mañana,2026-02-18,TP_02,TP,2026-04-13,10/04/2026,"6,7",A tiempo
A00196,Manuel Martinez,25,Femenino,manuel.martinez196@alumnos.tup.edu.ar,A3,Mañana,19/02/2026,Quiz_02,Quiz,2026-04-27,,,
A00602,Renata Perez,23,M,renata.perez602@alumnos.tup.edu.ar,C2,Noche,2026-03-05,TP_02,TP,2026-04-13,2026-04-12,8.4,A TIEMPO
A00331,Felipe Rojas,17,Femenino,felipe.rojas331@alumnos.tup.edu.ar,C3,Noche,2026-02-23,Parcial_01,Parcial,2026-06-22,,,No entrego
A00279,Ignacio Romero,17,F,ignacio.romero279@alumnos.tup.edu.ar,B2,Tarde,2026-02-21,Quiz_01,Quiz,2026-03-30,2026-04-10,"3,8",tarde
A00683,Delfina Diaz,17,Masculino,delfina.diaz683@alumnos.tup.edu.ar,A1,Mañana,2026-02-24,Parcial_01,Parcial,2026-06-22,20/06/2026,"6,2",a tiempo
A00583,Mia Diaz,21,F,mia.diaz583@alumnos.tup.edu.ar,B1,Tarde,2026-03-01,Quiz_02,Quiz,2026-04-27,26-04-2026,4.7,A tiempo
A00357,nicolas romero,21,M,nicolas.romero357@alumnos.tup.edu.ar,B2,Tarde,2026-03-06,TP_01,TP,2026-03-16,2026-03-16,4.6,a tiempo
A00540,Renata Garcia,17,M,renata.garcia540@alumnos.tup.edu.ar,B2,Tarde,26/02/2026,TP_03,TP,2026-05-11,2026-05-06,"10,0",A tiempo
A00219,Joaquin Nuñez,20,M,,C4,Noche,2026-02-24,Quiz_01,Quiz,2026-03-30,2026-03-25,4.9,a tiempo
A00524,Camila Castro,17,Masculino,,C2,Noche,2026-03-10,Quiz_03,Quiz,2026-05-25,2026-05-25,8.7,a tiempo
A00208,Thiago Sosa,23,Masculino,thiago.sosa208@alumnos.tup.edu.ar,B2,Tarde,02/03/2026,TP_01,TP,2026-03-16,,,
A00151,Guadalupe Vega,17,F,guadalupe.vega151@alumnos.tup.edu.ar,B1,Tarde,2026-03-11,TP_03,TP,11/05/2026,2026-05-11,5.0,A TIEMPO
A00323,Sofia Sosa,28,M,sofia.sosa323@alumnos.tup.edu.ar,B2,Tarde,2026-03-02,TP_04,TP,2026-06-08,2026-06-03,7.6,A TIEMPO
A00428,Joaquin Torres,34,M,joaquin.torres428@alumnos.tup.edu.ar,B1,Tarde,2026-03-07,TP_03,TP,2026-05-11,2026-05-10,5.8,a tiempo
A00484,Maximo Sosa,20,M,maximo.sosa484@alumnos.tup.edu.ar,A3,Mañana,11/03/2026,Parcial_01,Parcial,2026-06-22,2026-06-18,4.8,A tiempo
A00680,Emma Garcia,24,M,emma.garcia680@alumnos.tup.edu.ar,C4,Noche,2026-02-18,Parcial_01,Parcial,2026-06-22,,,No entrego
A00242,Mora Ortiz,17,F,mora.ortiz242@alumnos.tup.edu.ar,B2,Tarde,2026-02-27,TP_03,TP,2026-05-11,2026-05-08,6.8,A TIEMPO
A00589,Pilar Benitez,27,F,pilar.benitez589@alumnos.tup.edu.ar,B1,Tarde,2026-02-21,Parcial_01,Parcial,2026-06-22,2026-06-17,5.9,A tiempo
A00123,Maximo Vega,25,M,maximo.vega123@alumnos.tup.edu.ar,B2,Tarde,23/02/2026,TP_04,TP,2026-06-08,,,NO ENTREGO
A00148,Julieta Romero,27,F,julieta.romero148@alumnos.tup.edu.ar,B2,Tarde,2026-02-20,Parcial_01,Parcial,22/06/2026,,,no entregó
A00028,nicolas torres,23,M,nicolas.torres28@alumnos.tup.edu.ar,A2,Mañana,17/02/2026,Quiz_03,Quiz,25/05/2026,2026-05-22,6.6,A TIEMPO
A00514,Manuel Romero,18,F,manuel.romero514@alumnos.tup.edu.ar,C4,Noche,2026-02-24,Parcial_01,Parcial,2026-06-22,,,No entrego
A00128,Nicolas Cabrera,25,M,nicolas.cabrera128@alumnos.tup.edu.ar,C2,Noche,2026-02-21,TP_01,TP,2026-03-16,2026-03-25,"5,4",TARDE
A00648,Lautaro Torres,23,M,lautaro.torres648@alumnos.tup.edu.ar,A1,Mañana,2026-02-27,Quiz_03,Quiz,2026-05-25,2026-05-22,8.1,a tiempo
A00054,Gabriel Diaz,20,M,gabriel.diaz54@alumnos.tup.edu.ar,B1,TARDE,28/02/2026,Parcial_01,Parcial,22/06/2026,2026-07-02,10.0,Tarde
A00482,Lucia Gonzalez,21,F,lucia.gonzalez482@alumnos.tup.edu.ar,A3,Mañana,2026-02-15,Parcial_01,Parcial,22/06/2026,,,No entrego
A00162,Mateo Benitez,17,F,mateo.benitez162@alumnos.tup.edu.ar,C2,Noche,2026-02-17,Quiz_01,Quiz,30-03-2026,30-03-2026,"5,4",A TIEMPO
A00610,Manuel Sanchez,22,M,manuel.sanchez610@alumnos.tup.edu.ar,B1,Tarde,2026-02-24,TP_01,TP,2026-03-16,15/03/2026,"7,3",a tiempo
A00175,Gabriel Castro,33,F,gabriel.castro175@alumnos.tup.edu.ar,A2,Mañana,2026-03-06,TP_02,TP,2026-04-13,11-04-2026,4.0,a tiempo
A00464,Catalina Cabrera,17,F,catalina.cabrera464@alumnos.tup.edu.ar,A3,Mañana,2026-02-18,Quiz_01,Quiz,2026-03-30,2026-03-28,6.4,a tiempo
A00563,Victoria Flores,22,F,victoria.flores563@alumnos.tup.edu.ar,B2,Tarde,2026-02-24,Parcial_01,Parcial,22/06/2026,2026-06-23,"5,3",tarde
A00677,Guadalupe Benitez,18,F,guadalupe.benitez677@alumnos.tup.edu.ar,A3,Mañana,2026-03-10,Parcial_01,Parcial,2026-06-22,,,NO ENTREGO
A00164,Felipe Medina,25,F,felipe.medina164@alumnos.tup.edu.ar,C1,Noche,2026-03-08,Quiz_01,Quiz,2026-03-30,,,
A00165,Isabella Castro,18,Femenino,isabella.castro165@alumnos.tup.edu.ar,B2,Tarde,09/03/2026,TP_02,TP,13/04/2026,2026-04-12,7.2,A TIEMPO
A00444,  Bautista Benitez ,17,M,bautista.benitez444@alumnos.tup.edu.ar, b1 ,Tarde,2026-03-09,TP_04,TP,2026-06-08,,,No entrego
A00380,Benjamin Herrera,27,Femenino,benjamin.herrera380@alumnos.tup.edu.ar,B1,Tarde,07-03-2026,TP_02,TP,2026-04-13,08/04/2026,5.3,a tiempo
A00107,Federico Suarez,27,F,federico.suarez107@alumnos.tup.edu.ar,C4,Noche,2026-03-08,Parcial_01,Parcial,22-06-2026,2026-06-22,7.3,a tiempo
A00185,Renata Romero,26,M,renata.romero185@alumnos.tup.edu.ar,B1,Tarde,2026-02-19,Quiz_01,Quiz,2026-03-30,2026-03-29,8.3,A tiempo
A00264,Antonella Molina,17,F,antonella.molina264@alumnos.tup.edu.ar,B1,Tarde,2026-03-03,Quiz_01,Quiz,2026-03-30,,,no entregó
A00531,Catalina Romero,29,F,catalina.romero531@alumnos.tup.edu.ar,B2,Tarde,11-03-2026,Quiz_02,Quiz,2026-04-27,2026-04-23,6.8,a tiempo
A00131,Felipe Luna,28,F,felipe.luna131@alumnos.tup.edu.ar,C3,Noche,2026-03-09,TP_01,TP,2026-03-16,21/03/2026,5.0,TARDE
A00435,Bruno Flores,19,Masculino,bruno.flores435@alumnos.tup.edu.ar,A1,Mañana,2026-02-20,TP_03,TP,2026-05-11,08/05/2026,3.9,A tiempo
A00228,Joaquin Lopez,25,M,joaquin.lopez228@alumnos.tup.edu.ar,A1,Mañana,2026-02-25,Quiz_03,Quiz,2026-05-25,,,
A00458,Paula Castro,28,X,paula.castro458@alumnos.tup.edu.ar,A2,Mañana,2026-03-03,Quiz_03,Quiz,2026-05-25,2026-05-24,5.5,A TIEMPO
A00036,Nicolas Vega,17,M,nicolas.vega36@alumnos.tup.edu.ar,C2,Noche,2026-03-11,Quiz_01,Quiz,2026-03-30,2026-03-29,7.2,a tiempo
A00200,Federico Molina,17,F,federico.molina200@alumnos.tup.edu.ar,C4,Noche,20-02-2026,TP_04,TP,2026-06-08,04-06-2026,9.1,A tiempo
A00109,Joaquin Aguirre,33,Masculino,joaquin.aguirre109@alumnos.tup.edu.ar,B2,Tarde,2026-02-15,TP_03,TP,2026-05-11,2026-05-10,"6,0",A TIEMPO
A00608,Delfina Torres,20,Femenino,,B2,Tarde,25/02/2026,TP_02,TP,13-04-2026,2026-04-11,"4,7",a tiempo
A00544,Nicolas Suarez,29,F,nicolas.suarez544@alumnos.tup.edu.ar,A1,Mañana,22-02-2026,Quiz_03,Quiz,2026-05-25,2026-05-23,"5,3",a tiempo
A00688,Benjamin Herrera,18,M,benjamin.herrera688@alumnos.tup.edu.ar,C3,Noche,21/02/2026,TP_04,TP,08/06/2026,2026-06-04,9.5,A TIEMPO
A00550,Valentina Molina,29,F,valentina.molina550@alumnos.tup.edu.ar,A3,Mañana,2026-03-02,TP_01,TP,2026-03-16,2026-03-16,"6,1",A TIEMPO
A00648,Lautaro Torres,23,M,lautaro.torres648@alumnos.tup.edu.ar,A1,Mañana,2026-02-27,Quiz_02,Quiz,2026-04-27,2026-04-23,7.8,a tiempo
A00021,renata herrera,18,femenino,renata.herrera21@alumnos.tup.edu.ar,B1,Tarde,2026-02-21,Quiz_01,Quiz,2026-03-30,26/03/2026,6.3,A TIEMPO
A00404,Victoria Torres,23,F,victoria.torres404@alumnos.tup.edu.ar,B1,Tarde,01/03/2026,Quiz_03,Quiz,25-05-2026,,,
A00077,Diego Garcia,21,X,diego.garcia77@alumnos.tup.edu.ar,B2,TARDE,2026-03-11,TP_02,TP,2026-04-13,09-04-2026,4.9,A TIEMPO
A00628,Benjamin Rodriguez,23,Femenino,benjamin.rodriguez628@alumnos.tup.edu.ar,B1,Tarde,2026-02-23,TP_01,TP,16/03/2026,2026-03-14,4.0,A tiempo
A00281,Victoria Romero,17,F,victoria.romero281@alumnos.tup.edu.ar,C2,Noche,2026-03-11,TP_03,TP,2026-05-11,2026-05-18,"6,1",TARDE
A00439,Olivia Torres,17,M,olivia.torres439@alumnos.tup.edu.ar,C2,Noche,2026-02-25,Quiz_02,Quiz,2026-04-27,2026-04-26,8.6,a tiempo
A00321,Benjamin Aguirre,17,Masculino,benjamin.aguirre321@alumnos.tup.edu.ar,C3,Noche,2026-03-09,TP_01,TP,16/03/2026,2026-03-11,"3,5",A tiempo
A00629,Mia Fernandez,21,Masculino,mia.fernandez629@alumnos.tup.edu.ar,B1,Tarde,2026-02-17,TP_03,TP,2026-05-11,2026-05-06,5.1,a tiempo
A00365,Felipe Martinez,20,Femenino,felipe.martinez365@alumnos.tup.edu.ar,B2,Tarde,09-03-2026,TP_02,TP,13-04-2026,,,
A00412,Mora Aguirre,25,M,mora.aguirre412@alumnos.tup.edu.ar,A1,MAÑANA,14/02/2026,Quiz_02,Quiz,2026-04-27,,,NO ENTREGO
A00234,Antonella Castro,22,Masculino,antonella.castro234@alumnos.tup.edu.ar,C4,Noche,2026-03-11,Quiz_01,Quiz,2026-03-30,2026-04-03,9.0,tarde
A00238,Olivia Castro,17,F,olivia.castro238@alumnos.tup.edu.ar,C2,Noche,2026-03-04,Quiz_01,Quiz,2026-03-30,,,
A00379,Valentina Flores,27,Masculino,valentina.flores379@alumnos.tup.edu.ar,C1,Noche,2026-02-14,Quiz_03,Quiz,2026-05-25,,,
A00044,Gabriel Rojas,20,M,gabriel.rojas44@alumnos.tup.edu.ar,B2,Tarde,17-02-2026,TP_02,TP,2026-04-13,,,No entrego
A00391,Pilar Torres,21,F,pilar.torres391@alumnos.tup.edu.ar,B1,Tarde,09/03/2026,Quiz_03,Quiz,2026-05-25,,,NO ENTREGO
A00581,Catalina Martinez,17,F,catalina.martinez581@alumnos.tup.edu.ar,B2,Tarde,2026-02-24,Quiz_02,Quiz,27/04/2026,23/04/2026,"5,9",A tiempo
A00517,Agustin Acosta,22,M,agustin.acosta517@alumnos.tup.edu.ar,A1,Mañana,09/03/2026,TP_03,TP,2026-05-11,18/05/2026,6.9,tarde
A00554,Mia Lopez,20,X,mia.lopez554@alumnos.tup.edu.ar,C3,Noche,2026-03-11,TP_01,TP,2026-03-16,16/03/2026,5.8,A tiempo
A00692,Valentino Rojas,27,Femenino,valentino.rojas692@alumnos.tup.edu.ar,C2,Noche,2026-02-26,TP_01,TP,2026-03-16,14-03-2026,6.3,a tiempo
A00090,Joaquin Ramirez,29,M,joaquin.ramirez90@alumnos.tup.edu.ar,A2,Mañana,16/02/2026,TP_01,TP,16-03-2026,2026-03-13,5.7,A tiempo
A00493,Agustin Ruiz,24,F,agustin.ruiz493@alumnos.tup.edu.ar,C2,Noche,2026-03-04,Quiz_01,Quiz,2026-03-30,2026-03-25,3.9,A TIEMPO
A00680,Emma Garcia,24,M,emma.garcia680@alumnos.tup.edu.ar,C4,Noche,18-02-2026,TP_03,TP,11-05-2026,,,
A00596,Felipe Gonzalez,17,F,felipe.gonzalez596@alumnos.tup.edu.ar,A3,Mañana,2026-02-18,Quiz_03,Quiz,2026-05-25,,,
A00550,Valentina Molina,29,F,valentina.molina550@alumnos.tup.edu.ar,A3,Mañana,2026-03-02,TP_02,TP,2026-04-13,2026-04-12,6.6,a tiempo
A00473,federico vega,32,F,federico.vega473@alumnos.tup.edu.ar,B2,Tarde,2026-03-06,TP_04,TP,08-06-2026,2026-06-03,5.6,A TIEMPO
A00070,Agustin Lopez,24,M,agustin.lopez70@alumnos.tup.edu.ar,C3,Noche,2026-02-17,Parcial_01,Parcial,2026-06-22,,,no entregó
A00236,Valentino Silva,17,F,valentino.silva236@alumnos.tup.edu.ar,C2,Noche,05-03-2026,TP_01,TP,16/03/2026,26-03-2026,7.0,Tarde
A00411,Martina Rodriguez,18,M,martina.rodriguez411@alumnos.tup.edu.ar,C1,Noche,2026-02-21,Parcial_01,Parcial,22/06/2026,21/06/2026,7.1,a tiempo
A00674,Bautista Acosta,25,M,bautista.acosta674@alumnos.tup.edu.ar,B2,Tarde,2026-03-05,Quiz_03,Quiz,25/05/2026,2026-05-24,4.6,A tiempo
A00542,Manuel Molina,23,F,manuel.molina542@alumnos.tup.edu.ar,B1,Tarde,2026-03-06,TP_03,TP,2026-05-11,06-05-2026,6.4,a tiempo
A00012,Isabella Nuñez,20,M,isabella.nuñez12@alumnos.tup.edu.ar,B2,Tarde,2026-03-09,Parcial_01,Parcial,22/06/2026,2026-06-21,"6,0",a tiempo
A00088,Gabriel Molina,20,Femenino,gabriel.molina88@alumnos.tup.edu.ar,C4,Noche,2026-03-07,Quiz_02,Quiz,27/04/2026,,,NO ENTREGO
A00139,Thiago Castro,28,M,thiago.castro139@@alumnos.tup.edu.ar,A3,Mañana,09-03-2026,Quiz_02,Quiz,2026-04-27,2026-04-25,7.5,a tiempo
A00297,Felipe Castro,27,F,felipe.castro297@alumnos.tup.edu.ar,B2,Tarde,2026-02-25,Quiz_01,Quiz,2026-03-30,2026-03-25,6.9,A tiempo
A00349,Pilar Perez,29,F,,B2,Tarde,2026-03-09,TP_02,TP,2026-04-13,2026-04-09,"5,1",A tiempo
A00472,Mora Sanchez,27,Femenino,mora.sanchez472@alumnos.tup.edu.ar,C4,Noche,2026-02-19,TP_04,TP,2026-06-08,03/06/2026,"6,7",A TIEMPO
A00590,Guadalupe Luna,20,M,guadalupe.luna590@alumnos.tup.edu.ar,C4,Noche,16/02/2026,TP_01,TP,2026-03-16,2026-03-11,"7,3",a tiempo
A00183,Thiago Ruiz,22,M,thiago.ruiz183@alumnos.tup.edu.ar,A3,Mañana,2026-02-22,Parcial_01,Parcial,2026-06-22,,,no entregó
A00046,Ignacio Molina,19,F,ignacio.molina46@alumnos.tup.edu.ar,A3,Mañana,04/03/2026,TP_04,TP,08/06/2026,,,No entrego
A00013,Bautista Perez,17,F,bautista.perez13@alumnos.tup.edu.ar,B2,Tarde,2026-02-16,Parcial_01,Parcial,2026-06-22,,,no entregó
A00151,Guadalupe Vega,17,F,guadalupe.vega151@alumnos.tup.edu.ar,B1,Tarde,2026-03-11,Quiz_02,Quiz,27/04/2026,2026-04-24,4.0,a tiempo
A00473,federico vega,32,F,federico.vega473@alumnos.tup.edu.ar,B2,Tarde,2026-03-06,Quiz_01,Quiz,2026-03-30,2026-04-04,7.5,TARDE
A00092,Mia Vega,23,Femenino,mia.vega92@alumnos.tup.edu.ar,B1,Tarde,01-03-2026,TP_03,TP,2026-05-11,12/05/2026,4.4,Tarde
A00314,Bautista Sosa,20,F,bautista.sosa314@alumnos.tup.edu.ar,B1,Tarde,2026-03-03,TP_01,TP,2026-03-16,2026-03-15,3.9,A tiempo
A00556,Sofia Ortiz,30,M,sofia.ortiz556@alumnos.tup.edu.ar,A2,Mañana,2026-03-03,TP_03,TP,2026-05-11,2026-05-10,"5,2",A TIEMPO
A00042,Emma Garcia,28,Femenino,emma.garcia42@@alumnos.tup.edu.ar,A3,Mañana,2026-02-23,Parcial_01,Parcial,22/06/2026,,,
A00024,Ignacio Fernandez,17,X,,B1,Tarde,2026-03-11,Quiz_01,Quiz,2026-03-30,25-03-2026,"7,0",A tiempo
A00647,Tomas Herrera,22,Masculino,tomas.herrera647@alumnos.tup.edu.ar,B1,Tarde,2026-02-17,TP_04,TP,08-06-2026,2026-06-07,5.5,a tiempo
A00150,Florencia Sosa,17,F,florencia.sosa150@alumnos.tup.edu.ar,A2,Mañana,03/03/2026,TP_02,TP,13/04/2026,2026-04-12,5.0,a tiempo
A00648,Lautaro Torres,23,M,lautaro.torres648@alumnos.tup.edu.ar,A1,Mañana,2026-02-27,Parcial_01,Parcial,22/06/2026,2026-06-17,10.0,A TIEMPO
A00083,Santino Rojas,21,femenino,santino.rojas83@alumnos.tup.edu.ar,A2,Mañana,2026-02-25,Quiz_01,Quiz,30-03-2026,27-03-2026,6.8,a tiempo
A00537,Manuel Sosa,24,M,manuel.sosa537@@alumnos.tup.edu.ar,B2,Tarde,28-02-2026,Quiz_03,Quiz,2026-05-25,2026-05-24,7.2,a tiempo
A00220,Antonella Garcia,22,F,antonella.garcia220@alumnos.tup.edu.ar,C3,Noche,2026-02-23,TP_02,TP,2026-04-13,14/04/2026,"8,9",tarde
A00673,  Maximo Diaz ,21,Masculino,maximo.diaz673@alumnos.tup.edu.ar,C2,Noche,05/03/2026,Quiz_02,Quiz,27/04/2026,,,
A00185,Renata Romero,26,M,renata.romero185@alumnos.tup.edu.ar,B1,Tarde,19/02/2026,TP_03,TP,2026-05-11,08/05/2026,6.7,A TIEMPO
A00475,Agustin Suarez,17,M,agustin.suarez475@@alumnos.tup.edu.ar,A3,Mañana,01/03/2026,TP_04,TP,2026-06-08,2026-06-03,8.0,A TIEMPO
A00240,Felipe Silva,23,Femenino,felipe.silva240@alumnos.tup.edu.ar,C2,Noche,2026-03-07,TP_01,TP,16/03/2026,2026-03-13,"10,0",a tiempo
A00436,Lucas Silva,31,M,lucas.silva436@alumnos.tup.edu.ar,B1,TARDE,17/02/2026,Parcial_01,Parcial,2026-06-22,,,
A00161,Manuel Nuñez,21,F,manuel.nuñez161@alumnos.tup.edu.ar,C3,Noche,25-02-2026,Quiz_03,Quiz,2026-05-25,,,no entregó
A00391,Pilar Torres,21,F,pilar.torres391@alumnos.tup.edu.ar,B1,Tarde,2026-03-09,TP_03,TP,2026-05-11,,,NO ENTREGO
A00691,Victoria Rojas,22,Masculino,victoria.rojas691@alumnos.tup.edu.ar,A2,Mañana,2026-02-26,Quiz_02,Quiz,2026-04-27,24/04/2026,5.6,A tiempo
A00614,Ignacio Gonzalez,17,M,ignacio.gonzalez614@alumnos.tup.edu.ar,A2,Mañana,2026-02-27,TP_02,TP,2026-04-13,,,
A00613,Federico Ortiz,17,F,federico.ortiz613@alumnos.tup.edu.ar,C1,Noche,2026-02-17,Quiz_01,Quiz,2026-03-30,28-03-2026,8.5,a tiempo
A00129,Martina Ramirez,25,F,martina.ramirez129@alumnos.tup.edu.ar,A1,Mañana,2026-02-14,TP_01,TP,2026-03-16,2026-03-11,7.2,A TIEMPO
A00457,Antonella Ruiz,20,X,antonella.ruiz457@alumnos.tup.edu.ar,B2,TARDE,2026-03-03,Quiz_03,Quiz,2026-05-25,2026-05-21,7.0,A TIEMPO
A00508,  Ignacio Acosta ,19,F,ignacio.acosta508@alumnos.tup.edu.ar,A1,Mañana,15/02/2026,Quiz_02,Quiz,2026-04-27,27/04/2026,"9,0",A TIEMPO
A00333,Ignacio Sosa,17,F,ignacio.sosa333@alumnos.tup.edu.ar,A3,Mañana,01-03-2026,Parcial_01,Parcial,2026-06-22,,,
A00593,gabriel fernandez,21,Masculino,gabriel.fernandez593@alumnos.tup.edu.ar,B2,Tarde,2026-02-20,Quiz_01,Quiz,30/03/2026,,,NO ENTREGO
A00575,Lucas Sanchez,28,M,lucas.sanchez575@alumnos.tup.edu.ar,A3,Mañana,2026-03-06,Quiz_01,Quiz,2026-03-30,,,No entrego
A00160,Maximo Rodriguez,17,M,maximo.rodriguez160@alumnos.tup.edu.ar,A2,Mañana,01/03/2026,Quiz_01,Quiz,2026-03-30,29/03/2026,"7,9",A TIEMPO
A00631,SOFIA ROMERO,23,M,sofia.romero631@alumnos.tup.edu.ar,B2,Tarde,2026-02-21,Quiz_02,Quiz,27/04/2026,,,no entregó
A00647,Tomas Herrera,22,Masculino,tomas.herrera647@alumnos.tup.edu.ar,B1,Tarde,17/02/2026,Parcial_01,Parcial,22-06-2026,2026-06-28,6.3,TARDE
A00481,Mateo Rodriguez,20,femenino,mateo.rodriguez481@alumnos.tup.edu.ar,A2,Mañana,2026-02-21,Parcial_01,Parcial,2026-06-22,2026-06-20,"7,7",A TIEMPO
A00190,Bruno Benitez,18,F,bruno.benitez190@alumnos.tup.edu.ar,B2,TARDE,2026-03-11,TP_04,TP,2026-06-08,,,
A00050,Lucas Ramirez,17,Masculino,lucas.ramirez50@alumnos.tup.edu.ar,B2,Tarde,2026-02-17,Quiz_02,Quiz,2026-04-27,27/04/2026,"9,1",a tiempo
A00153,ISABELLA MARTINEZ,22,F,isabella.martinez153@alumnos.tup.edu.ar,C4,Noche,2026-03-08,TP_02,TP,13/04/2026,2026-04-25,5.4,tarde
A00407,Mia Fernandez,28,M,mia.fernandez407@alumnos.tup.edu.ar,A1,Mañana,2026-03-05,Quiz_02,Quiz,27/04/2026,2026-04-27,"5,1",A tiempo
A00189,Felipe Ruiz,23,M,,B1,Tarde,2026-02-26,TP_04,TP,2026-06-08,,,
A00051,Diego Castro,19,M,diego.castro51@alumnos.tup.edu.ar,A1,Mañana,2026-02-22,TP_02,TP,2026-04-13,08/04/2026,6.7,A tiempo
A00591,Lucia Sanchez,17,F,lucia.sanchez591@alumnos.tup.edu.ar,C1,Noche,2026-03-04,TP_02,TP,2026-04-13,,,
A00314,Bautista Sosa,20,F,bautista.sosa314@alumnos.tup.edu.ar,B1,Tarde,2026-03-03,Parcial_01,Parcial,2026-06-22,,,
A00458,Paula Castro,28,X,paula.castro458@alumnos.tup.edu.ar,A2,Mañana,03/03/2026,Quiz_02,Quiz,27/04/2026,27-04-2026,"5,5",a tiempo
A00484,Maximo Sosa,20,M,maximo.sosa484@alumnos.tup.edu.ar,A3,Mañana,2026-03-11,TP_03,TP,2026-05-11,2026-05-20,4.2,TARDE
A00079,Paula Luna,30,F,paula.luna79@alumnos.tup.edu.ar,A1,Mañana,06/03/2026,Parcial_01,Parcial,2026-06-22,18-06-2026,7.8,a tiempo
A00047,Maximo Ramirez,28,F,maximo.ramirez47@alumnos.tup.edu.ar,C4,Noche,2026-03-04,Quiz_03,Quiz,2026-05-25,,,NO ENTREGO
A00330,Julieta Acosta,17,F,julieta.acosta330@alumnos.tup.edu.ar,A1,Mañana,11/03/2026,Quiz_02,Quiz,2026-04-27,,,
A00158,Nicolas Torres,26,M,nicolas.torres158@alumnos.tup.edu.ar,C2,Noche,2026-02-17,TP_01,TP,2026-03-16,2026-03-16,6.5,a tiempo
A00509,Catalina Diaz,17,F,catalina.diaz509@alumnos.tup.edu.ar,A3,Mañana,2026-02-19,TP_03,TP,2026-05-11,10/05/2026,6.4,A tiempo
A00662,DIEGO MOLINA,31,X,diego.molina662@alumnos.tup.edu.ar,B1,Tarde,2026-02-17,TP_02,TP,13/04/2026,,,no entregó
A00612,Mia Rojas,28,M,mia.rojas612@alumnos.tup.edu.ar,B1,Tarde,2026-02-21,Quiz_03,Quiz,25/05/2026,2026-05-22,7.2,A tiempo
A00453,Catalina Nuñez,24,Femenino,catalina.nuñez453@alumnos.tup.edu.ar,C1,Noche,2026-03-01,Parcial_01,Parcial,2026-06-22,,,No entrego
A00208,Thiago Sosa,23,Masculino,thiago.sosa208@alumnos.tup.edu.ar,B2,Tarde,2026-03-02,Quiz_01,Quiz,30/03/2026,,,No entrego
A00465,Gabriel Aguirre,23,F,gabriel.aguirre465@alumnos.tup.edu.ar, c4 ,Noche,26/02/2026,Parcial_01,Parcial,2026-06-22,2026-06-19,5.6,A TIEMPO
A00612,Mia Rojas,28,M,mia.rojas612@alumnos.tup.edu.ar,B1,Tarde,2026-02-21,Parcial_01,Parcial,2026-06-22,18-06-2026,"6,0",A tiempo
A00329,Manuel Martinez,29,Masculino,manuel.martinez329@alumnos.tup.edu.ar,A1,Mañana,2026-02-17,Parcial_01,Parcial,2026-06-22,21/06/2026,4.9,a tiempo
A00419,JULIETA MARTINEZ,25,F,julieta.martinez419@alumnos.tup.edu.ar,C4,Noche,07/03/2026,Quiz_01,Quiz,30/03/2026,2026-03-29,5.1,A tiempo
A00393,Delfina Silva,24,M,delfina.silva393@@alumnos.tup.edu.ar,B2,Tarde,22/02/2026,TP_03,TP,2026-05-11,2026-05-09,7.5,A tiempo
A00672,Maximo Romero,19,F,maximo.romero672@alumnos.tup.edu.ar,A1,Mañana,07/03/2026,Quiz_01,Quiz,2026-03-30,2026-03-30,"6,6",A TIEMPO
A00302,Nicolas Perez,22,M,nicolas.perez302@alumnos.tup.edu.ar,A3,Mañana,07-03-2026,Parcial_01,Parcial,2026-06-22,2026-06-21,7.6,A TIEMPO
A00459,Valentina Benitez,21,M,valentina.benitez459@alumnos.tup.edu.ar,A1,Mañana,2026-02-25,TP_04,TP,2026-06-08,,,
A00180,Lautaro Martinez,19,F,lautaro.martinez180@alumnos.tup.edu.ar,B1,Tarde,2026-02-25,Parcial_01,Parcial,2026-06-22,2026-06-19,"8,1",a tiempo
A00165,Isabella Castro,18,Femenino,isabella.castro165@alumnos.tup.edu.ar,B2,Tarde,2026-03-09,Quiz_02,Quiz,2026-04-27,2026-04-26,5.5,A tiempo
A00563,Victoria Flores,22,F,victoria.flores563@alumnos.tup.edu.ar,B2,Tarde,2026-02-24,Quiz_02,Quiz,2026-04-27,,,NO ENTREGO
A00192,Emma Sanchez,17,F,emma.sanchez192@alumnos.tup.edu.ar,C1,Noche,11/03/2026,TP_02,TP,2026-04-13,,,
A00121,Lucia Ramirez,24,F,lucia.ramirez121@alumnos.tup.edu.ar,A3,Mañana,2026-03-11,TP_04,TP,2026-06-08,,,
A00343,Lucia Ramirez,18,M,lucia.ramirez343@alumnos.tup.edu.ar,B2,Tarde,2026-03-03,TP_01,TP,16/03/2026,2026-03-12,6.4,A tiempo
A00588,Antonella Flores,22,F,antonella.flores588@alumnos.tup.edu.ar,C1,Noche,2026-02-14,TP_04,TP,2026-06-08,05/06/2026,9.0,A tiempo
A00189,Felipe Ruiz,23,M,,B1,Tarde,26/02/2026,TP_01,TP,2026-03-16,19/03/2026,5.8,Tarde
A00649,Martina Lopez,17,M,martina.lopez649@alumnos.tup.edu.ar,C2,Noche,2026-02-17,Quiz_03,Quiz,2026-05-25,2026-05-22,"6,1",A tiempo
A00312,Mia Garcia,29,M,mia.garcia312@alumnos.tup.edu.ar,B1,Tarde,2026-03-05,TP_02,TP,13/04/2026,2026-04-22,5.4,tarde
A00244,Agustin Sanchez,17,Masculino,agustin.sanchez244@alumnos.tup.edu.ar,A2,Mañana,23-02-2026,TP_01,TP,2026-03-16,2026-03-14,7.8,a tiempo
A00315,Martina Sanchez,19,femenino,martina.sanchez315@alumnos.tup.edu.ar, c2 ,Noche,2026-02-22,Quiz_01,Quiz,2026-03-30,,,No entrego
A00134,santino romero,24,F,santino.romero134@alumnos.tup.edu.ar,A1,Mañana,23-02-2026,Quiz_02,Quiz,2026-04-27,,,
A00466,Diego Silva,22,M,diego.silva466@alumnos.tup.edu.ar,C4,Noche,2026-02-26,TP_04,TP,08-06-2026,15/06/2026,7.4,tarde
A00334,Mateo Flores,17,Masculino,mateo.flores334@alumnos.tup.edu.ar,B2,Tarde,2026-02-24,Quiz_03,Quiz,2026-05-25,2026-05-27,4.2,tarde
A00447,felipe luna,21,F,felipe.luna447@alumnos.tup.edu.ar,C4,Noche,2026-03-04,TP_01,TP,2026-03-16,14-03-2026,4.3,A TIEMPO
A00231,Valentino Cabrera,18,M,valentino.cabrera231@alumnos.tup.edu.ar,B2,Tarde,2026-03-01,Quiz_03,Quiz,25/05/2026,25/05/2026,6.7,A TIEMPO
A00122,Santino Rojas,23,F,santino.rojas122@alumnos.tup.edu.ar,C3,Noche,2026-02-22,TP_01,TP,16-03-2026,2026-03-11,6.8,a tiempo
A00543,Pilar Suarez,25,femenino,pilar.suarez543@alumnos.tup.edu.ar,B2,Tarde,28/02/2026,Quiz_02,Quiz,2026-04-27,,,No entrego
A00309,Felipe Lopez,17,F,felipe.lopez309@alumnos.tup.edu.ar,A3,Mañana,2026-03-06,Quiz_03,Quiz,2026-05-25,2026-06-06,5.2,tarde
A00549,Mateo Rodriguez,20,M,mateo.rodriguez549@alumnos.tup.edu.ar,A3,Mañana,2026-02-19,Parcial_01,Parcial,2026-06-22,2026-06-20,7.0,a tiempo
A00373,Joaquin Rodriguez,24,M,joaquin.rodriguez373@alumnos.tup.edu.ar,B2,Tarde,2026-03-09,TP_02,TP,2026-04-13,23/04/2026,6.7,tarde
A00500,Valentina Cabrera,18,M,valentina.cabrera500@alumnos.tup.edu.ar,A2,Mañana,2026-02-14,TP_01,TP,2026-03-16,2026-03-15,6.8,a tiempo
A00051,Diego Castro,19,M,diego.castro51@alumnos.tup.edu.ar,A1,Mañana,2026-02-22,TP_01,TP,16/03/2026,2026-03-14,"8,3",A tiempo
A00682,Gabriel Ortiz,17,Masculino,gabriel.ortiz682@alumnos.tup.edu.ar,A3,Mañana,2026-03-04,TP_02,TP,13-04-2026,,,
A00254,  Agustin Martinez ,27,M,agustin.martinez254@alumnos.tup.edu.ar,A1,Mañana,2026-03-01,Quiz_02,Quiz,2026-04-27,,,no entregó
A00369,Florencia Fernandez,24,M,florencia.fernandez369@alumnos.tup.edu.ar,A1,Mañana,04/03/2026,TP_03,TP,2026-05-11,06/05/2026,7.7,A tiempo
A00524,Camila Castro,17,Masculino,,C2,Noche,2026-03-10,Quiz_01,Quiz,30/03/2026,2026-03-30,7.6,A tiempo
A00258,Bruno Sanchez,24,M,bruno.sanchez258@alumnos.tup.edu.ar,A1,Mañana,2026-02-15,TP_02,TP,13-04-2026,,,no entregó
A00250,MAXIMO TORRES,20,Masculino,maximo.torres250@alumnos.tup.edu.ar,A3,Mañana,2026-02-23,Parcial_01,Parcial,2026-06-22,2026-06-19,5.0,a tiempo
A00573,Lautaro Romero,22,Masculino,lautaro.romero573@alumnos.tup.edu.ar,C1,Noche,2026-03-11,Quiz_02,Quiz,27-04-2026,2026-04-23,8.3,A tiempo
A00467,Mateo Ortiz,19,F,mateo.ortiz467@alumnos.tup.edu.ar,A3,Mañana,2026-03-10,TP_04,TP,2026-06-08,2026-06-07,6.0,A TIEMPO
A00417,Santino Ramirez,28,F,santino.ramirez417@alumnos.tup.edu.ar,B2,Tarde,2026-03-07,TP_01,TP,2026-03-16,15-03-2026,"5,2",A TIEMPO
A00070,Agustin Lopez,24,M,agustin.lopez70@alumnos.tup.edu.ar,C3,Noche,2026-02-17,Quiz_03,Quiz,2026-05-25,,,No entrego
A00540,Renata Garcia,17,M,renata.garcia540@alumnos.tup.edu.ar,B2,Tarde,26/02/2026,Quiz_01,Quiz,30-03-2026,2026-03-30,9.6,A tiempo
A00481,Mateo Rodriguez,20,femenino,mateo.rodriguez481@alumnos.tup.edu.ar,A2,Mañana,2026-02-21,TP_03,TP,2026-05-11,2026-05-09,8.1,A tiempo
A00002,Mora Nuñez,24,F,mora.nuñez2@alumnos.tup.edu.ar,B2,Tarde,2026-02-25,Parcial_01,Parcial,22/06/2026,19/06/2026,5.1,a tiempo
A00700,Valentina Benitez,23,Femenino,valentina.benitez700@alumnos.tup.edu.ar,A1,Mañana,10/03/2026,Quiz_01,Quiz,30/03/2026,2026-04-04,7.1,tarde
A00148,Julieta Romero,27,F,julieta.romero148@alumnos.tup.edu.ar,B2,Tarde,2026-02-20,TP_03,TP,11-05-2026,11-05-2026,"7,1",a tiempo
A00426,Manuel Fernandez,24,F,manuel.fernandez426@alumnos.tup.edu.ar,C2,Noche,22-02-2026,TP_04,TP,2026-06-08,2026-06-07,7.7,A TIEMPO
A00682,Gabriel Ortiz,17,Masculino,gabriel.ortiz682@alumnos.tup.edu.ar,A3,Mañana,2026-03-04,Parcial_01,Parcial,2026-06-22,17/06/2026,6.1,A tiempo
A00065,Federico Medina,20,M,federico.medina65@alumnos.tup.edu.ar,A2,Mañana,2026-03-07,Quiz_02,Quiz,2026-04-27,2026-04-26,8.4,A tiempo
A00692,Valentino Rojas,27,Femenino,valentino.rojas692@alumnos.tup.edu.ar,C2,Noche,2026-02-26,Quiz_01,Quiz,30/03/2026,26/03/2026,6.4,A tiempo
A00024,Ignacio Fernandez,17,X,,B1,Tarde,11/03/2026,Parcial_01,Parcial,22/06/2026,19/06/2026,7.7,a tiempo
A00127,Mora Rodriguez,21,M,mora.rodriguez127@alumnos.tup.edu.ar,A1,Mañana,2026-02-25,Quiz_03,Quiz,2026-05-25,,,No entrego
A00188,  Pilar Flores ,29,F,pilar.flores188@alumnos.tup.edu.ar,C4,Noche,2026-03-05,Quiz_02,Quiz,2026-04-27,29/04/2026,6.2,tarde
A00356,Maximo Perez,23,M,maximo.perez356@alumnos.tup.edu.ar,B1,Tarde,21/02/2026,Quiz_03,Quiz,2026-05-25,2026-05-22,6.8,A TIEMPO
A00555,Felipe Vega,19,M,felipe.vega555@alumnos.tup.edu.ar,A2,Mañana,2026-02-16,TP_02,TP,13/04/2026,2026-04-09,9.2,A TIEMPO
A00457,Antonella Ruiz,20,X,antonella.ruiz457@alumnos.tup.edu.ar,B2,TARDE,2026-03-03,TP_02,TP,13-04-2026,,,No entrego
A00393,Delfina Silva,24,M,delfina.silva393@@alumnos.tup.edu.ar,B2,Tarde,2026-02-22,Quiz_03,Quiz,2026-05-25,04-06-2026,6.3,Tarde
A00208,Thiago Sosa,23,Masculino,thiago.sosa208@alumnos.tup.edu.ar,B2,Tarde,2026-03-02,TP_02,TP,2026-04-13,2026-04-25,4.2,Tarde
A00447,felipe luna,21,F,felipe.luna447@alumnos.tup.edu.ar,C4,Noche,2026-03-04,Parcial_01,Parcial,2026-06-22,2026-06-18,6.4,A tiempo
A00051,Diego Castro,19,M,diego.castro51@alumnos.tup.edu.ar,A1,Mañana,2026-02-22,Quiz_03,Quiz,2026-05-25,,,No entrego
A00427,Mora Nuñez,23,M,mora.nuñez427@alumnos.tup.edu.ar,B2,Tarde,2026-02-28,Quiz_01,Quiz,30/03/2026,11/04/2026,4.6,TARDE
A00140,Felipe Acosta,18,M,felipe.acosta140@alumnos.tup.edu.ar,A1,Mañana,11-03-2026,Quiz_02,Quiz,27-04-2026,2026-04-30,"6,7",Tarde
A00694,Federico Vega,20,M,federico.vega694@alumnos.tup.edu.ar,C3,Noche,2026-02-20,Quiz_02,Quiz,2026-04-27,,,no entregó
A00639,Antonella Luna,24,M,antonella.luna639@alumnos.tup.edu.ar,B2,TARDE,2026-02-19,Quiz_01,Quiz,30/03/2026,2026-04-06,5.4,tarde
A00022,Emma Garcia,27,Masculino,emma.garcia22@alumnos.tup.edu.ar,B1,Tarde,2026-02-28,Quiz_02,Quiz,27-04-2026,2026-04-26,5.0,A tiempo
A00367,Antonella Vega,26,Masculino,antonella.vega367@alumnos.tup.edu.ar,C2,NOCHE,2026-02-18,Quiz_01,Quiz,2026-03-30,28-03-2026,8.2,a tiempo
A00654,Isabella Herrera,29,Femenino,isabella.herrera654@alumnos.tup.edu.ar,B1,Tarde,2026-03-06,Quiz_03,Quiz,25/05/2026,,,No entrego
A00610,Manuel Sanchez,22,M,manuel.sanchez610@alumnos.tup.edu.ar,B1,Tarde,24-02-2026,Quiz_01,Quiz,2026-03-30,02/04/2026,6.6,TARDE
A00376,Joaquin Sanchez,21,M,joaquin.sanchez376@alumnos.tup.edu.ar,C2,Noche,20/02/2026,Quiz_02,Quiz,2026-04-27,2026-05-04,"5,5",Tarde
A00245,Paula Flores,27,Masculino,paula.flores245@alumnos.tup.edu.ar,A1,Mañana,2026-03-11,Quiz_01,Quiz,2026-03-30,2026-04-11,6.8,TARDE
A00541,Agustin Cabrera,17,Femenino,agustin.cabrera541@alumnos.tup.edu.ar,B1,Tarde,2026-02-25,TP_01,TP,16-03-2026,,,NO ENTREGO
A00490,  Emma Alvarez ,22,M,emma.alvarez490@alumnos.tup.edu.ar,B1,Tarde,14/02/2026,TP_03,TP,11-05-2026,2026-05-08,8.3,A TIEMPO
A00133,Thiago Cabrera,24,M,thiago.cabrera133@alumnos.tup.edu.ar,C4,Noche,16/02/2026,Quiz_02,Quiz,27/04/2026,,,NO ENTREGO
A00166,Camila Vega,18,M,camila.vega166@alumnos.tup.edu.ar,C1,Noche,2026-02-20,Parcial_01,Parcial,2026-06-22,,,NO ENTREGO
A00080,Lautaro Herrera,26,M,lautaro.herrera80@alumnos.tup.edu.ar,C2,Noche,19-02-2026,Quiz_03,Quiz,2026-05-25,,,No entrego
A00665,Bruno Ramirez,20,Masculino,bruno.ramirez665@alumnos.tup.edu.ar,B1,Tarde,2026-02-22,TP_02,TP,2026-04-13,2026-04-12,7.8,A tiempo
A00167,Olivia Romero,28,M,olivia.romero167@@alumnos.tup.edu.ar,A3,Mañana,2026-02-19,TP_02,TP,13/04/2026,2026-04-08,8.5,A tiempo
A00510,Federico Martinez,24,M,federico.martinez510@alumnos.tup.edu.ar,A2,Mañana,2026-03-06,Quiz_02,Quiz,2026-04-27,2026-05-07,2.5,tarde
A00198,Nicolas Benitez,17,F,nicolas.benitez198@alumnos.tup.edu.ar,C2,Noche,2026-02-16,TP_02,TP,2026-04-13,13-04-2026,6.1,A TIEMPO
A00334,Mateo Flores,17,Masculino,mateo.flores334@alumnos.tup.edu.ar,B2,Tarde,2026-02-24,Quiz_02,Quiz,2026-04-27,,,no entregó
A00102,Benjamin Benitez,25,F,benjamin.benitez102@alumnos.tup.edu.ar,C2,Noche,14/02/2026,TP_01,TP,16/03/2026,,,no entregó
A00378,Lautaro Ruiz,20,M,lautaro.ruiz378@alumnos.tup.edu.ar,A2,Mañana,25/02/2026,TP_02,TP,2026-04-13,2026-04-08,6.6,A tiempo
A00445,Paula Alvarez,22,Masculino,paula.alvarez445@alumnos.tup.edu.ar,B1,TARDE,06/03/2026,Quiz_02,Quiz,2026-04-27,23/04/2026,5.2,A tiempo
A00270,Felipe Rodriguez,23,F,felipe.rodriguez270@alumnos.tup.edu.ar,B1,Tarde,2026-03-02,Quiz_03,Quiz,2026-05-25,,,
A00329,Manuel Martinez,29,Masculino,manuel.martinez329@alumnos.tup.edu.ar,A1,Mañana,17-02-2026,TP_01,TP,2026-03-16,2026-03-12,7.3,A tiempo
A00479,Manuel Medina,27,Masculino,manuel.medina479@alumnos.tup.edu.ar,A2,Mañana,2026-03-07,Quiz_03,Quiz,2026-05-25,2026-06-02,5.0,tarde
A00532,Maximo Rojas,22,M,maximo.rojas532@alumnos.tup.edu.ar,B2,Tarde,2026-02-26,TP_03,TP,2026-05-11,2026-05-06,4.9,a tiempo
A00474,Lautaro Rodriguez,26,femenino,lautaro.rodriguez474@alumnos.tup.edu.ar,A2,Mañana,2026-03-02,TP_04,TP,2026-06-08,,,no entregó
A00324,mora lopez,18,M,mora.lopez324@alumnos.tup.edu.ar,B1,Tarde,2026-03-09,Quiz_01,Quiz,2026-03-30,2026-03-29,9.1,A TIEMPO
A00019,Mia Sosa,23,Masculino,mia.sosa19@alumnos.tup.edu.ar,C3,Noche,18/02/2026,TP_01,TP,16/03/2026,2026-03-11,4.6,a tiempo
A00593,gabriel fernandez,21,Masculino,gabriel.fernandez593@alumnos.tup.edu.ar,B2,Tarde,2026-02-20,Quiz_02,Quiz,27/04/2026,,,No entrego
A00542,Manuel Molina,23,F,manuel.molina542@alumnos.tup.edu.ar,B1,Tarde,2026-03-06,TP_04,TP,08/06/2026,2026-06-11,5.8,Tarde
A00637,Antonella Lopez,21,Femenino,antonella.lopez637@alumnos.tup.edu.ar,A2,Mañana,2026-03-06,TP_02,TP,13-04-2026,2026-04-14,"9,4",Tarde
A00615,Agustin Nuñez,17,F,agustin.nuñez615@alumnos.tup.edu.ar,C1,Noche,2026-02-17,TP_04,TP,08/06/2026,2026-06-13,5.5,Tarde
A00171,Manuel Rojas,18,F,manuel.rojas171@alumnos.tup.edu.ar,C2,Noche,2026-02-25,Quiz_02,Quiz,2026-04-27,,,
A00555,Felipe Vega,19,M,felipe.vega555@alumnos.tup.edu.ar,A2,Mañana,16/02/2026,Quiz_03,Quiz,2026-05-25,2026-05-23,6.8,A tiempo
A00215,Mateo Castro,17,F,mateo.castro215@alumnos.tup.edu.ar,C2,Noche,2026-03-03,TP_04,TP,08-06-2026,2026-06-03,"5,8",A tiempo
A00553,Felipe Romero,28,Masculino,felipe.romero553@alumnos.tup.edu.ar,B1,Tarde,14-02-2026,TP_02,TP,13/04/2026,2026-04-23,4.9,tarde
A00590,Guadalupe Luna,20,M,guadalupe.luna590@alumnos.tup.edu.ar,C4,Noche,16/02/2026,TP_03,TP,2026-05-11,2026-05-08,6.0,A TIEMPO
A00366,Isabella Torres,23,F,isabella.torres366@alumnos.tup.edu.ar,C4,NOCHE,2026-02-20,Quiz_03,Quiz,25/05/2026,,,No entrego
A00679,Thiago Luna,20,M,thiago.luna679@alumnos.tup.edu.ar,B1,Tarde,2026-03-10,TP_03,TP,2026-05-11,2026-05-10,7.8,A TIEMPO
A00637,Antonella Lopez,21,Femenino,antonella.lopez637@alumnos.tup.edu.ar,A2,Mañana,06/03/2026,TP_03,TP,11-05-2026,2026-05-06,"8,0",a tiempo
A00010,Antonella Ruiz,22,M,antonella.ruiz10@alumnos.tup.edu.ar,C2,Noche,2026-02-21,TP_01,TP,16/03/2026,11-03-2026,6.1,a tiempo
A00348,Sofia Herrera,17,X,sofia.herrera348@alumnos.tup.edu.ar,B1,Tarde,2026-02-26,TP_02,TP,2026-04-13,2026-04-15,4.0,TARDE
A00233,Lucia Luna,19,F,lucia.luna233@alumnos.tup.edu.ar,C4,Noche,2026-03-11,Quiz_01,Quiz,30/03/2026,2026-03-26,6.6,A tiempo
A00632,Thiago Rodriguez,25,M,thiago.rodriguez632@alumnos.tup.edu.ar,C1,Noche,2026-03-08,Quiz_01,Quiz,2026-03-30,25/03/2026,6.9,A TIEMPO
A00011,lucia medina,23,M,lucia.medina11@alumnos.tup.edu.ar,C1,Noche,2026-03-04,Quiz_02,Quiz,2026-04-27,2026-04-29,3.3,Tarde
A00038,Federico Ramirez,17,M,federico.ramirez38@alumnos.tup.edu.ar,A1,Mañana,2026-03-01,Parcial_01,Parcial,2026-06-22,,,no entregó
A00335,Martina Medina,36,Masculino,martina.medina335@alumnos.tup.edu.ar,B1,Tarde,2026-03-05,Quiz_02,Quiz,27/04/2026,25/04/2026,7.9,a tiempo
A00603,Mora Lopez,27,Femenino,mora.lopez603@alumnos.tup.edu.ar, c3 ,Noche,2026-03-09,Parcial_01,Parcial,22/06/2026,2026-06-18,8.3,A tiempo
A00342,Valentina Fernandez,17,M,valentina.fernandez342@alumnos.tup.edu.ar,B2,Tarde,08/03/2026,Quiz_03,Quiz,2026-05-25,,,no entregó
A00348,Sofia Herrera,17,X,sofia.herrera348@alumnos.tup.edu.ar,B1,Tarde,26/02/2026,Quiz_03,Quiz,25-05-2026,,,No entrego
A00603,Mora Lopez,27,Femenino,mora.lopez603@alumnos.tup.edu.ar, c3 ,Noche,2026-03-09,Quiz_02,Quiz,2026-04-27,2026-04-23,9.4,A TIEMPO
A00403,Bautista Luna,23,Femenino,bautista.luna403@alumnos.tup.edu.ar,A2,Mañana,15/02/2026,TP_04,TP,08/06/2026,2026-06-04,9.1,A TIEMPO
A00286,Felipe Suarez,19,M,felipe.suarez286@alumnos.tup.edu.ar,A3,Mañana,2026-03-03,TP_04,TP,2026-06-08,2026-06-04,7.4,a tiempo
A00448,VICTORIA CASTRO,17,Masculino,victoria.castro448@alumnos.tup.edu.ar,C3,Noche,2026-03-06,TP_03,TP,2026-05-11,2026-05-07,7.5,A TIEMPO
A00424,Olivia Aguirre,22,Femenino,olivia.aguirre424@alumnos.tup.edu.ar,C4,Noche,2026-02-24,TP_01,TP,2026-03-16,2026-03-19,3.9,Tarde
A00669,Bautista Torres,22,M,bautista.torres669@alumnos.tup.edu.ar,C4,Noche,14/02/2026,TP_02,TP,2026-04-13,2026-04-12,"9,4",A tiempo
A00294,Ignacio Suarez,23,F,ignacio.suarez294@alumnos.tup.edu.ar,C2,Noche,2026-02-26,TP_04,TP,08/06/2026,17/06/2026,"5,2",Tarde
A00426,Manuel Fernandez,24,F,manuel.fernandez426@alumnos.tup.edu.ar,C2,Noche,2026-02-22,Parcial_01,Parcial,2026-06-22,2026-06-27,5.6,TARDE
A00048,  Martina Medina ,17,femenino,martina.medina48@alumnos.tup.edu.ar,A2,Mañana,2026-02-16,Quiz_02,Quiz,2026-04-27,2026-04-25,7.5,A tiempo
A00386,Felipe Vega,19,M,felipe.vega386@alumnos.tup.edu.ar,B1,Tarde,2026-02-15,Quiz_01,Quiz,2026-03-30,,,NO ENTREGO
A00394,Valentino Suarez,18,femenino,valentino.suarez394@alumnos.tup.edu.ar, c2 ,Noche,01/03/2026,Quiz_01,Quiz,2026-03-30,26/03/2026,"6,1",A tiempo
A00578,ANTONELLA ORTIZ,5,F,antonella.ortiz578@alumnos.tup.edu.ar,A2,Mañana,2026-03-06,Parcial_01,Parcial,2026-06-22,,,no entregó
A00095,Bruno Diaz,29,F,bruno.diaz95@alumnos.tup.edu.ar,B2,Tarde,2026-02-15,TP_01,TP,16/03/2026,2026-03-19,6.8,tarde
A00003,Mateo Benitez,25,F,mateo.benitez3@alumnos.tup.edu.ar,B2,Tarde,2026-02-22,TP_03,TP,2026-05-11,16-05-2026,5.5,TARDE
A00499,Bruno Vega,21,M,bruno.vega499@alumnos.tup.edu.ar,B1,Tarde,28/02/2026,TP_04,TP,2026-06-08,2026-06-04,6.9,a tiempo
A00169,Florencia Ortiz,24,F,florencia.ortiz169@alumnos.tup.edu.ar, c1 ,Noche,2026-02-27,TP_01,TP,2026-03-16,2026-03-22,6.3,tarde
A00331,Felipe Rojas,17,Femenino,felipe.rojas331@alumnos.tup.edu.ar,C3,Noche,23/02/2026,Quiz_01,Quiz,2026-03-30,,,
A00115,Olivia Acosta,17,M,olivia.acosta115@alumnos.tup.edu.ar,C1,Noche,2026-03-03,Quiz_02,Quiz,2026-04-27,2026-04-26,8.2,A tiempo
A00434,Mia Cabrera,17,F,mia.cabrera434@alumnos.tup.edu.ar,A1,Mañana,2026-03-01,TP_01,TP,2026-03-16,2026-03-16,7.6,a tiempo
A00504,Tomas Ruiz,22,M,tomas.ruiz504@alumnos.tup.edu.ar,A1,Mañana,23/02/2026,Quiz_01,Quiz,30-03-2026,30-03-2026,7.2,A TIEMPO
A00161,Manuel Nuñez,21,F,manuel.nuñez161@alumnos.tup.edu.ar,C3,Noche,25-02-2026,Quiz_01,Quiz,2026-03-30,,,no entregó
A00445,Paula Alvarez,22,Masculino,paula.alvarez445@alumnos.tup.edu.ar,B1,TARDE,2026-03-06,TP_02,TP,2026-04-13,13/04/2026,8.6,a tiempo
A00085,Lucia Medina,27,F,lucia.medina85@alumnos.tup.edu.ar,C4,Noche,2026-03-09,Quiz_02,Quiz,27/04/2026,,,no entregó
A00407,Mia Fernandez,28,M,mia.fernandez407@alumnos.tup.edu.ar,A1,Mañana,05/03/2026,TP_01,TP,2026-03-16,2026-03-27,"3,5",tarde
A00115,Olivia Acosta,17,M,olivia.acosta115@alumnos.tup.edu.ar,C1,Noche,03-03-2026,TP_03,TP,11-05-2026,2026-05-08,8.3,A TIEMPO
A00484,Maximo Sosa,20,M,maximo.sosa484@alumnos.tup.edu.ar,A3,Mañana,2026-03-11,Quiz_01,Quiz,30-03-2026,2026-03-25,5.0,a tiempo
A00033,Florencia Medina,23,M,florencia.medina33@alumnos.tup.edu.ar,B1,Tarde,2026-02-22,Quiz_03,Quiz,2026-05-25,,,NO ENTREGO
A00566,Paula Gonzalez,19,M,paula.gonzalez566@alumnos.tup.edu.ar,C2,Noche,25/02/2026,Quiz_03,Quiz,2026-05-25,2026-05-27,"5,9",tarde
A00462,Gabriel Gonzalez,26,M,gabriel.gonzalez462@alumnos.tup.edu.ar,B1,Tarde,01/03/2026,TP_03,TP,2026-05-11,2026-05-10,3.7,A TIEMPO
A00377,Delfina Garcia,19,F,delfina.garcia377@alumnos.tup.edu.ar,B2,Tarde,2026-03-01,Quiz_01,Quiz,2026-03-30,25/03/2026,"5,3",a tiempo
A00409,Pilar Torres,23,M,pilar.torres409@alumnos.tup.edu.ar,A1,Mañana,2026-03-10,Parcial_01,Parcial,2026-06-22,2026-06-22,"7,2",A TIEMPO
A00263,Joaquin Luna,21,M,joaquin.luna263@alumnos.tup.edu.ar,A3,Mañana,2026-02-17,Quiz_02,Quiz,2026-04-27,2026-04-27,"8,9",A tiempo
A00387,Manuel Ramirez,17,F,manuel.ramirez387@alumnos.tup.edu.ar,A3,Mañana,2026-03-01,Quiz_02,Quiz,2026-04-27,2026-04-25,7.0,A TIEMPO
A00121,Lucia Ramirez,24,F,lucia.ramirez121@alumnos.tup.edu.ar,A3,Mañana,11/03/2026,TP_03,TP,2026-05-11,2026-05-09,6.6,a tiempo
A00303,Bautista Nuñez,19,F,bautista.nuñez303@alumnos.tup.edu.ar,A3,Mañana,27/02/2026,TP_02,TP,2026-04-13,,,No entrego
A00556,Sofia Ortiz,30,M,sofia.ortiz556@alumnos.tup.edu.ar,A2,Mañana,2026-03-03,Quiz_01,Quiz,2026-03-30,2026-03-28,4.9,A tiempo
A00437,Mia Gonzalez,29,F,mia.gonzalez437@alumnos.tup.edu.ar,C3,NOCHE,2026-03-11,Quiz_02,Quiz,2026-04-27,22/04/2026,3.8,A TIEMPO
A00610,Manuel Sanchez,22,M,manuel.sanchez610@alumnos.tup.edu.ar,B1,Tarde,2026-02-24,Quiz_02,Quiz,27/04/2026,24-04-2026,6.7,A tiempo
A00253,Santino Flores,24,M,santino.flores253@alumnos.tup.edu.ar,A1,Mañana,2026-03-04,Parcial_01,Parcial,22-06-2026,,,no entregó
A00152,Maximo Flores,25,Masculino,maximo.flores152@alumnos.tup.edu.ar,C4,Noche,16/02/2026,Quiz_03,Quiz,25/05/2026,2026-05-29,"7,0",Tarde
A00024,Ignacio Fernandez,17,X,,B1,Tarde,2026-03-11,TP_04,TP,2026-06-08,,,No entrego
A00510,Federico Martinez,24,M,federico.martinez510@alumnos.tup.edu.ar,A2,Mañana,2026-03-06,Parcial_01,Parcial,22-06-2026,,,
A00263,Joaquin Luna,21,M,joaquin.luna263@alumnos.tup.edu.ar,A3,Mañana,2026-02-17,Quiz_01,Quiz,2026-03-30,2026-03-30,7.9,A tiempo
A00039,Emma Perez,23,M,emma.perez39@alumnos.tup.edu.ar,C3,Noche,2026-03-08,TP_03,TP,2026-05-11,2026-05-09,6.3,a tiempo
A00425,Bautista Castro,28,Femenino,bautista.castro425@alumnos.tup.edu.ar,C3,NOCHE,2026-03-06,TP_03,TP,2026-05-11,2026-05-08,8.2,a tiempo
A00538,Felipe Flores,20,F,felipe.flores538@alumnos.tup.edu.ar,C1,Noche,2026-03-01,Quiz_02,Quiz,2026-04-27,2026-05-04,4.7,Tarde
A00454,Bautista Suarez,110,F,bautista.suarez454@alumnos.tup.edu.ar,A2,Mañana,2026-02-25,Quiz_01,Quiz,2026-03-30,2026-03-25,"6,7",A TIEMPO
A00171,Manuel Rojas,18,F,manuel.rojas171@alumnos.tup.edu.ar,C2,Noche,25/02/2026,TP_02,TP,2026-04-13,,,no entregó
A00212,Diego Sanchez,27,F,diego.sanchez212@alumnos.tup.edu.ar,C3,Noche,05-03-2026,TP_03,TP,2026-05-11,,,
A00490,  Emma Alvarez ,22,M,emma.alvarez490@alumnos.tup.edu.ar,B1,Tarde,2026-02-14,Quiz_02,Quiz,2026-04-27,23-04-2026,8.1,A TIEMPO
A00477,Nicolas Alvarez,18,F,nicolas.alvarez477@alumnos.tup.edu.ar,A1,Mañana,16-02-2026,Quiz_01,Quiz,2026-03-30,2026-03-28,6.9,A tiempo
A00221,Antonella Acosta,32,F,antonella.acosta221@alumnos.tup.edu.ar,B2,Tarde,2026-03-09,TP_04,TP,2026-06-08,17/06/2026,8.1,Tarde
A00455,Gabriel Suarez,31,M,gabriel.suarez455@alumnos.tup.edu.ar,B1,Tarde,2026-02-28,Quiz_01,Quiz,2026-03-30,2026-03-30,7.8,A tiempo
A00673,  Maximo Diaz ,21,Masculino,maximo.diaz673@alumnos.tup.edu.ar,C2,Noche,2026-03-05,TP_02,TP,2026-04-13,2026-04-10,4.7,A TIEMPO
A00403,Bautista Luna,23,Femenino,bautista.luna403@alumnos.tup.edu.ar,A2,Mañana,2026-02-15,TP_02,TP,2026-04-13,2026-04-12,7.3,a tiempo
A00525,Nicolas Castro,19,Masculino,nicolas.castro525@alumnos.tup.edu.ar,A2,Mañana,10-03-2026,Parcial_01,Parcial,2026-06-22,,,No entrego
A00594,Mia Vega,24,M,mia.vega594@alumnos.tup.edu.ar,C3,Noche,08/03/2026,TP_03,TP,11-05-2026,2026-05-16,5.3,TARDE
A00451,VICTORIA SANCHEZ,27,F,victoria.sanchez451@alumnos.tup.edu.ar,A2,Mañana,2026-03-05,Parcial_01,Parcial,2026-06-22,2026-06-20,"5,4",a tiempo
A00620,Benjamin Molina,20,M,benjamin.molina620@alumnos.tup.edu.ar,A2,Mañana,2026-02-16,TP_03,TP,2026-05-11,,,no entregó
A00623,Florencia Herrera,18,F,florencia.herrera623@alumnos.tup.edu.ar,A1,Mañana,2026-03-01,Quiz_03,Quiz,2026-05-25,25-05-2026,6.1,A tiempo
A00209,Sofia Nuñez,25,F,sofia.nuñez209@alumnos.tup.edu.ar,A3,MAÑANA,2026-03-08,Parcial_01,Parcial,2026-06-22,2026-06-19,7.1,A tiempo
A00064,Benjamin Aguirre,21,Masculino,benjamin.aguirre64@alumnos.tup.edu.ar,A1,Mañana,07/03/2026,TP_01,TP,2026-03-16,2026-03-28,5.1,tarde
A00220,Antonella Garcia,22,F,antonella.garcia220@alumnos.tup.edu.ar,C3,Noche,2026-02-23,TP_03,TP,11/05/2026,,,No entrego
A00629,Mia Fernandez,21,Masculino,mia.fernandez629@alumnos.tup.edu.ar,B1,Tarde,2026-02-17,Quiz_02,Quiz,27/04/2026,23-04-2026,7.7,a tiempo
A00104,Delfina Alvarez,17,Masculino,delfina.alvarez104@alumnos.tup.edu.ar,C2,Noche,2026-02-23,Parcial_01,Parcial,2026-06-22,2026-06-22,5.9,a tiempo
A00303,Bautista Nuñez,19,F,bautista.nuñez303@alumnos.tup.edu.ar,A3,Mañana,2026-02-27,Quiz_02,Quiz,2026-04-27,,,NO ENTREGO
A00230,Paula Ruiz,17,M,,C4,Noche,2026-02-19,TP_01,TP,2026-03-16,2026-03-15,6.0,A TIEMPO
A00175,Gabriel Castro,33,F,gabriel.castro175@alumnos.tup.edu.ar,A2,Mañana,2026-03-06,TP_04,TP,08-06-2026,,,No entrego
A00220,Antonella Garcia,22,F,antonella.garcia220@alumnos.tup.edu.ar,C3,Noche,2026-02-23,Quiz_01,Quiz,2026-03-30,2026-03-25,"6,7",a tiempo
A00662,DIEGO MOLINA,31,X,diego.molina662@alumnos.tup.edu.ar,B1,Tarde,17-02-2026,Quiz_01,Quiz,30/03/2026,,,
A00015,Guadalupe Lopez,17,F,guadalupe.lopez15@alumnos.tup.edu.ar,C1,Noche,2026-02-19,Parcial_01,Parcial,2026-06-22,2026-06-20,8.6,a tiempo
A00019,Mia Sosa,23,Masculino,mia.sosa19@alumnos.tup.edu.ar,C3,Noche,18-02-2026,TP_02,TP,13/04/2026,23/04/2026,"4,1",TARDE
A00085,Lucia Medina,27,F,lucia.medina85@alumnos.tup.edu.ar,C4,Noche,2026-03-09,Quiz_01,Quiz,2026-03-30,,,no entregó
A00686,Lucas Luna,20,F,lucas.luna686@alumnos.tup.edu.ar,C4,Noche,2026-02-17,Quiz_01,Quiz,2026-03-30,2026-04-04,"6,0",Tarde
A00097,Maximo Diaz,27,M,maximo.diaz97@alumnos.tup.edu.ar,C3,Noche,2026-03-07,TP_04,TP,2026-06-08,2026-06-08,"8,8",A TIEMPO
A00279,Ignacio Romero,17,F,ignacio.romero279@alumnos.tup.edu.ar,B2,Tarde,21/02/2026,TP_02,TP,2026-04-13,2026-04-21,1.7,tarde
A00340,Olivia Alvarez,17,M,olivia.alvarez340@alumnos.tup.edu.ar,B1,Tarde,2026-03-07,TP_04,TP,2026-06-08,2026-06-17,6.6,TARDE
A00326,Sofia Sosa,17,M,sofia.sosa326@alumnos.tup.edu.ar,C2,Noche,01/03/2026,Quiz_01,Quiz,2026-03-30,2026-03-29,5.7,a tiempo
A00315,Martina Sanchez,19,femenino,martina.sanchez315@alumnos.tup.edu.ar, c2 ,Noche,2026-02-22,TP_02,TP,2026-04-13,,,
A00472,Mora Sanchez,27,Femenino,mora.sanchez472@alumnos.tup.edu.ar,C4,Noche,2026-02-19,TP_02,TP,13/04/2026,,,NO ENTREGO
A00613,Federico Ortiz,17,F,federico.ortiz613@alumnos.tup.edu.ar,C1,Noche,2026-02-17,TP_01,TP,2026-03-16,16/03/2026,9.3,A TIEMPO
A00655,Emma Fernandez,20,M,emma.fernandez655@alumnos.tup.edu.ar,C2,Noche,2026-02-16,TP_04,TP,2026-06-08,,,
A00051,Diego Castro,19,M,diego.castro51@alumnos.tup.edu.ar,A1,Mañana,2026-02-22,Quiz_01,Quiz,2026-03-30,2026-03-29,"5,4",a tiempo
A00322,Federico Suarez,25,M,federico.suarez322@alumnos.tup.edu.ar,B2,Tarde,2026-03-03,Parcial_01,Parcial,2026-06-22,2026-06-21,5.8,a tiempo
A00463,Maximo Ortiz,19,F,maximo.ortiz463@alumnos.tup.edu.ar,A2,Mañana,03-03-2026,Quiz_01,Quiz,2026-03-30,2026-04-09,"6,5",TARDE
A00284,Florencia Herrera,20,Femenino,florencia.herrera284@alumnos.tup.edu.ar,C4,Noche,2026-03-08,TP_02,TP,13-04-2026,2026-04-09,3.5,A TIEMPO
A00003,Mateo Benitez,25,F,mateo.benitez3@alumnos.tup.edu.ar,B2,Tarde,2026-02-22,TP_04,TP,2026-06-08,03/06/2026,"6,1",A tiempo
A00339,Renata Medina,23,F,renata.medina339@alumnos.tup.edu.ar,A1,Mañana,2026-03-03,Quiz_01,Quiz,2026-03-30,2026-03-26,"7,4",A tiempo
A00423,Sofia Romero,21,Masculino,sofia.romero423@alumnos.tup.edu.ar,B1,Tarde,2026-03-10,TP_01,TP,2026-03-16,16/03/2026,"8,0",a tiempo
A00396,Felipe Suarez,31,F,felipe.suarez396@alumnos.tup.edu.ar,A1,Mañana,2026-02-22,Quiz_03,Quiz,2026-05-25,,,No entrego
A00097,Maximo Diaz,27,M,maximo.diaz97@alumnos.tup.edu.ar,C3,Noche,07/03/2026,Quiz_03,Quiz,2026-05-25,2026-06-03,6.3,TARDE
A00501,Bruno Sanchez,24,Masculino,bruno.sanchez501@alumnos.tup.edu.ar,C3,NOCHE,2026-03-05,Quiz_02,Quiz,2026-04-27,02/05/2026,"2,6",tarde
A00318,Manuel Diaz,24,F,manuel.diaz318@alumnos.tup.edu.ar,A2,Mañana,23-02-2026,Parcial_01,Parcial,2026-06-22,,,no entregó
A00111,Maximo Romero,17,F,maximo.romero111@alumnos.tup.edu.ar,A1,Mañana,2026-02-15,Parcial_01,Parcial,2026-06-22,30/06/2026,8.6,TARDE
A00175,Gabriel Castro,33,F,gabriel.castro175@alumnos.tup.edu.ar,A2,Mañana,2026-03-06,TP_01,TP,16/03/2026,2026-03-21,"4,8",Tarde
A00352,Julieta Acosta,22,M,julieta.acosta352@alumnos.tup.edu.ar,B1,Tarde,14/02/2026,TP_03,TP,2026-05-11,06-05-2026,"5,3",A tiempo
A00154,Maximo Torres,19,Masculino,maximo.torres154@alumnos.tup.edu.ar,A2,Mañana,2026-03-09,TP_03,TP,2026-05-11,2026-05-07,8.7,a tiempo
A00303,Bautista Nuñez,19,F,bautista.nuñez303@alumnos.tup.edu.ar,A3,Mañana,2026-02-27,Parcial_01,Parcial,22-06-2026,,,no entregó
A00487,Renata Herrera,17,F,renata.herrera487@alumnos.tup.edu.ar,C3,Noche,2026-02-15,TP_02,TP,2026-04-13,2026-04-12,7.5,A TIEMPO
A00319,julieta silva,19,F,julieta.silva319@alumnos.tup.edu.ar,C3,Noche,2026-03-05,Quiz_02,Quiz,2026-04-27,,,NO ENTREGO
A00560,lucas ramirez,19,F,lucas.ramirez560@alumnos.tup.edu.ar,C2,NOCHE,2026-02-27,TP_04,TP,2026-06-08,2026-06-08,7.8,A tiempo
A00345,Lucia Castro,20,F,lucia.castro345@alumnos.tup.edu.ar,C4,Noche,2026-03-07,TP_03,TP,2026-05-11,,,no entregó
A00001,Catalina Ortiz,25,M,catalina.ortiz1@alumnos.tup.edu.ar,C1,NOCHE,2026-02-27,Quiz_01,Quiz,2026-03-30,29/03/2026,7.4,A TIEMPO
A00157,Pilar Garcia,23,F,pilar.garcia157@alumnos.tup.edu.ar,A3,Mañana,2026-03-06,TP_04,TP,08-06-2026,03/06/2026,8.9,A TIEMPO
A00422,Agustin Ruiz,25,M,agustin.ruiz422@alumnos.tup.edu.ar,A2,Mañana,2026-03-09,TP_03,TP,2026-05-11,,,no entregó
A00488,Santino Suarez,21,F,santino.suarez488@alumnos.tup.edu.ar,C4,Noche,2026-03-05,Quiz_02,Quiz,2026-04-27,2026-04-26,8.2,A TIEMPO
A00482,Lucia Gonzalez,21,F,lucia.gonzalez482@alumnos.tup.edu.ar,A3,Mañana,15/02/2026,Quiz_02,Quiz,2026-04-27,,,
A00206,Bautista Medina,17,M,bautista.medina206@alumnos.tup.edu.ar,B2,Tarde,2026-03-05,TP_03,TP,2026-05-11,2026-05-07,6.3,a tiempo
A00591,Lucia Sanchez,17,F,lucia.sanchez591@alumnos.tup.edu.ar,C1,Noche,04/03/2026,TP_01,TP,2026-03-16,,,
A00222,lautaro fernandez,18,F,lautaro.fernandez222@alumnos.tup.edu.ar,C3,Noche,2026-02-15,Quiz_02,Quiz,2026-04-27,2026-04-25,4.7,A TIEMPO
A00250,MAXIMO TORRES,20,Masculino,maximo.torres250@alumnos.tup.edu.ar,A3,Mañana,23/02/2026,TP_02,TP,2026-04-13,,,No entrego
A00529,Bautista Rodriguez,17,F,bautista.rodriguez529@alumnos.tup.edu.ar,A1,Mañana,05/03/2026,Quiz_01,Quiz,2026-03-30,,,no entregó
A00105,Agustin Alvarez,20,F,agustin.alvarez105@alumnos.tup.edu.ar,A2,Mañana,04/03/2026,TP_01,TP,2026-03-16,2026-03-12,7.7,A tiempo
A00561,Victoria Lopez,18,M,victoria.lopez561@alumnos.tup.edu.ar,B2,Tarde,2026-03-09,TP_04,TP,08/06/2026,,,no entregó
A00530,Camila Diaz,26,F,camila.diaz530@alumnos.tup.edu.ar,B1,Tarde,2026-02-18,TP_03,TP,2026-05-11,2026-05-07,7.6,A TIEMPO
A00267,Agustin Alvarez,27,M,agustin.alvarez267@alumnos.tup.edu.ar,B2,Tarde,03-03-2026,Quiz_03,Quiz,2026-05-25,,,no entregó
A00602,Renata Perez,23,M,renata.perez602@alumnos.tup.edu.ar,C2,Noche,2026-03-05,TP_01,TP,2026-03-16,17-03-2026,4.1,TARDE
A00307,Renata Ortiz,24,Femenino,renata.ortiz307@alumnos.tup.edu.ar,B2,Tarde,2026-03-06,Quiz_03,Quiz,25-05-2026,,,no entregó
A00414,BENJAMIN PEREZ,22,X,benjamin.perez414@alumnos.tup.edu.ar,C4,Noche,22-02-2026,Quiz_02,Quiz,2026-04-27,22/04/2026,10.0,a tiempo
A00452,Guadalupe Flores,29,M,guadalupe.flores452@alumnos.tup.edu.ar,A3,Mañana,2026-02-28,TP_01,TP,16/03/2026,17/03/2026,2.6,TARDE
A00182,Lucia Silva,19,F,lucia.silva182@alumnos.tup.edu.ar,A1,Mañana,2026-02-16,Parcial_01,Parcial,2026-06-22,22/06/2026,7.7,A TIEMPO
A00435,Bruno Flores,19,Masculino,bruno.flores435@alumnos.tup.edu.ar,A1,Mañana,2026-02-20,TP_02,TP,2026-04-13,2026-04-13,"4,1",a tiempo
A00214,Mia Silva,27,M,mia.silva214@alumnos.tup.edu.ar,C4,Noche,2026-02-27,TP_01,TP,2026-03-16,2026-03-13,"7,0",A tiempo
A00162,Mateo Benitez,17,F,mateo.benitez162@alumnos.tup.edu.ar,C2,Noche,17/02/2026,Parcial_01,Parcial,2026-06-22,,,
A00587,Pilar Rodriguez,23,Femenino,pilar.rodriguez587@alumnos.tup.edu.ar, c2 ,Noche,09/03/2026,TP_02,TP,2026-04-13,2026-04-12,9.0,A tiempo
A00193,VICTORIA SOSA,17,Femenino,victoria.sosa193@alumnos.tup.edu.ar,A1,MAÑANA,11-03-2026,Quiz_02,Quiz,2026-04-27,,,NO ENTREGO
A00057,Martina Diaz,22,Masculino,martina.diaz57@alumnos.tup.edu.ar,A1,Mañana,2026-03-04,Parcial_01,Parcial,2026-06-22,2026-06-20,9.4,A tiempo
A00239,gabriel sosa,25,femenino,gabriel.sosa239@alumnos.tup.edu.ar,A1,Mañana,15/02/2026,TP_02,TP,2026-04-13,2026-04-09,"6,4",a tiempo
A00386,Felipe Vega,19,M,felipe.vega386@alumnos.tup.edu.ar,B1,Tarde,15-02-2026,Parcial_01,Parcial,2026-06-22,,,NO ENTREGO
A00567,BRUNO SANCHEZ,23,F,bruno.sanchez567@alumnos.tup.edu.ar,A1,Mañana,2026-02-25,TP_03,TP,11/05/2026,09/05/2026,7.6,A tiempo
A00586,Felipe Lopez,22,F,felipe.lopez586@alumnos.tup.edu.ar,B1,Tarde,2026-03-09,TP_04,TP,08/06/2026,04/06/2026,8.0,A tiempo
A00263,Joaquin Luna,21,M,joaquin.luna263@alumnos.tup.edu.ar,A3,Mañana,2026-02-17,TP_03,TP,2026-05-11,2026-05-11,8.6,A TIEMPO
A00642,Pilar Vega,26,Femenino,pilar.vega642@alumnos.tup.edu.ar,C3,Noche,22/02/2026,Quiz_02,Quiz,2026-04-27,2026-05-05,8.2,TARDE
A00062,Valentino Ortiz,30,M,valentino.ortiz62@alumnos.tup.edu.ar,A1,Mañana,2026-03-03,TP_04,TP,2026-06-08,2026-06-05,7.0,A TIEMPO
A00255,Bruno Flores,21,Masculino,bruno.flores255@alumnos.tup.edu.ar,B1,Tarde,2026-03-04,TP_04,TP,2026-06-08,,,
A00683,Delfina Diaz,17,Masculino,delfina.diaz683@alumnos.tup.edu.ar,A1,Mañana,2026-02-24,Quiz_03,Quiz,2026-05-25,2026-05-20,7.4,A tiempo
A00118,Federico Aguirre,25,M,federico.aguirre118@alumnos.tup.edu.ar,C2,Noche,2026-03-08,TP_04,TP,08-06-2026,2026-06-04,7.7,A tiempo
A00158,Nicolas Torres,26,M,nicolas.torres158@alumnos.tup.edu.ar,C2,Noche,17/02/2026,Quiz_03,Quiz,2026-05-25,23/05/2026,"7,5",a tiempo
A00556,Sofia Ortiz,30,M,sofia.ortiz556@alumnos.tup.edu.ar,A2,Mañana,2026-03-03,TP_04,TP,2026-06-08,,,NO ENTREGO
A00503,Diego Garcia,23,F,diego.garcia503@alumnos.tup.edu.ar,B1,Tarde,2026-02-19,TP_03,TP,2026-05-11,,,No entrego
A00368,Sofia Luna,27,Femenino,sofia.luna368@alumnos.tup.edu.ar,C1,Noche,2026-02-27,TP_01,TP,2026-03-16,2026-03-15,7.1,A tiempo
A00243,Ignacio Martinez,17,Masculino,ignacio.martinez243@alumnos.tup.edu.ar, c2 ,Noche,2026-03-03,Quiz_02,Quiz,2026-04-27,2026-04-24,7.8,A TIEMPO
A00255,Bruno Flores,21,Masculino,bruno.flores255@alumnos.tup.edu.ar,B1,Tarde,2026-03-04,TP_02,TP,13-04-2026,09-04-2026,6.4,a tiempo
A00617,Valentina Castro,23,Masculino,valentina.castro617@alumnos.tup.edu.ar,B2,Tarde,2026-03-04,Quiz_03,Quiz,2026-05-25,,,NO ENTREGO
A00265,PILAR RUIZ,23,Femenino,pilar.ruiz265@alumnos.tup.edu.ar,C4,Noche,2026-02-17,Quiz_02,Quiz,2026-04-27,2026-05-02,"6,7",tarde
A00500,Valentina Cabrera,18,M,valentina.cabrera500@alumnos.tup.edu.ar,A2,Mañana,2026-02-14,Quiz_01,Quiz,2026-03-30,30-03-2026,7.4,A tiempo
A00426,Manuel Fernandez,24,F,manuel.fernandez426@alumnos.tup.edu.ar,C2,Noche,2026-02-22,TP_02,TP,2026-04-13,2026-04-08,6.0,a tiempo
A00215,Mateo Castro,17,F,mateo.castro215@alumnos.tup.edu.ar,C2,Noche,2026-03-03,Quiz_01,Quiz,2026-03-30,28/03/2026,6.9,A TIEMPO
A00064,Benjamin Aguirre,21,Masculino,benjamin.aguirre64@alumnos.tup.edu.ar,A1,Mañana,2026-03-07,Quiz_01,Quiz,30/03/2026,2026-04-02,"6,7",TARDE
A00666,Tomas Sanchez,17,Femenino,tomas.sanchez666@alumnos.tup.edu.ar, c2 ,Noche,15/02/2026,TP_02,TP,2026-04-13,25-04-2026,5.1,Tarde
A00180,Lautaro Martinez,19,F,lautaro.martinez180@alumnos.tup.edu.ar,B1,Tarde,25-02-2026,TP_03,TP,2026-05-11,20/05/2026,"6,8",tarde
A00378,Lautaro Ruiz,20,M,lautaro.ruiz378@alumnos.tup.edu.ar,A2,Mañana,25/02/2026,Quiz_02,Quiz,2026-04-27,2026-04-25,9.2,A tiempo
A00362,Mia Silva,19,F,mia.silva362@alumnos.tup.edu.ar,B2,Tarde,18/02/2026,Quiz_02,Quiz,2026-04-27,,,No entrego
A00658,Martina Luna,22,F,martina.luna658@alumnos.tup.edu.ar,C3,Noche,2026-03-05,Parcial_01,Parcial,22-06-2026,2026-06-17,6.9,a tiempo
A00477,Nicolas Alvarez,18,F,nicolas.alvarez477@alumnos.tup.edu.ar,A1,Mañana,2026-02-16,TP_02,TP,13-04-2026,2026-04-20,6.0,TARDE
A00094,Nicolas Rodriguez,20,M,nicolas.rodriguez94@alumnos.tup.edu.ar,A2,Mañana,2026-02-24,Parcial_01,Parcial,2026-06-22,2026-06-19,7.8,A TIEMPO
A00126,Victoria Herrera,21,Femenino,victoria.herrera126@alumnos.tup.edu.ar,C4,Noche,2026-02-14,TP_02,TP,2026-04-13,2026-04-12,"5,0",A tiempo
A00069,Bautista Acosta,27,M,bautista.acosta69@alumnos.tup.edu.ar,C3,Noche,2026-02-16,TP_02,TP,2026-04-13,2026-04-23,"3,8",tarde
A00101,Ignacio Perez,17,F,ignacio.perez101@alumnos.tup.edu.ar,B1,Tarde,2026-02-24,TP_03,TP,11/05/2026,08/05/2026,"7,2",A TIEMPO
A00138,Joaquin Ortiz,29,Femenino,joaquin.ortiz138@@alumnos.tup.edu.ar,C1,Noche,2026-02-18,Quiz_02,Quiz,27/04/2026,,,No entrego
A00669,Bautista Torres,22,M,bautista.torres669@alumnos.tup.edu.ar,C4,Noche,2026-02-14,TP_03,TP,2026-05-11,2026-05-07,5.5,A TIEMPO
A00538,Felipe Flores,20,F,felipe.flores538@alumnos.tup.edu.ar,C1,Noche,01/03/2026,TP_01,TP,16/03/2026,2026-03-21,4.8,Tarde
A00569,Mora Gonzalez,20,Masculino,mora.gonzalez569@alumnos.tup.edu.ar,A1,Mañana,2026-02-24,Quiz_02,Quiz,2026-04-27,25/04/2026,6.0,A tiempo
A00697,Benjamin Acosta,26,F,benjamin.acosta697@alumnos.tup.edu.ar,A3,Mañana,2026-02-24,Parcial_01,Parcial,22/06/2026,2026-06-21,7.8,A tiempo
A00343,Lucia Ramirez,18,M,lucia.ramirez343@alumnos.tup.edu.ar,B2,Tarde,03-03-2026,TP_04,TP,2026-06-08,,,NO ENTREGO
A00098,Maximo Castro,25,F,maximo.castro98@alumnos.tup.edu.ar,A3,Mañana,16/02/2026,Quiz_03,Quiz,2026-05-25,2026-06-04,3.9,Tarde
A00374,Mora Ruiz,20,F,mora.ruiz374@alumnos.tup.edu.ar,A2,Mañana,04-03-2026,Quiz_01,Quiz,30/03/2026,2026-03-28,8.4,A tiempo
A00596,Felipe Gonzalez,17,F,felipe.gonzalez596@alumnos.tup.edu.ar,A3,Mañana,2026-02-18,TP_04,TP,2026-06-08,,,
A00625,Thiago Gonzalez,21,Masculino,thiago.gonzalez625@alumnos.tup.edu.ar,C1,Noche,2026-03-05,Quiz_03,Quiz,2026-05-25,,,No entrego
A00634,Lucia Lopez,17,Femenino,,A1,Mañana,2026-02-25,Quiz_02,Quiz,2026-04-27,,,
A00342,Valentina Fernandez,17,M,valentina.fernandez342@alumnos.tup.edu.ar,B2,Tarde,08/03/2026,TP_04,TP,08/06/2026,,,No entrego
A00454,Bautista Suarez,110,F,bautista.suarez454@alumnos.tup.edu.ar,A2,Mañana,2026-02-25,Quiz_03,Quiz,25-05-2026,,,
A00522,Camila Torres,20,M,camila.torres522@alumnos.tup.edu.ar,B2,Tarde,2026-02-26,TP_01,TP,16-03-2026,25-03-2026,"3,5",Tarde
A00554,Mia Lopez,20,X,mia.lopez554@alumnos.tup.edu.ar,C3,Noche,2026-03-11,TP_04,TP,2026-06-08,2026-06-03,8.2,a tiempo
A00105,Agustin Alvarez,20,F,agustin.alvarez105@alumnos.tup.edu.ar,A2,Mañana,2026-03-04,TP_02,TP,2026-04-13,2026-04-09,5.7,a tiempo
A00526,Valentina Suarez,17,femenino,valentina.suarez526@@alumnos.tup.edu.ar,B1,Tarde,2026-02-16,Quiz_03,Quiz,2026-05-25,21/05/2026,"6,3",A tiempo
A00289,Lucas Alvarez,23,M,lucas.alvarez289@alumnos.tup.edu.ar,A1,Mañana,2026-03-05,TP_04,TP,08/06/2026,,,
A00274,  Delfina Cabrera ,18,M,delfina.cabrera274@alumnos.tup.edu.ar,A2,Mañana,25/02/2026,Quiz_01,Quiz,2026-03-30,,,No entrego
A00683,Delfina Diaz,17,Masculino,delfina.diaz683@alumnos.tup.edu.ar,A1,Mañana,2026-02-24,TP_04,TP,2026-06-08,19-06-2026,7.0,Tarde
A00099,Florencia Acosta,24,M,florencia.acosta99@alumnos.tup.edu.ar,A3,Mañana,18-02-2026,TP_03,TP,11-05-2026,,,NO ENTREGO
A00181,Manuel Ortiz,22,F,manuel.ortiz181@alumnos.tup.edu.ar,B1,Tarde,08/03/2026,TP_03,TP,11/05/2026,,,
A00661,  Julieta Fernandez ,18,F,julieta.fernandez661@alumnos.tup.edu.ar,C2,Noche,2026-03-11,Quiz_03,Quiz,25/05/2026,,,no entregó
A00476,Lucas Ruiz,23,F,lucas.ruiz476@alumnos.tup.edu.ar,B1,Tarde,2026-03-07,TP_01,TP,2026-03-16,2026-03-12,8.6,A tiempo
A00380,Benjamin Herrera,27,Femenino,benjamin.herrera380@alumnos.tup.edu.ar,B1,Tarde,2026-03-07,Quiz_01,Quiz,2026-03-30,2026-03-25,5.9,A tiempo
A00631,SOFIA ROMERO,23,M,sofia.romero631@alumnos.tup.edu.ar,B2,Tarde,2026-02-21,Quiz_03,Quiz,2026-05-25,,,No entrego
A00606,Delfina Alvarez,23,F,delfina.alvarez606@alumnos.tup.edu.ar,B2,Tarde,2026-02-17,Quiz_01,Quiz,2026-03-30,,,NO ENTREGO
A00250,MAXIMO TORRES,20,Masculino,maximo.torres250@alumnos.tup.edu.ar,A3,Mañana,23/02/2026,Quiz_03,Quiz,2026-05-25,,,NO ENTREGO
A00152,Maximo Flores,25,Masculino,maximo.flores152@alumnos.tup.edu.ar,C4,Noche,2026-02-16,TP_04,TP,2026-06-08,2026-06-04,9.0,A TIEMPO
A00505,Lautaro Romero,26,Femenino,lautaro.romero505@alumnos.tup.edu.ar,B1,Tarde,2026-02-28,Parcial_01,Parcial,2026-06-22,21-06-2026,6.8,a tiempo
A00655,Emma Fernandez,20,M,emma.fernandez655@alumnos.tup.edu.ar,C2,Noche,16/02/2026,TP_01,TP,2026-03-16,,,NO ENTREGO
A00476,Lucas Ruiz,23,F,lucas.ruiz476@alumnos.tup.edu.ar,B1,Tarde,2026-03-07,Quiz_03,Quiz,2026-05-25,2026-05-23,8.6,A TIEMPO
A00483,Antonella Vega,33,Masculino,antonella.vega483@alumnos.tup.edu.ar,A3,Mañana,2026-02-15,Quiz_01,Quiz,2026-03-30,09/04/2026,4.3,Tarde
A00674,Bautista Acosta,25,M,bautista.acosta674@alumnos.tup.edu.ar,B2,Tarde,05/03/2026,TP_03,TP,2026-05-11,2026-05-06,"4,2",a tiempo
A00555,Felipe Vega,19,M,felipe.vega555@alumnos.tup.edu.ar,A2,Mañana,2026-02-16,TP_04,TP,2026-06-08,,,
A00668,Bruno Aguirre,22,M,bruno.aguirre668@alumnos.tup.edu.ar,B1,Tarde,2026-03-09,TP_01,TP,2026-03-16,2026-03-15,6.1,a tiempo
A00138,Joaquin Ortiz,29,Femenino,joaquin.ortiz138@@alumnos.tup.edu.ar,C1,Noche,18-02-2026,TP_03,TP,11/05/2026,,,
A00083,Santino Rojas,21,femenino,santino.rojas83@alumnos.tup.edu.ar,A2,Mañana,2026-02-25,Quiz_03,Quiz,2026-05-25,2026-05-23,"6,4",a tiempo
A00568,  Catalina Molina ,27,Femenino,catalina.molina568@alumnos.tup.edu.ar,C2,Noche,2026-03-06,TP_04,TP,2026-06-08,,,No entrego
A00084,Felipe Ruiz,20,F,felipe.ruiz84@alumnos.tup.edu.ar,C3,Noche,2026-03-05,Parcial_01,Parcial,22/06/2026,,,No entrego
A00151,Guadalupe Vega,17,F,guadalupe.vega151@alumnos.tup.edu.ar,B1,Tarde,11/03/2026,Quiz_01,Quiz,2026-03-30,29-03-2026,5.0,a tiempo
A00266,Ignacio Silva,17,F,ignacio.silva266@alumnos.tup.edu.ar,C4,NOCHE,2026-02-26,TP_01,TP,2026-03-16,,,NO ENTREGO
A00140,Felipe Acosta,18,M,felipe.acosta140@alumnos.tup.edu.ar,A1,Mañana,2026-03-11,TP_01,TP,2026-03-16,,,No entrego
A00246,NICOLAS BENITEZ,18,F,nicolas.benitez246@alumnos.tup.edu.ar,C3,Noche,16-02-2026,Quiz_01,Quiz,30/03/2026,2026-04-05,3.3,tarde
A00373,Joaquin Rodriguez,24,M,joaquin.rodriguez373@alumnos.tup.edu.ar,B2,Tarde,2026-03-09,Quiz_02,Quiz,2026-04-27,24/04/2026,5.3,A TIEMPO
A00008,Ignacio Silva,17,Femenino,ignacio.silva8@@alumnos.tup.edu.ar,B1,Tarde,2026-02-24,TP_01,TP,16/03/2026,18/03/2026,"7,6",TARDE
A00476,Lucas Ruiz,23,F,lucas.ruiz476@alumnos.tup.edu.ar,B1,Tarde,07/03/2026,TP_03,TP,11/05/2026,06/05/2026,8.0,A tiempo
A00034,Valentino Ortiz,26,Masculino,valentino.ortiz34@alumnos.tup.edu.ar,C1,Noche,18/02/2026,Quiz_02,Quiz,2026-04-27,,,No entrego
A00218,Manuel Lopez,27,F,manuel.lopez218@alumnos.tup.edu.ar,B2,Tarde,2026-02-19,Parcial_01,Parcial,2026-06-22,2026-06-19,5.0,A TIEMPO
A00501,Bruno Sanchez,24,Masculino,bruno.sanchez501@alumnos.tup.edu.ar,C3,NOCHE,05/03/2026,TP_04,TP,2026-06-08,,,no entregó
A00636,Bruno Romero,27,Masculino,bruno.romero636@alumnos.tup.edu.ar,B2,Tarde,2026-02-17,Parcial_01,Parcial,22-06-2026,,,NO ENTREGO
A00123,Maximo Vega,25,M,maximo.vega123@alumnos.tup.edu.ar,B2,Tarde,2026-02-23,Quiz_01,Quiz,2026-03-30,2026-03-26,4.0,A TIEMPO
A00438,Olivia Nuñez,20,F,olivia.nuñez438@alumnos.tup.edu.ar,A3,Mañana,2026-02-16,TP_03,TP,2026-05-11,09/05/2026,"8,3",A TIEMPO
A00635,Mora Flores,22,Femenino,mora.flores635@alumnos.tup.edu.ar,A3,Mañana,24/02/2026,TP_01,TP,2026-03-16,15/03/2026,6.0,a tiempo
A00582,Pilar Herrera,30,F,pilar.herrera582@alumnos.tup.edu.ar,B1,Tarde,2026-03-11,Parcial_01,Parcial,2026-06-22,2026-06-22,"9,7",A tiempo
A00193,VICTORIA SOSA,17,Femenino,victoria.sosa193@alumnos.tup.edu.ar,A1,MAÑANA,11/03/2026,Parcial_01,Parcial,22-06-2026,,,
A00637,Antonella Lopez,21,Femenino,antonella.lopez637@alumnos.tup.edu.ar,A2,Mañana,2026-03-06,TP_01,TP,16/03/2026,2026-03-13,8.0,A TIEMPO
A00609,Lautaro Romero,23,Masculino,lautaro.romero609@alumnos.tup.edu.ar, b1 ,Tarde,2026-02-24,Parcial_01,Parcial,22/06/2026,2026-06-19,5.8,A tiempo
A00519,Olivia Acosta,22,M,olivia.acosta519@alumnos.tup.edu.ar,C2,Noche,16-02-2026,Quiz_03,Quiz,25/05/2026,,,no entregó
A00143,Manuel Martinez,20,F,manuel.martinez143@alumnos.tup.edu.ar,C2,Noche,2026-03-03,Quiz_02,Quiz,2026-04-27,27/04/2026,7.6,A TIEMPO
A00139,Thiago Castro,28,M,thiago.castro139@@alumnos.tup.edu.ar,A3,Mañana,2026-03-09,Quiz_03,Quiz,2026-05-25,20/05/2026,4.5,a tiempo
A00025,Santino Ruiz,20,F,santino.ruiz25@alumnos.tup.edu.ar,B1,Tarde,2026-02-26,Quiz_01,Quiz,2026-03-30,29/03/2026,7.3,A TIEMPO
A00516,Pilar Rojas,28,Femenino,pilar.rojas516@alumnos.tup.edu.ar,A1,Mañana,24/02/2026,TP_02,TP,13-04-2026,2026-04-13,8.7,A tiempo
A00010,Antonella Ruiz,22,M,antonella.ruiz10@alumnos.tup.edu.ar,C2,Noche,2026-02-21,Quiz_03,Quiz,2026-05-25,2026-06-05,8.3,TARDE
A00441,Mia Acosta,23,Masculino,mia.acosta441@alumnos.tup.edu.ar,B1,Tarde,2026-02-15,TP_02,TP,13-04-2026,19-04-2026,4.7,Tarde
A00059,Delfina Perez,18,F,delfina.perez59@alumnos.tup.edu.ar,B2,Tarde,2026-03-09,TP_04,TP,2026-06-08,,,NO ENTREGO
A00568,  Catalina Molina ,27,Femenino,catalina.molina568@alumnos.tup.edu.ar,C2,Noche,2026-03-06,Quiz_01,Quiz,30/03/2026,28/03/2026,5.6,A TIEMPO
A00328,Bruno Lopez,22,F,bruno.lopez328@alumnos.tup.edu.ar,B2,Tarde,08/03/2026,TP_04,TP,2026-06-08,,,No entrego
A00199,Nicolas Ortiz,18,F,nicolas.ortiz199@alumnos.tup.edu.ar,B2,Tarde,2026-02-27,TP_04,TP,2026-06-08,07/06/2026,4.6,a tiempo
A00488,Santino Suarez,21,F,santino.suarez488@alumnos.tup.edu.ar,C4,Noche,2026-03-05,Quiz_01,Quiz,30/03/2026,2026-04-05,"7,2",TARDE
A00177,Tomas Martinez,22,Femenino,tomas.martinez177@alumnos.tup.edu.ar,C3,Noche,2026-02-22,TP_03,TP,2026-05-11,2026-05-08,7.8,A tiempo
A00046,Ignacio Molina,19,F,ignacio.molina46@alumnos.tup.edu.ar,A3,Mañana,04/03/2026,Quiz_02,Quiz,2026-04-27,,,no entregó
A00454,Bautista Suarez,110,F,bautista.suarez454@alumnos.tup.edu.ar,A2,Mañana,25/02/2026,Parcial_01,Parcial,2026-06-22,2026-06-19,5.6,a tiempo
A00408,Benjamin Silva,25,M,,B2,Tarde,2026-03-10,TP_04,TP,2026-06-08,06-06-2026,8.1,a tiempo
A00047,Maximo Ramirez,28,F,maximo.ramirez47@alumnos.tup.edu.ar,C4,Noche,2026-03-04,TP_01,TP,16-03-2026,14/03/2026,6.8,A TIEMPO
A00104,Delfina Alvarez,17,Masculino,delfina.alvarez104@alumnos.tup.edu.ar,C2,Noche,23/02/2026,Quiz_01,Quiz,2026-03-30,2026-03-30,7.1,a tiempo
A00298,LAUTARO ORTIZ,18,Femenino,lautaro.ortiz298@alumnos.tup.edu.ar,B1,Tarde,10/03/2026,TP_02,TP,2026-04-13,2026-04-17,"5,0",tarde
A00216,Bautista Lopez,23,F,bautista.lopez216@alumnos.tup.edu.ar,A3,Mañana,2026-02-24,TP_04,TP,2026-06-08,2026-06-15,6.8,Tarde
A00482,Lucia Gonzalez,21,F,lucia.gonzalez482@alumnos.tup.edu.ar,A3,Mañana,15-02-2026,TP_02,TP,13/04/2026,,,NO ENTREGO
A00332,Lucas Garcia,22,M,lucas.garcia332@@alumnos.tup.edu.ar,A3,Mañana,2026-02-20,Quiz_03,Quiz,25-05-2026,2026-06-02,3.8,tarde
A00507,Joaquin Herrera,22,Femenino,joaquin.herrera507@alumnos.tup.edu.ar,C2,Noche,2026-02-27,TP_01,TP,16/03/2026,2026-03-14,7.2,A tiempo
A00292,Mateo Gonzalez,26,F,mateo.gonzalez292@@alumnos.tup.edu.ar,B1,Tarde,10/03/2026,Quiz_02,Quiz,2026-04-27,,,no entregó
A00554,Mia Lopez,20,X,mia.lopez554@alumnos.tup.edu.ar,C3,Noche,2026-03-11,Quiz_01,Quiz,2026-03-30,,,NO ENTREGO
A00519,Olivia Acosta,22,M,olivia.acosta519@alumnos.tup.edu.ar,C2,Noche,2026-02-16,Parcial_01,Parcial,2026-06-22,,,no entregó
A00514,Manuel Romero,18,F,manuel.romero514@alumnos.tup.edu.ar,C4,Noche,2026-02-24,Quiz_02,Quiz,2026-04-27,,,
A00078,  Florencia Ruiz ,18,M,florencia.ruiz78@alumnos.tup.edu.ar,A2,Mañana,24-02-2026,Quiz_02,Quiz,2026-04-27,23-04-2026,6.4,A TIEMPO
A00219,Joaquin Nuñez,20,M,,C4,Noche,2026-02-24,Quiz_03,Quiz,25/05/2026,,,
A00326,Sofia Sosa,17,M,sofia.sosa326@alumnos.tup.edu.ar,C2,Noche,01-03-2026,Parcial_01,Parcial,2026-06-22,17-06-2026,7.0,A tiempo
A00006,Tomas Ortiz,18,M,tomas.ortiz6@alumnos.tup.edu.ar,C4,Noche,2026-02-18,Parcial_01,Parcial,2026-06-22,,,no entregó
A00687,Pilar Romero,21,F,pilar.romero687@alumnos.tup.edu.ar,C1,Noche,2026-03-09,TP_02,TP,2026-04-13,2026-04-11,6.6,a tiempo
A00341,Nicolas Gonzalez,25,M,nicolas.gonzalez341@alumnos.tup.edu.ar,C4,Noche,2026-02-28,Quiz_02,Quiz,2026-04-27,2026-04-23,5.2,a tiempo
A00369,Florencia Fernandez,24,M,florencia.fernandez369@alumnos.tup.edu.ar,A1,Mañana,2026-03-04,Quiz_03,Quiz,25/05/2026,2026-05-25,"8,5",A tiempo
A00242,Mora Ortiz,17,F,mora.ortiz242@alumnos.tup.edu.ar,B2,Tarde,2026-02-27,Quiz_02,Quiz,2026-04-27,2026-04-25,6.7,a tiempo
A00597,Manuel Rodriguez,18,M,manuel.rodriguez597@alumnos.tup.edu.ar,C2,Noche,2026-03-07,TP_01,TP,16/03/2026,2026-03-16,9.2,A TIEMPO
A00067,Olivia Luna,18,femenino,olivia.luna67@alumnos.tup.edu.ar,A2,Mañana,2026-02-17,Quiz_01,Quiz,2026-03-30,2026-03-29,"4,4",A tiempo
A00619,Benjamin Martinez,27,F,benjamin.martinez619@alumnos.tup.edu.ar,B2,Tarde,19/02/2026,TP_04,TP,08-06-2026,2026-06-04,7.0,A TIEMPO
A00189,Felipe Ruiz,23,M,,B1,Tarde,2026-02-26,Quiz_03,Quiz,25-05-2026,,,NO ENTREGO
A00382,Olivia Diaz,18,M,olivia.diaz382@alumnos.tup.edu.ar,B1,Tarde,2026-03-07,Quiz_03,Quiz,2026-05-25,,,No entrego
A00275,Lucas Sanchez,20,F,lucas.sanchez275@alumnos.tup.edu.ar,B1,Tarde,2026-02-20,Parcial_01,Parcial,2026-06-22,,,
A00223,Gabriel Torres,19,M,gabriel.torres223@alumnos.tup.edu.ar,A3,MAÑANA,2026-02-17,Quiz_03,Quiz,25/05/2026,24-05-2026,5.9,A tiempo
A00231,Valentino Cabrera,18,M,valentino.cabrera231@alumnos.tup.edu.ar,B2,Tarde,2026-03-01,TP_02,TP,2026-04-13,2026-04-09,3.9,A tiempo
A00061,Mateo Nuñez,24,M,mateo.nuñez61@alumnos.tup.edu.ar,A2,Mañana,2026-02-19,TP_03,TP,2026-05-11,,,no entregó
A00378,Lautaro Ruiz,20,M,lautaro.ruiz378@alumnos.tup.edu.ar,A2,Mañana,2026-02-25,Quiz_03,Quiz,2026-05-25,,,
A00469,Diego Torres,17,femenino,diego.torres469@alumnos.tup.edu.ar,B2,TARDE,2026-02-19,TP_01,TP,2026-03-16,2026-03-15,"9,5",A tiempo
A00379,Valentina Flores,27,Masculino,valentina.flores379@alumnos.tup.edu.ar,C1,Noche,2026-02-14,TP_04,TP,2026-06-08,,,NO ENTREGO
A00676,mora vega,17,F,mora.vega676@alumnos.tup.edu.ar,C2,Noche,2026-03-02,TP_02,TP,2026-04-13,,,No entrego
A00256,  Mora Aguirre ,17,Masculino,mora.aguirre256@alumnos.tup.edu.ar,B2,Tarde,2026-02-18,Quiz_01,Quiz,2026-03-30,2026-03-27,6.0,A TIEMPO
A00254,  Agustin Martinez ,27,M,agustin.martinez254@alumnos.tup.edu.ar,A1,Mañana,2026-03-01,Parcial_01,Parcial,2026-06-22,2026-06-29,7.5,Tarde
A00413,Mora Diaz,17,F,mora.diaz413@alumnos.tup.edu.ar,B1,Tarde,2026-02-20,Parcial_01,Parcial,2026-06-22,2026-06-17,7.2,A tiempo
A00665,Bruno Ramirez,20,Masculino,bruno.ramirez665@alumnos.tup.edu.ar,B1,Tarde,2026-02-22,Quiz_01,Quiz,2026-03-30,2026-03-27,8.5,A TIEMPO
A00565,Pilar Flores,20,M,pilar.flores565@alumnos.tup.edu.ar,C2,Noche,18/02/2026,Quiz_02,Quiz,2026-04-27,24/04/2026,7.1,A tiempo
A00372,Santino Acosta,27,F,santino.acosta372@alumnos.tup.edu.ar,C2,Noche,2026-03-01,Quiz_02,Quiz,2026-04-27,,,no entregó
A00521,Renata Benitez,20,M,renata.benitez521@alumnos.tup.edu.ar,B2,Tarde,2026-02-14,TP_01,TP,16/03/2026,,,No entrego
A00604,Maximo Suarez,19,F,maximo.suarez604@alumnos.tup.edu.ar,A3,Mañana,2026-02-20,TP_01,TP,2026-03-16,2026-03-23,0.2,tarde
A00541,Agustin Cabrera,17,Femenino,agustin.cabrera541@alumnos.tup.edu.ar,B1,Tarde,2026-02-25,Quiz_01,Quiz,2026-03-30,26/03/2026,5.6,A TIEMPO
A00204,Maximo Vega,17,femenino,maximo.vega204@alumnos.tup.edu.ar,A1,Mañana,2026-02-22,Quiz_01,Quiz,2026-03-30,2026-03-29,6.9,A TIEMPO
A00606,Delfina Alvarez,23,F,delfina.alvarez606@alumnos.tup.edu.ar,B2,Tarde,2026-02-17,TP_02,TP,2026-04-13,,,NO ENTREGO
A00222,lautaro fernandez,18,F,lautaro.fernandez222@alumnos.tup.edu.ar,C3,Noche,2026-02-15,Parcial_01,Parcial,2026-06-22,22/06/2026,6.3,a tiempo
A00305,Renata Sosa,17,M,renata.sosa305@alumnos.tup.edu.ar,C3,Noche,04/03/2026,TP_04,TP,08/06/2026,2026-06-05,7.8,A tiempo
A00324,mora lopez,18,M,mora.lopez324@alumnos.tup.edu.ar,B1,Tarde,2026-03-09,TP_01,TP,2026-03-16,13-03-2026,8.1,a tiempo
A00309,Felipe Lopez,17,F,felipe.lopez309@alumnos.tup.edu.ar,A3,Mañana,2026-03-06,Quiz_01,Quiz,30/03/2026,2026-03-25,10.0,A tiempo
A00449,Pilar Martinez,18,M,pilar.martinez449@alumnos.tup.edu.ar,A3,Mañana,2026-03-08,TP_04,TP,08/06/2026,07/06/2026,"8,9",A TIEMPO
A00595,Nicolas Perez,22,Femenino,nicolas.perez595@alumnos.tup.edu.ar,C4,NOCHE,2026-02-28,Parcial_01,Parcial,22/06/2026,2026-06-20,9.4,A TIEMPO
A00125,Diego Acosta,17,F,diego.acosta125@alumnos.tup.edu.ar,C1,Noche,20-02-2026,TP_03,TP,2026-05-11,2026-05-06,7.6,a tiempo
A00167,Olivia Romero,28,M,olivia.romero167@@alumnos.tup.edu.ar,A3,Mañana,2026-02-19,Quiz_02,Quiz,2026-04-27,2026-04-27,"6,1",a tiempo
A00422,Agustin Ruiz,25,M,agustin.ruiz422@alumnos.tup.edu.ar,A2,Mañana,2026-03-09,Quiz_03,Quiz,2026-05-25,2026-05-25,"6,0",a tiempo
A00420,Valentina Vega,19,Masculino,valentina.vega420@alumnos.tup.edu.ar,C1,Noche,2026-02-21,Quiz_03,Quiz,2026-05-25,,,no entregó
A00232,Catalina Ortiz,18,M,catalina.ortiz232@alumnos.tup.edu.ar,C1,Noche,06/03/2026,Parcial_01,Parcial,2026-06-22,,,NO ENTREGO
A00413,Mora Diaz,17,F,mora.diaz413@alumnos.tup.edu.ar,B1,Tarde,20/02/2026,Quiz_01,Quiz,2026-03-30,2026-03-28,7.2,A TIEMPO
A00390,Julieta Garcia,27,M,julieta.garcia390@alumnos.tup.edu.ar,A3,Mañana,2026-02-26,Quiz_01,Quiz,30/03/2026,2026-03-29,8.3,A tiempo
A00605,MANUEL ALVAREZ,17,M,manuel.alvarez605@alumnos.tup.edu.ar,B1,Tarde,2026-02-17,Quiz_01,Quiz,30/03/2026,,,no entregó
A00228,Joaquin Lopez,25,M,joaquin.lopez228@alumnos.tup.edu.ar,A1,Mañana,25/02/2026,Quiz_01,Quiz,2026-03-30,2026-03-29,6.2,a tiempo
A00053,Renata Medina,17,F,renata.medina53@alumnos.tup.edu.ar,C4,Noche,2026-02-21,Parcial_01,Parcial,22/06/2026,,,NO ENTREGO
A00547,Agustin Rodriguez,27,M,agustin.rodriguez547@alumnos.tup.edu.ar,C3,NOCHE,14/02/2026,TP_02,TP,2026-04-13,2026-04-12,6.8,A TIEMPO
A00078,  Florencia Ruiz ,18,M,florencia.ruiz78@alumnos.tup.edu.ar,A2,Mañana,24/02/2026,Parcial_01,Parcial,22/06/2026,20/06/2026,"7,1",A tiempo
A00336,  Renata Castro ,24,Masculino,renata.castro336@alumnos.tup.edu.ar,B1,Tarde,17/02/2026,Parcial_01,Parcial,22-06-2026,,,NO ENTREGO
A00461,Federico Sanchez,22,Masculino,federico.sanchez461@alumnos.tup.edu.ar,C2,Noche,08/03/2026,Quiz_02,Quiz,2026-04-27,2026-04-25,"7,5",A tiempo
A00633,Olivia Nuñez,20,Masculino,olivia.nuñez633@alumnos.tup.edu.ar,B1,Tarde,2026-02-16,TP_01,TP,2026-03-16,2026-03-16,8.0,A tiempo
A00005,Thiago Luna,31,M,thiago.luna5@alumnos.tup.edu.ar,B2,Tarde,2026-02-28,TP_04,TP,2026-06-08,2026-06-05,9.0,A tiempo
A00033,Florencia Medina,23,M,florencia.medina33@alumnos.tup.edu.ar,B1,Tarde,22-02-2026,TP_03,TP,2026-05-11,,,
A00170,Valentino Sanchez,24,Femenino,valentino.sanchez170@alumnos.tup.edu.ar,B2,Tarde,2026-02-18,Quiz_03,Quiz,2026-05-25,2026-05-24,8.5,A tiempo
A00186,Florencia Benitez,28,F,florencia.benitez186@alumnos.tup.edu.ar, a1 ,Mañana,2026-03-06,Quiz_03,Quiz,2026-05-25,,,no entregó
A00623,Florencia Herrera,18,F,florencia.herrera623@alumnos.tup.edu.ar,A1,Mañana,2026-03-01,TP_02,TP,13/04/2026,11/04/2026,5.4,a tiempo
A00285,Olivia Torres,22,F,olivia.torres285@alumnos.tup.edu.ar, c1 ,Noche,2026-02-23,Parcial_01,Parcial,2026-06-22,2026-06-17,6.6,A tiempo
A00424,Olivia Aguirre,22,Femenino,olivia.aguirre424@alumnos.tup.edu.ar,C4,Noche,24/02/2026,Quiz_03,Quiz,25/05/2026,04-06-2026,2.7,Tarde
A00405,Camila Garcia,17,Masculino,camila.garcia405@alumnos.tup.edu.ar,B1,Tarde,2026-02-20,TP_01,TP,16/03/2026,2026-03-13,7.7,a tiempo
A00658,Martina Luna,22,F,martina.luna658@alumnos.tup.edu.ar,C3,Noche,05/03/2026,Quiz_01,Quiz,30-03-2026,25/03/2026,6.6,a tiempo
A00414,BENJAMIN PEREZ,22,X,benjamin.perez414@alumnos.tup.edu.ar,C4,Noche,2026-02-22,TP_03,TP,11-05-2026,07/05/2026,7.9,a tiempo
A00585,Antonella Silva,28,Masculino,antonella.silva585@alumnos.tup.edu.ar, a2 ,Mañana,10-03-2026,Quiz_02,Quiz,27/04/2026,,,No entrego
A00511,bautista castro,22,femenino,bautista.castro511@alumnos.tup.edu.ar,B1,Tarde,07/03/2026,Quiz_02,Quiz,2026-04-27,2026-04-26,8.6,a tiempo
A00115,Olivia Acosta,17,M,olivia.acosta115@alumnos.tup.edu.ar,C1,Noche,2026-03-03,Quiz_01,Quiz,30-03-2026,2026-04-04,7.0,TARDE
A00356,Maximo Perez,23,M,maximo.perez356@alumnos.tup.edu.ar,B1,Tarde,21/02/2026,Quiz_01,Quiz,30/03/2026,06-04-2026,6.4,TARDE
A00626,Nicolas Castro,30,Masculino,nicolas.castro626@alumnos.tup.edu.ar,A2,Mañana,17-02-2026,Parcial_01,Parcial,22/06/2026,2026-06-22,7.7,a tiempo
A00130,  Benjamin Rojas ,31,M,benjamin.rojas130@alumnos.tup.edu.ar,C1,Noche,2026-02-18,Quiz_02,Quiz,2026-04-27,23/04/2026,6.7,A tiempo
A00527,Gabriel Ruiz,27,Femenino,gabriel.ruiz527@alumnos.tup.edu.ar,B1,Tarde,19-02-2026,TP_01,TP,2026-03-16,2026-03-15,5.2,A tiempo
A00503,Diego Garcia,23,F,diego.garcia503@alumnos.tup.edu.ar,B1,Tarde,2026-02-19,Quiz_03,Quiz,25/05/2026,,,No entrego
A00063,Florencia Romero,24,F,florencia.romero63@alumnos.tup.edu.ar,C3,Noche,2026-03-05,Quiz_01,Quiz,30-03-2026,2026-03-26,7.1,A tiempo
A00574,Isabella Benitez,23,Femenino,isabella.benitez574@alumnos.tup.edu.ar,B2,Tarde,24/02/2026,Quiz_02,Quiz,2026-04-27,,,
A00618,Mora Martinez,24,F,mora.martinez618@alumnos.tup.edu.ar,B2,Tarde,25-02-2026,TP_02,TP,13/04/2026,12/04/2026,6.6,A TIEMPO
A00276,Santino Ortiz,25,F,santino.ortiz276@alumnos.tup.edu.ar,A3,Mañana,14/02/2026,TP_01,TP,2026-03-16,16/03/2026,6.2,A TIEMPO
A00129,Martina Ramirez,25,F,martina.ramirez129@alumnos.tup.edu.ar,A1,Mañana,2026-02-14,Quiz_01,Quiz,2026-03-30,03-04-2026,4.0,Tarde
A00446,Federico Gonzalez,22,Masculino,federico.gonzalez446@alumnos.tup.edu.ar,A1,Mañana,2026-03-04,TP_02,TP,13/04/2026,2026-04-10,7.0,A tiempo
A00333,Ignacio Sosa,17,F,ignacio.sosa333@alumnos.tup.edu.ar,A3,Mañana,01/03/2026,TP_01,TP,2026-03-16,2026-03-11,5.8,A tiempo
A00560,lucas ramirez,19,F,lucas.ramirez560@alumnos.tup.edu.ar,C2,NOCHE,2026-02-27,TP_03,TP,2026-05-11,11/05/2026,8.0,a tiempo
A00337,Mateo Aguirre,21,F,mateo.aguirre337@alumnos.tup.edu.ar,C2,Noche,2026-03-02,TP_02,TP,2026-04-13,,,
A00063,Florencia Romero,24,F,florencia.romero63@alumnos.tup.edu.ar,C3,Noche,05-03-2026,Quiz_03,Quiz,2026-05-25,2026-05-25,7.7,A tiempo
A00116,Bruno Rojas,17,X,bruno.rojas116@alumnos.tup.edu.ar,B1,Tarde,2026-03-01,TP_03,TP,2026-05-11,2026-05-11,8.1,a tiempo
A00035,Valentino Medina,20,F,valentino.medina35@alumnos.tup.edu.ar,B1,Tarde,2026-03-04,TP_04,TP,2026-06-08,,,No entrego
A00588,Antonella Flores,22,F,antonella.flores588@alumnos.tup.edu.ar,C1,Noche,14-02-2026,Parcial_01,Parcial,22/06/2026,28/06/2026,8.4,TARDE
A00166,Camila Vega,18,M,camila.vega166@alumnos.tup.edu.ar,C1,Noche,2026-02-20,Quiz_01,Quiz,30/03/2026,,,
A00269,Paula Martinez,25,F,paula.martinez269@alumnos.tup.edu.ar,A2,Mañana,2026-03-05,TP_01,TP,2026-03-16,2026-03-12,4.9,A tiempo
A00533,Santino Cabrera,19,Masculino,santino.cabrera533@alumnos.tup.edu.ar,C1,Noche,2026-02-17,TP_02,TP,2026-04-13,2026-04-08,6.5,A TIEMPO
A00418,FLORENCIA FERNANDEZ,18,Masculino,florencia.fernandez418@alumnos.tup.edu.ar,B2,Tarde,14/02/2026,Quiz_03,Quiz,25/05/2026,2026-05-22,"8,8",A tiempo
A00317,Pilar Aguirre,22,Masculino,pilar.aguirre317@alumnos.tup.edu.ar,C2,Noche,2026-03-10,TP_02,TP,2026-04-13,2026-04-08,8.1,A tiempo
A00399,Diego Silva,24,F,diego.silva399@alumnos.tup.edu.ar,C1,Noche,2026-03-11,TP_01,TP,2026-03-16,12/03/2026,"7,2",a tiempo
A00126,Victoria Herrera,21,Femenino,victoria.herrera126@alumnos.tup.edu.ar,C4,Noche,2026-02-14,Parcial_01,Parcial,2026-06-22,,,NO ENTREGO
A00192,Emma Sanchez,17,F,emma.sanchez192@alumnos.tup.edu.ar,C1,Noche,11-03-2026,TP_01,TP,2026-03-16,2026-03-15,4.6,A TIEMPO
A00077,Diego Garcia,21,X,diego.garcia77@alumnos.tup.edu.ar,B2,TARDE,2026-03-11,Quiz_02,Quiz,27-04-2026,2026-04-24,7.6,A TIEMPO
A00659,Florencia Rodriguez,25,F,florencia.rodriguez659@alumnos.tup.edu.ar, b1 ,Tarde,10-03-2026,Quiz_01,Quiz,30/03/2026,11/04/2026,4.6,tarde
A00272,Valentina Sosa,21,M,,B2,Tarde,2026-02-19,TP_02,TP,2026-04-13,2026-04-11,6.6,A tiempo
A00237,Isabella Torres,21,Masculino,isabella.torres237@alumnos.tup.edu.ar,A1,Mañana,2026-03-06,TP_04,TP,2026-06-08,2026-06-07,9.5,a tiempo
A00562,BRUNO FERNANDEZ,21,F,bruno.fernandez562@alumnos.tup.edu.ar,B2,Tarde,2026-02-22,Quiz_03,Quiz,2026-05-25,2026-05-25,8.2,A TIEMPO
A00018,Joaquin Luna,21,F,joaquin.luna18@alumnos.tup.edu.ar,C1,Noche,17-02-2026,Quiz_03,Quiz,2026-05-25,2026-05-22,4.8,A tiempo
A00234,Antonella Castro,22,Masculino,antonella.castro234@alumnos.tup.edu.ar,C4,Noche,2026-03-11,TP_04,TP,2026-06-08,2026-06-05,7.2,A tiempo
A00586,Felipe Lopez,22,F,felipe.lopez586@alumnos.tup.edu.ar,B1,Tarde,2026-03-09,Quiz_03,Quiz,2026-05-25,2026-05-29,"9,9",tarde
A00081,Victoria Silva,23,F,victoria.silva81@alumnos.tup.edu.ar,C3,Noche,2026-03-02,TP_03,TP,2026-05-11,2026-05-07,8.4,A TIEMPO
A00145,Maximo Sanchez,24,F,maximo.sanchez145@alumnos.tup.edu.ar,C4,Noche,2026-03-09,Quiz_01,Quiz,30/03/2026,2026-03-30,7.4,a tiempo
A00219,Joaquin Nuñez,20,M,,C4,Noche,24/02/2026,TP_03,TP,11/05/2026,2026-05-22,"3,5",Tarde
A00316,Martina Vega,25,M,martina.vega316@alumnos.tup.edu.ar,C2,Noche,2026-02-21,Quiz_03,Quiz,2026-05-25,,,
A00235,Lucia Silva,17,M,lucia.silva235@alumnos.tup.edu.ar,C1,Noche,2026-02-27,Parcial_01,Parcial,2026-06-22,,,NO ENTREGO
A00248,Benjamin Garcia,18,F,benjamin.garcia248@alumnos.tup.edu.ar,A1,Mañana,2026-03-06,Parcial_01,Parcial,2026-06-22,18/06/2026,8.8,A tiempo
A00008,Ignacio Silva,17,Femenino,ignacio.silva8@@alumnos.tup.edu.ar,B1,Tarde,2026-02-24,Quiz_01,Quiz,30/03/2026,2026-03-27,6.9,A TIEMPO
A00593,gabriel fernandez,21,Masculino,gabriel.fernandez593@alumnos.tup.edu.ar,B2,Tarde,2026-02-20,TP_02,TP,13-04-2026,,,NO ENTREGO
A00425,Bautista Castro,28,Femenino,bautista.castro425@alumnos.tup.edu.ar,C3,NOCHE,06/03/2026,Quiz_03,Quiz,2026-05-25,2026-05-25,7.3,A TIEMPO
A00421,Agustin Luna,22,Masculino,agustin.luna421@alumnos.tup.edu.ar,A2,Mañana,2026-03-08,Quiz_01,Quiz,30/03/2026,2026-03-27,"5,6",A TIEMPO
A00411,Martina Rodriguez,18,M,martina.rodriguez411@alumnos.tup.edu.ar,C1,Noche,2026-02-21,Quiz_03,Quiz,2026-05-25,2026-05-25,5.6,A TIEMPO
A00655,Emma Fernandez,20,M,emma.fernandez655@alumnos.tup.edu.ar,C2,Noche,16/02/2026,TP_03,TP,11-05-2026,,,no entregó
A00241,Nicolas Ruiz,17,Masculino,nicolas.ruiz241@alumnos.tup.edu.ar, c1 ,Noche,2026-03-06,Quiz_01,Quiz,2026-03-30,26/03/2026,4.2,a tiempo
A00385,Antonella Ruiz,25,F,antonella.ruiz385@alumnos.tup.edu.ar,B2,Tarde,2026-02-15,TP_02,TP,2026-04-13,2026-04-12,7.6,A tiempo
A00637,Antonella Lopez,21,Femenino,antonella.lopez637@alumnos.tup.edu.ar,A2,Mañana,2026-03-06,Quiz_01,Quiz,30/03/2026,2026-03-25,"8,1",a tiempo
A00073,Diego Alvarez,19,F,diego.alvarez73@alumnos.tup.edu.ar,B1,Tarde,2026-03-10,TP_01,TP,2026-03-16,2026-03-16,7.0,A tiempo
A00626,Nicolas Castro,30,Masculino,nicolas.castro626@alumnos.tup.edu.ar,A2,Mañana,2026-02-17,TP_02,TP,2026-04-13,2026-04-09,"6,2",A TIEMPO
A00513,Agustin Garcia,19,F,agustin.garcia513@alumnos.tup.edu.ar,B1,Tarde,2026-02-17,TP_02,TP,13/04/2026,10/04/2026,4.7,A tiempo
A00603,Mora Lopez,27,Femenino,mora.lopez603@alumnos.tup.edu.ar, c3 ,Noche,2026-03-09,TP_01,TP,2026-03-16,16-03-2026,9.4,A tiempo
A00603,Mora Lopez,27,Femenino,mora.lopez603@alumnos.tup.edu.ar, c3 ,Noche,09/03/2026,TP_02,TP,2026-04-13,2026-04-13,"8,7",A TIEMPO
A00669,Bautista Torres,22,M,bautista.torres669@alumnos.tup.edu.ar,C4,Noche,14/02/2026,TP_01,TP,2026-03-16,2026-03-13,7.1,A TIEMPO
A00231,Valentino Cabrera,18,M,valentino.cabrera231@alumnos.tup.edu.ar,B2,Tarde,2026-03-01,TP_03,TP,2026-05-11,2026-05-09,7.2,a tiempo
A00271,  Paula Molina ,30,M,paula.molina271@alumnos.tup.edu.ar, a3 ,Mañana,2026-03-09,Parcial_01,Parcial,22/06/2026,2026-06-19,6.6,A TIEMPO
A00601,Julieta Suarez,18,F,julieta.suarez601@alumnos.tup.edu.ar,A2,Mañana,27/02/2026,Quiz_01,Quiz,30/03/2026,2026-03-26,2.8,A TIEMPO
A00242,Mora Ortiz,17,F,mora.ortiz242@alumnos.tup.edu.ar,B2,Tarde,2026-02-27,TP_03,TP,2026-05-11,2026-05-08,6.8,A TIEMPO
A00266,Ignacio Silva,17,F,ignacio.silva266@alumnos.tup.edu.ar,C4,NOCHE,2026-02-26,Parcial_01,Parcial,2026-06-22,2026-06-23,3.9,tarde
A00277,Federico Cabrera,25,M,federico.cabrera277@alumnos.tup.edu.ar,C3,Noche,01/03/2026,Parcial_01,Parcial,2026-06-22,,,NO ENTREGO
A00291,Sofia Garcia,25,F,sofia.garcia291@alumnos.tup.edu.ar,C4,Noche,2026-02-28,Quiz_03,Quiz,25-05-2026,,,NO ENTREGO
A00074,Paula Garcia,21,M,paula.garcia74@alumnos.tup.edu.ar,A1,Mañana,2026-03-07,TP_01,TP,2026-03-16,2026-03-16,5.9,A tiempo
A00584,Gabriel Nuñez,19,M,gabriel.nuñez584@alumnos.tup.edu.ar,A2,Mañana,2026-03-04,TP_02,TP,2026-04-13,10/04/2026,5.9,A TIEMPO
A00357,nicolas romero,21,M,nicolas.romero357@alumnos.tup.edu.ar,B2,Tarde,2026-03-06,Quiz_01,Quiz,2026-03-30,,,NO ENTREGO
A00118,Federico Aguirre,25,M,federico.aguirre118@alumnos.tup.edu.ar,C2,Noche,2026-03-08,Parcial_01,Parcial,2026-06-22,22/06/2026,6.8,a tiempo
A00041,Thiago Ortiz,20,M,thiago.ortiz41@alumnos.tup.edu.ar,C2,Noche,2026-02-23,TP_04,TP,2026-06-08,06/06/2026,6.5,a tiempo
A00498,Lucia Sosa,17,X,lucia.sosa498@alumnos.tup.edu.ar,A3,Mañana,2026-03-10,Quiz_03,Quiz,2026-05-25,24-05-2026,6.5,A TIEMPO
A00247,  Joaquin Benitez ,25,M,joaquin.benitez247@alumnos.tup.edu.ar,A1,Mañana,10/03/2026,Quiz_03,Quiz,2026-05-25,2026-05-22,5.4,a tiempo
A00346,Nicolas Flores,12,M,nicolas.flores346@alumnos.tup.edu.ar,A3,Mañana,2026-03-05,Quiz_02,Quiz,2026-04-27,2026-04-23,"5,7",A TIEMPO
A00118,Federico Aguirre,25,M,federico.aguirre118@alumnos.tup.edu.ar,C2,Noche,08/03/2026,Quiz_03,Quiz,25/05/2026,,,NO ENTREGO
A00086,antonella suarez,25,F,antonella.suarez86@alumnos.tup.edu.ar,B1,Tarde,2026-02-23,TP_04,TP,08-06-2026,,,no entregó
A00660,Sofia Flores,31,Femenino,sofia.flores660@alumnos.tup.edu.ar,C1,Noche,2026-03-01,TP_02,TP,2026-04-13,,,No entrego
A00363,Lucas Molina,17,Femenino,lucas.molina363@alumnos.tup.edu.ar,B1,Tarde,14/02/2026,Quiz_01,Quiz,2026-03-30,2026-04-10,5.6,Tarde
A00036,Nicolas Vega,17,M,nicolas.vega36@alumnos.tup.edu.ar,C2,Noche,2026-03-11,TP_01,TP,2026-03-16,2026-03-13,9.4,A TIEMPO
A00047,Maximo Ramirez,28,F,maximo.ramirez47@alumnos.tup.edu.ar,C4,Noche,2026-03-04,TP_02,TP,2026-04-13,2026-04-09,4.5,A tiempo
A00127,Mora Rodriguez,21,M,mora.rodriguez127@alumnos.tup.edu.ar,A1,Mañana,25/02/2026,Parcial_01,Parcial,2026-06-22,,,No entrego
A00169,Florencia Ortiz,24,F,florencia.ortiz169@alumnos.tup.edu.ar, c1 ,Noche,2026-02-27,Quiz_03,Quiz,25/05/2026,,,No entrego
A00035,Valentino Medina,20,F,valentino.medina35@alumnos.tup.edu.ar,B1,Tarde,04/03/2026,TP_01,TP,16/03/2026,2026-03-18,"5,9",Tarde
A00131,Felipe Luna,28,F,felipe.luna131@alumnos.tup.edu.ar,C3,Noche,2026-03-09,Quiz_03,Quiz,2026-05-25,,,no entregó
A00275,Lucas Sanchez,20,F,lucas.sanchez275@alumnos.tup.edu.ar,B1,Tarde,2026-02-20,Quiz_02,Quiz,2026-04-27,26-04-2026,5.2,A tiempo
A00380,Benjamin Herrera,27,Femenino,benjamin.herrera380@alumnos.tup.edu.ar,B1,Tarde,2026-03-07,TP_04,TP,2026-06-08,08-06-2026,10.0,A tiempo
A00526,Valentina Suarez,17,femenino,valentina.suarez526@@alumnos.tup.edu.ar,B1,Tarde,2026-02-16,Parcial_01,Parcial,2026-06-22,2026-06-19,10.0,A tiempo
A00063,Florencia Romero,24,F,florencia.romero63@alumnos.tup.edu.ar,C3,Noche,2026-03-05,TP_03,TP,11/05/2026,23/05/2026,6.2,TARDE
A00327,Lucas Herrera,32,M,lucas.herrera327@alumnos.tup.edu.ar,B2,Tarde,2026-02-19,TP_02,TP,2026-04-13,2026-04-11,9.3,A TIEMPO
A00508,  Ignacio Acosta ,19,F,ignacio.acosta508@alumnos.tup.edu.ar,A1,Mañana,15/02/2026,TP_03,TP,2026-05-11,2026-05-08,8.0,A tiempo
A00156,Isabella Martinez,22,M,isabella.martinez156@alumnos.tup.edu.ar,B1,Tarde,20/02/2026,TP_03,TP,2026-05-11,2026-05-09,8.3,A tiempo
A00694,Federico Vega,20,M,federico.vega694@alumnos.tup.edu.ar,C3,Noche,20-02-2026,Quiz_01,Quiz,2026-03-30,,,no entregó
A00480,Ignacio Herrera,17,M,ignacio.herrera480@alumnos.tup.edu.ar,C1,Noche,2026-03-01,Quiz_01,Quiz,30/03/2026,2026-04-08,6.0,Tarde
A00010,Antonella Ruiz,22,M,antonella.ruiz10@alumnos.tup.edu.ar,C2,Noche,21/02/2026,TP_03,TP,2026-05-11,2026-05-08,5.5,a tiempo
A00361,Agustin Martinez,23,femenino,agustin.martinez361@alumnos.tup.edu.ar,B2,Tarde,2026-03-06,TP_04,TP,08-06-2026,2026-06-04,7.1,A tiempo
A00431,Diego Gonzalez,34,Femenino,diego.gonzalez431@alumnos.tup.edu.ar,A2,Mañana,05/03/2026,Quiz_01,Quiz,30/03/2026,05-04-2026,"8,0",Tarde
A00282,Martina Fernandez,23,M,martina.fernandez282@alumnos.tup.edu.ar,C2,Noche,2026-02-16,Quiz_02,Quiz,2026-04-27,24-04-2026,5.0,A TIEMPO
A00007,Pilar Gonzalez,28,F,pilar.gonzalez7@alumnos.tup.edu.ar,B1,Tarde,2026-02-14,TP_04,TP,2026-06-08,,,
A00106,Paula Diaz,28,M,paula.diaz106@alumnos.tup.edu.ar,A1,Mañana,2026-03-06,Quiz_03,Quiz,25/05/2026,2026-05-22,"8,2",A tiempo
A00274,  Delfina Cabrera ,18,M,delfina.cabrera274@alumnos.tup.edu.ar,A2,Mañana,2026-02-25,Quiz_03,Quiz,2026-05-25,2026-05-22,"6,7",A tiempo
A00456,Lucas Vega,17,M,lucas.vega456@alumnos.tup.edu.ar,A2,Mañana,06/03/2026,Parcial_01,Parcial,2026-06-22,,,NO ENTREGO
A00050,Lucas Ramirez,17,Masculino,lucas.ramirez50@alumnos.tup.edu.ar,B2,Tarde,2026-02-17,Parcial_01,Parcial,2026-06-22,2026-06-21,7.9,a tiempo
A00083,Santino Rojas,21,femenino,santino.rojas83@alumnos.tup.edu.ar,A2,Mañana,2026-02-25,Parcial_01,Parcial,2026-06-22,17/06/2026,"8,4",a tiempo
A00388,  Delfina Lopez ,26,Masculino,delfina.lopez388@alumnos.tup.edu.ar,C3,Noche,2026-03-07,TP_03,TP,2026-05-11,2026-05-07,9.4,a tiempo
A00492,Olivia Ramirez,17,Masculino,olivia.ramirez492@alumnos.tup.edu.ar,C4,Noche,26/02/2026,Quiz_01,Quiz,30-03-2026,,,
A00020,Ignacio Ortiz,21,F,ignacio.ortiz20@alumnos.tup.edu.ar,A1,Mañana,27/02/2026,Quiz_02,Quiz,27/04/2026,25/04/2026,7.8,A TIEMPO
A00535,Valentino Molina,17,F,valentino.molina535@alumnos.tup.edu.ar,A3,Mañana,2026-03-09,Quiz_01,Quiz,2026-03-30,28/03/2026,7.6,A TIEMPO
A00602,Renata Perez,23,M,renata.perez602@alumnos.tup.edu.ar,C2,Noche,05/03/2026,TP_03,TP,2026-05-11,2026-05-08,5.8,A tiempo
A00075,Mia Gonzalez,23,F,mia.gonzalez75@alumnos.tup.edu.ar,B1,Tarde,2026-03-07,Quiz_01,Quiz,2026-03-30,2026-03-27,"9,2",a tiempo
A00588,Antonella Flores,22,F,antonella.flores588@alumnos.tup.edu.ar,C1,Noche,2026-02-14,TP_03,TP,2026-05-11,2026-05-14,5.6,TARDE
A00028,nicolas torres,23,M,nicolas.torres28@alumnos.tup.edu.ar,A2,Mañana,17-02-2026,Quiz_02,Quiz,2026-04-27,,,
A00255,Bruno Flores,21,Masculino,bruno.flores255@alumnos.tup.edu.ar,B1,Tarde,04/03/2026,Quiz_03,Quiz,2026-05-25,2026-05-30,4.3,tarde
A00523,Joaquin Silva,19,Masculino,joaquin.silva523@alumnos.tup.edu.ar,C3,Noche,2026-02-15,Parcial_01,Parcial,22-06-2026,,,no entregó
A00244,Agustin Sanchez,17,Masculino,agustin.sanchez244@alumnos.tup.edu.ar,A2,Mañana,2026-02-23,Quiz_01,Quiz,30/03/2026,2026-03-30,"7,8",A tiempo
A00198,Nicolas Benitez,17,F,nicolas.benitez198@alumnos.tup.edu.ar,C2,Noche,2026-02-16,TP_04,TP,2026-06-08,04/06/2026,5.7,a tiempo
A00605,MANUEL ALVAREZ,17,M,manuel.alvarez605@alumnos.tup.edu.ar,B1,Tarde,2026-02-17,Quiz_02,Quiz,2026-04-27,,,No entrego
A00578,ANTONELLA ORTIZ,5,F,antonella.ortiz578@alumnos.tup.edu.ar,A2,Mañana,2026-03-06,TP_02,TP,13/04/2026,23/04/2026,4.6,Tarde
A00548,Mateo Herrera,21,M,mateo.herrera548@alumnos.tup.edu.ar,C4,Noche,2026-02-17,TP_01,TP,2026-03-16,,,NO ENTREGO
A00403,Bautista Luna,23,Femenino,bautista.luna403@alumnos.tup.edu.ar,A2,Mañana,2026-02-15,TP_01,TP,2026-03-16,2026-03-14,8.6,A tiempo
A00221,Antonella Acosta,32,F,antonella.acosta221@alumnos.tup.edu.ar,B2,Tarde,09-03-2026,Quiz_03,Quiz,2026-05-25,2026-05-21,9.2,a tiempo
A00093,Martina Medina,20,F,martina.medina93@alumnos.tup.edu.ar,C3,Noche,2026-03-02,Quiz_03,Quiz,2026-05-25,,,
A00027,Joaquin Sosa,22,M,joaquin.sosa27@alumnos.tup.edu.ar,A3,Mañana,06/03/2026,Quiz_01,Quiz,2026-03-30,29-03-2026,5.4,A tiempo
A00691,Victoria Rojas,22,Masculino,victoria.rojas691@alumnos.tup.edu.ar,A2,Mañana,2026-02-26,TP_03,TP,2026-05-11,2026-05-13,"2,0",TARDE
A00117,Julieta Fernandez,20,F,julieta.fernandez117@alumnos.tup.edu.ar,B2,Tarde,2026-03-01,Quiz_03,Quiz,2026-05-25,2026-05-22,7.2,A tiempo
A00333,Ignacio Sosa,17,F,ignacio.sosa333@alumnos.tup.edu.ar,A3,Mañana,2026-03-01,TP_03,TP,11-05-2026,,,
A00360,Catalina Cabrera,23,M,catalina.cabrera360@alumnos.tup.edu.ar,C2,Noche,22/02/2026,Quiz_01,Quiz,30-03-2026,,,no entregó
A00620,Benjamin Molina,20,M,benjamin.molina620@alumnos.tup.edu.ar,A2,Mañana,16-02-2026,Quiz_01,Quiz,2026-03-30,,,No entrego
A00600,Valentino Suarez,37,M,valentino.suarez600@alumnos.tup.edu.ar,B1,Tarde,2026-03-10,TP_01,TP,16-03-2026,2026-03-23,3.7,Tarde
A00460,  Lautaro Fernandez ,95,femenino,lautaro.fernandez460@alumnos.tup.edu.ar,C1,Noche,2026-03-04,TP_02,TP,13/04/2026,21-04-2026,4.1,TARDE
A00643,Guadalupe Sosa,19,F,guadalupe.sosa643@alumnos.tup.edu.ar,B1,Tarde,2026-02-28,TP_01,TP,16/03/2026,2026-03-12,6.4,a tiempo
A00276,Santino Ortiz,25,F,santino.ortiz276@alumnos.tup.edu.ar,A3,Mañana,2026-02-14,Quiz_02,Quiz,27/04/2026,2026-05-01,4.4,TARDE
A00528,Santino Herrera,33,F,santino.herrera528@alumnos.tup.edu.ar,A3,Mañana,01/03/2026,Quiz_02,Quiz,2026-04-27,22-04-2026,5.6,A TIEMPO
A00295,Lucas Medina,20,Femenino,lucas.medina295@alumnos.tup.edu.ar,B1,Tarde,18-02-2026,Parcial_01,Parcial,2026-06-22,,,no entregó
A00654,Isabella Herrera,29,Femenino,isabella.herrera654@alumnos.tup.edu.ar,B1,Tarde,2026-03-06,Quiz_01,Quiz,2026-03-30,2026-03-26,"7,1",A TIEMPO
A00135,Lucas Aguirre,19,F,lucas.aguirre135@alumnos.tup.edu.ar,B1,Tarde,2026-02-23,TP_01,TP,2026-03-16,28/03/2026,4.6,TARDE
A00640,Felipe Nuñez,20,M,,C1,Noche,2026-02-22,TP_03,TP,2026-05-11,2026-05-08,9.5,a tiempo
A00308,Nicolas Sosa,20,femenino,nicolas.sosa308@alumnos.tup.edu.ar,B1,Tarde,2026-02-16,Parcial_01,Parcial,2026-06-22,2026-06-18,"6,7",A TIEMPO
A00081,Victoria Silva,23,F,victoria.silva81@alumnos.tup.edu.ar,C3,Noche,02/03/2026,Quiz_02,Quiz,27/04/2026,2026-04-26,"8,8",A tiempo
A00295,Lucas Medina,20,Femenino,lucas.medina295@alumnos.tup.edu.ar,B1,Tarde,18-02-2026,TP_03,TP,11/05/2026,,,No entrego
A00631,SOFIA ROMERO,23,M,sofia.romero631@alumnos.tup.edu.ar,B2,Tarde,2026-02-21,TP_04,TP,08/06/2026,,,No entrego
A00608,Delfina Torres,20,Femenino,,B2,Tarde,2026-02-25,TP_03,TP,2026-05-11,06/05/2026,3.3,A TIEMPO
A00670,Julieta Sanchez,18,M,julieta.sanchez670@@alumnos.tup.edu.ar,A3,Mañana,23/02/2026,TP_01,TP,16/03/2026,,,
A00253,Santino Flores,24,M,santino.flores253@alumnos.tup.edu.ar,A1,Mañana,2026-03-04,Quiz_01,Quiz,2026-03-30,2026-03-27,7.0,A TIEMPO
A00014,Isabella Ruiz,25,Femenino,isabella.ruiz14@alumnos.tup.edu.ar,A1,Mañana,2026-03-09,Quiz_01,Quiz,2026-03-30,,,No entrego
A00694,Federico Vega,20,M,federico.vega694@alumnos.tup.edu.ar,C3,Noche,2026-02-20,Quiz_03,Quiz,2026-05-25,,,NO ENTREGO
A00408,Benjamin Silva,25,M,,B2,Tarde,2026-03-10,Parcial_01,Parcial,2026-06-22,2026-06-20,9.3,A tiempo
A00684,Mia Luna,17,F,mia.luna684@alumnos.tup.edu.ar,B2,Tarde,2026-02-28,Quiz_03,Quiz,2026-05-25,2026-05-25,"8,1",A TIEMPO
A00298,LAUTARO ORTIZ,18,Femenino,lautaro.ortiz298@alumnos.tup.edu.ar,B1,Tarde,2026-03-10,Quiz_01,Quiz,30-03-2026,2026-03-27,"6,5",A tiempo
A00192,Emma Sanchez,17,F,emma.sanchez192@alumnos.tup.edu.ar,C1,Noche,11/03/2026,TP_03,TP,2026-05-11,,,
A00597,Manuel Rodriguez,18,M,manuel.rodriguez597@alumnos.tup.edu.ar,C2,Noche,2026-03-07,Quiz_01,Quiz,2026-03-30,26/03/2026,8.7,A TIEMPO
A00450,Gabriel Nuñez,27,F,gabriel.nuñez450@alumnos.tup.edu.ar,A2,Mañana,2026-03-11,TP_03,TP,2026-05-11,13/05/2026,5.8,TARDE
A00221,Antonella Acosta,32,F,antonella.acosta221@alumnos.tup.edu.ar,B2,Tarde,2026-03-09,TP_03,TP,2026-05-11,2026-05-07,7.6,a tiempo
A00641,Felipe Molina,17,F,felipe.molina641@alumnos.tup.edu.ar,C3,Noche,2026-03-07,TP_01,TP,2026-03-16,,,no entregó
A00566,Paula Gonzalez,19,M,paula.gonzalez566@alumnos.tup.edu.ar,C2,Noche,2026-02-25,TP_04,TP,2026-06-08,,,NO ENTREGO
A00238,Olivia Castro,17,F,olivia.castro238@alumnos.tup.edu.ar,C2,Noche,04/03/2026,Quiz_03,Quiz,2026-05-25,,,NO ENTREGO
A00383,Felipe Rojas,31,Masculino,felipe.rojas383@alumnos.tup.edu.ar,A1,Mañana,08-03-2026,Quiz_01,Quiz,2026-03-30,28/03/2026,7.9,A TIEMPO
A00031,Federico Ruiz,21,Femenino,federico.ruiz31@alumnos.tup.edu.ar,C1,Noche,2026-02-27,Quiz_02,Quiz,2026-04-27,,,
A00644,DELFINA VEGA,23,M,delfina.vega644@alumnos.tup.edu.ar,C1,Noche,02/03/2026,TP_03,TP,11-05-2026,,,no entregó
A00385,Antonella Ruiz,25,F,antonella.ruiz385@alumnos.tup.edu.ar,B2,Tarde,15-02-2026,TP_04,TP,2026-06-08,2026-06-04,8.0,a tiempo
A00635,Mora Flores,22,Femenino,mora.flores635@alumnos.tup.edu.ar,A3,Mañana,24-02-2026,Quiz_03,Quiz,2026-05-25,2026-05-20,6.3,A TIEMPO
A00610,Manuel Sanchez,22,M,manuel.sanchez610@alumnos.tup.edu.ar,B1,Tarde,24-02-2026,TP_04,TP,08-06-2026,2026-06-04,"7,3",A TIEMPO
A00227,Joaquin Alvarez,25,Masculino,joaquin.alvarez227@alumnos.tup.edu.ar,C1,Noche,2026-02-27,Quiz_02,Quiz,27/04/2026,2026-04-25,6.8,A tiempo
A00158,Nicolas Torres,26,M,nicolas.torres158@alumnos.tup.edu.ar,C2,Noche,17/02/2026,Quiz_01,Quiz,2026-03-30,2026-04-08,6.5,Tarde
A00266,Ignacio Silva,17,F,ignacio.silva266@alumnos.tup.edu.ar,C4,NOCHE,2026-02-26,TP_02,TP,2026-04-13,2026-04-24,4.5,TARDE
A00115,Olivia Acosta,17,M,olivia.acosta115@alumnos.tup.edu.ar,C1,Noche,2026-03-03,Quiz_03,Quiz,25-05-2026,2026-05-25,5.6,a tiempo
A00685,Joaquin Vega,17,M,joaquin.vega685@alumnos.tup.edu.ar,A3,Mañana,2026-03-03,Quiz_03,Quiz,25/05/2026,,,
A00670,Julieta Sanchez,18,M,julieta.sanchez670@@alumnos.tup.edu.ar,A3,Mañana,2026-02-23,Quiz_02,Quiz,27-04-2026,2026-04-22,4.0,A tiempo
A00365,Felipe Martinez,20,Femenino,felipe.martinez365@alumnos.tup.edu.ar,B2,Tarde,09/03/2026,TP_03,TP,11/05/2026,,,NO ENTREGO
A00618,Mora Martinez,24,F,mora.martinez618@alumnos.tup.edu.ar,B2,Tarde,25-02-2026,Parcial_01,Parcial,22/06/2026,2026-06-18,"7,8",a tiempo
A00639,Antonella Luna,24,M,antonella.luna639@alumnos.tup.edu.ar,B2,TARDE,2026-02-19,TP_01,TP,16/03/2026,13/03/2026,5.8,A TIEMPO
A00002,Mora Nuñez,24,F,mora.nuñez2@alumnos.tup.edu.ar,B2,Tarde,2026-02-25,TP_01,TP,2026-03-16,2026-03-24,5.6,Tarde
A00263,Joaquin Luna,21,M,joaquin.luna263@alumnos.tup.edu.ar,A3,Mañana,2026-02-17,TP_04,TP,2026-06-08,08-06-2026,"8,5",A tiempo
A00447,felipe luna,21,F,felipe.luna447@alumnos.tup.edu.ar,C4,Noche,04-03-2026,TP_04,TP,08/06/2026,2026-06-06,5.4,A TIEMPO
A00059,Delfina Perez,18,F,delfina.perez59@alumnos.tup.edu.ar,B2,Tarde,09-03-2026,TP_02,TP,2026-04-13,,,
A00212,Diego Sanchez,27,F,diego.sanchez212@alumnos.tup.edu.ar,C3,Noche,05/03/2026,Parcial_01,Parcial,2026-06-22,2026-06-20,7.7,A TIEMPO
A00438,Olivia Nuñez,20,F,olivia.nuñez438@alumnos.tup.edu.ar,A3,Mañana,2026-02-16,Quiz_03,Quiz,25/05/2026,2026-05-20,9.3,a tiempo
A00020,Ignacio Ortiz,21,F,ignacio.ortiz20@alumnos.tup.edu.ar,A1,Mañana,2026-02-27,TP_03,TP,2026-05-11,2026-05-10,9.8,A tiempo
A00430,Felipe Sanchez,25,femenino,felipe.sanchez430@alumnos.tup.edu.ar,C4,Noche,26/02/2026,TP_01,TP,2026-03-16,2026-03-15,"7,8",a tiempo
A00270,Felipe Rodriguez,23,F,felipe.rodriguez270@alumnos.tup.edu.ar,B1,Tarde,2026-03-02,Parcial_01,Parcial,2026-06-22,2026-07-04,4.9,tarde
A00029,Delfina Benitez,28,F,delfina.benitez29@alumnos.tup.edu.ar,C4,Noche,10/03/2026,Quiz_02,Quiz,2026-04-27,2026-05-01,3.2,Tarde
A00687,Pilar Romero,21,F,pilar.romero687@alumnos.tup.edu.ar,C1,Noche,09/03/2026,Quiz_01,Quiz,2026-03-30,2026-03-27,6.9,a tiempo
A00263,Joaquin Luna,21,M,joaquin.luna263@alumnos.tup.edu.ar,A3,Mañana,2026-02-17,TP_01,TP,16-03-2026,2026-03-14,6.9,A tiempo
A00431,Diego Gonzalez,34,Femenino,diego.gonzalez431@alumnos.tup.edu.ar,A2,Mañana,2026-03-05,Parcial_01,Parcial,2026-06-22,2026-06-17,6.6,a tiempo
A00409,Pilar Torres,23,M,pilar.torres409@alumnos.tup.edu.ar,A1,Mañana,2026-03-10,Quiz_02,Quiz,27/04/2026,2026-04-23,9.2,a tiempo
A00032,Federico Herrera,22,F,federico.herrera32@alumnos.tup.edu.ar,A2,Mañana,05/03/2026,TP_01,TP,2026-03-16,2026-03-14,"8,3",A tiempo
A00667,Mora Sosa,20,F,mora.sosa667@alumnos.tup.edu.ar,C4,Noche,23-02-2026,Parcial_01,Parcial,2026-06-22,21-06-2026,9.4,A TIEMPO
A00450,Gabriel Nuñez,27,F,gabriel.nuñez450@alumnos.tup.edu.ar,A2,Mañana,11-03-2026,TP_01,TP,2026-03-16,2026-03-15,7.5,A TIEMPO
A00408,Benjamin Silva,25,M,,B2,Tarde,10-03-2026,Quiz_02,Quiz,2026-04-27,2026-04-22,8.9,a tiempo
A00632,Thiago Rodriguez,25,M,thiago.rodriguez632@alumnos.tup.edu.ar,C1,Noche,2026-03-08,TP_01,TP,2026-03-16,2026-03-11,6.9,a tiempo
A00248,Benjamin Garcia,18,F,benjamin.garcia248@alumnos.tup.edu.ar,A1,Mañana,2026-03-06,TP_01,TP,2026-03-16,,,
A00370,BAUTISTA TORRES,23,M,bautista.torres370@alumnos.tup.edu.ar, b1 ,Tarde,2026-03-11,TP_01,TP,16/03/2026,23/03/2026,4.2,tarde
A00462,Gabriel Gonzalez,26,M,gabriel.gonzalez462@alumnos.tup.edu.ar,B1,Tarde,2026-03-01,Quiz_02,Quiz,27/04/2026,23/04/2026,5.6,A tiempo
A00518,Nicolas Diaz,28,Masculino,nicolas.diaz518@alumnos.tup.edu.ar,B1,Tarde,03-03-2026,TP_03,TP,2026-05-11,,,
A00113,Manuel Flores,21,Masculino,manuel.flores113@alumnos.tup.edu.ar,B2,Tarde,2026-03-04,TP_02,TP,2026-04-13,2026-04-12,"8,6",A tiempo
A00378,Lautaro Ruiz,20,M,lautaro.ruiz378@alumnos.tup.edu.ar,A2,Mañana,25-02-2026,Parcial_01,Parcial,2026-06-22,2026-06-27,6.2,TARDE
A00561,Victoria Lopez,18,M,victoria.lopez561@alumnos.tup.edu.ar,B2,Tarde,2026-03-09,TP_02,TP,2026-04-13,2026-04-11,6.6,a tiempo
A00302,Nicolas Perez,22,M,nicolas.perez302@alumnos.tup.edu.ar,A3,Mañana,2026-03-07,TP_01,TP,16/03/2026,2026-03-28,3.4,Tarde
A00421,Agustin Luna,22,Masculino,agustin.luna421@alumnos.tup.edu.ar,A2,Mañana,2026-03-08,Quiz_02,Quiz,2026-04-27,,,NO ENTREGO
A00618,Mora Martinez,24,F,mora.martinez618@alumnos.tup.edu.ar,B2,Tarde,2026-02-25,TP_03,TP,2026-05-11,2026-05-09,7.6,A tiempo
A00179,Lucas Rodriguez,20,Masculino,lucas.rodriguez179@alumnos.tup.edu.ar,A3,Mañana,04/03/2026,Quiz_02,Quiz,2026-04-27,2026-04-23,5.1,a tiempo
A00087,Bautista Silva,19,M,bautista.silva87@alumnos.tup.edu.ar,C3,Noche,09/03/2026,TP_01,TP,2026-03-16,2026-03-14,8.5,A TIEMPO
A00288,Lucas Acosta,26,F,lucas.acosta288@alumnos.tup.edu.ar,B1,Tarde,2026-03-05,Quiz_01,Quiz,30/03/2026,29-03-2026,6.2,a tiempo
A00416,Antonella Medina,26,Femenino,antonella.medina416@alumnos.tup.edu.ar,B2,Tarde,06-03-2026,Quiz_03,Quiz,2026-05-25,25/05/2026,9.6,a tiempo
A00283,Felipe Suarez,23,F,felipe.suarez283@alumnos.tup.edu.ar,B2,Tarde,2026-02-22,Quiz_02,Quiz,2026-04-27,,,No entrego
A00650,Pilar Garcia,17,M,pilar.garcia650@alumnos.tup.edu.ar, c3 ,Noche,18/02/2026,Parcial_01,Parcial,22/06/2026,17/06/2026,6.6,A TIEMPO
A00397,camila benitez,17,F,camila.benitez397@alumnos.tup.edu.ar,C3,Noche,2026-03-03,TP_04,TP,08/06/2026,,,NO ENTREGO
A00277,Federico Cabrera,25,M,federico.cabrera277@alumnos.tup.edu.ar,C3,Noche,2026-03-01,Quiz_03,Quiz,25-05-2026,,,NO ENTREGO
A00592,valentino rodriguez,19,M,valentino.rodriguez592@alumnos.tup.edu.ar,B2,Tarde,07-03-2026,TP_01,TP,16/03/2026,16/03/2026,8.0,A TIEMPO
A00485,Lucas Torres,27,F,,A2,Mañana,2026-03-08,TP_01,TP,2026-03-16,11/03/2026,8.2,A tiempo
A00393,Delfina Silva,24,M,delfina.silva393@@alumnos.tup.edu.ar,B2,Tarde,2026-02-22,TP_01,TP,2026-03-16,2026-03-13,6.7,a tiempo
A00627,Isabella Flores,21,Masculino,isabella.flores627@alumnos.tup.edu.ar,C4,Noche,2026-02-20,Quiz_03,Quiz,25/05/2026,2026-05-21,4.3,a tiempo
A00303,Bautista Nuñez,19,F,bautista.nuñez303@alumnos.tup.edu.ar,A3,Mañana,2026-02-27,TP_03,TP,2026-05-11,,,
A00565,Pilar Flores,20,M,pilar.flores565@alumnos.tup.edu.ar,C2,Noche,2026-02-18,TP_01,TP,2026-03-16,2026-03-13,"5,5",a tiempo
A00530,Camila Diaz,26,F,camila.diaz530@alumnos.tup.edu.ar,B1,Tarde,18/02/2026,TP_02,TP,13-04-2026,2026-04-10,8.8,A TIEMPO
A00066,Bruno Torres,29,F,bruno.torres66@alumnos.tup.edu.ar,B1,Tarde,2026-02-18,TP_03,TP,2026-05-11,06/05/2026,5.2,a tiempo
A00356,Maximo Perez,23,M,maximo.perez356@alumnos.tup.edu.ar,B1,Tarde,2026-02-21,TP_01,TP,16-03-2026,26/03/2026,6.8,Tarde
A00091,Martina Aguirre,17,M,martina.aguirre91@alumnos.tup.edu.ar, a1 ,Mañana,2026-02-14,TP_03,TP,11/05/2026,2026-05-11,5.7,A TIEMPO
A00323,Sofia Sosa,28,M,sofia.sosa323@alumnos.tup.edu.ar,B2,Tarde,2026-03-02,TP_02,TP,2026-04-13,2026-04-13,7.4,A tiempo
A00658,Martina Luna,22,F,martina.luna658@alumnos.tup.edu.ar,C3,Noche,05/03/2026,TP_02,TP,2026-04-13,2026-04-13,5.4,A tiempo
A00693,Pilar Romero,19,M,pilar.romero693@alumnos.tup.edu.ar,B1,Tarde,24-02-2026,TP_02,TP,2026-04-13,2026-04-12,7.8,A TIEMPO
A00044,Gabriel Rojas,20,M,gabriel.rojas44@alumnos.tup.edu.ar,B2,Tarde,2026-02-17,Parcial_01,Parcial,2026-06-22,,,No entrego
A00222,lautaro fernandez,18,F,lautaro.fernandez222@alumnos.tup.edu.ar,C3,Noche,2026-02-15,Quiz_01,Quiz,2026-03-30,2026-03-30,"3,1",A tiempo
A00394,Valentino Suarez,18,femenino,valentino.suarez394@alumnos.tup.edu.ar, c2 ,Noche,2026-03-01,Quiz_02,Quiz,2026-04-27,,,no entregó
A00381,Sofia Torres,21,F,sofia.torres381@alumnos.tup.edu.ar,A3,Mañana,10/03/2026,Quiz_01,Quiz,2026-03-30,27/03/2026,"6,0",A TIEMPO
A00540,Renata Garcia,17,M,renata.garcia540@alumnos.tup.edu.ar,B2,Tarde,2026-02-26,Quiz_03,Quiz,2026-05-25,21-05-2026,"8,3",A TIEMPO
A00131,Felipe Luna,28,F,felipe.luna131@alumnos.tup.edu.ar,C3,Noche,09/03/2026,Quiz_02,Quiz,2026-04-27,,,no entregó
A00139,Thiago Castro,28,M,thiago.castro139@@alumnos.tup.edu.ar,A3,Mañana,2026-03-09,Parcial_01,Parcial,2026-06-22,,,No entrego
A00642,Pilar Vega,26,Femenino,pilar.vega642@alumnos.tup.edu.ar,C3,Noche,2026-02-22,TP_04,TP,2026-06-08,2026-06-06,9.9,A tiempo
A00092,Mia Vega,23,Femenino,mia.vega92@alumnos.tup.edu.ar,B1,Tarde,2026-03-01,Quiz_01,Quiz,2026-03-30,26-03-2026,5.7,A TIEMPO
A00639,Antonella Luna,24,M,antonella.luna639@alumnos.tup.edu.ar,B2,TARDE,19/02/2026,Parcial_01,Parcial,2026-06-22,2026-06-17,7.1,A TIEMPO
A00136,Lautaro Ramirez,24,F,lautaro.ramirez136@alumnos.tup.edu.ar,B1,Tarde,2026-03-04,Quiz_02,Quiz,27/04/2026,22-04-2026,5.4,A tiempo
A00697,Benjamin Acosta,26,F,benjamin.acosta697@alumnos.tup.edu.ar,A3,Mañana,24/02/2026,TP_04,TP,2026-06-08,04-06-2026,9.0,A TIEMPO
A00469,Diego Torres,17,femenino,diego.torres469@alumnos.tup.edu.ar,B2,TARDE,2026-02-19,Parcial_01,Parcial,2026-06-22,2026-06-17,6.1,A TIEMPO
A00367,Antonella Vega,26,Masculino,antonella.vega367@alumnos.tup.edu.ar,C2,NOCHE,18/02/2026,TP_04,TP,2026-06-08,2026-06-08,"9,3",A TIEMPO
A00428,Joaquin Torres,34,M,joaquin.torres428@alumnos.tup.edu.ar,B1,Tarde,07/03/2026,Quiz_02,Quiz,2026-04-27,2026-04-26,5.3,a tiempo
A00492,Olivia Ramirez,17,Masculino,olivia.ramirez492@alumnos.tup.edu.ar,C4,Noche,2026-02-26,TP_02,TP,2026-04-13,11/04/2026,"4,2",A tiempo
A00606,Delfina Alvarez,23,F,delfina.alvarez606@alumnos.tup.edu.ar,B2,Tarde,17-02-2026,TP_01,TP,2026-03-16,2026-03-11,"6,4",A TIEMPO
A00182,Lucia Silva,19,F,lucia.silva182@alumnos.tup.edu.ar,A1,Mañana,16-02-2026,Quiz_01,Quiz,2026-03-30,2026-03-26,7.1,A tiempo
A00291,Sofia Garcia,25,F,sofia.garcia291@alumnos.tup.edu.ar,C4,Noche,28-02-2026,TP_02,TP,2026-04-13,2026-04-09,5.6,A tiempo
A00347,Santino Molina,19,M,santino.molina347@alumnos.tup.edu.ar,C3,Noche,2026-02-18,Quiz_02,Quiz,2026-04-27,,,
A00551,gabriel diaz,26,M,gabriel.diaz551@alumnos.tup.edu.ar,C2,Noche,2026-02-22,Quiz_03,Quiz,25-05-2026,2026-05-25,"7,4",A TIEMPO
A00028,nicolas torres,23,M,nicolas.torres28@alumnos.tup.edu.ar,A2,Mañana,2026-02-17,Parcial_01,Parcial,2026-06-22,2026-06-19,6.3,A tiempo
A00064,Benjamin Aguirre,21,Masculino,benjamin.aguirre64@alumnos.tup.edu.ar,A1,Mañana,07/03/2026,Parcial_01,Parcial,2026-06-22,,,No entrego
A00542,Manuel Molina,23,F,manuel.molina542@alumnos.tup.edu.ar,B1,Tarde,2026-03-06,Parcial_01,Parcial,22/06/2026,22-06-2026,6.7,A TIEMPO
A00265,PILAR RUIZ,23,Femenino,pilar.ruiz265@alumnos.tup.edu.ar,C4,Noche,2026-02-17,TP_02,TP,2026-04-13,08-04-2026,7.4,A TIEMPO
A00128,Nicolas Cabrera,25,M,nicolas.cabrera128@alumnos.tup.edu.ar,C2,Noche,2026-02-21,Quiz_01,Quiz,2026-03-30,26/03/2026,5.9,A TIEMPO
A00665,Bruno Ramirez,20,Masculino,bruno.ramirez665@alumnos.tup.edu.ar,B1,Tarde,2026-02-22,TP_04,TP,2026-06-08,2026-06-04,8.2,A TIEMPO
A00013,Bautista Perez,17,F,bautista.perez13@alumnos.tup.edu.ar,B2,Tarde,16/02/2026,TP_01,TP,16/03/2026,2026-03-11,"7,7",A TIEMPO
A00172,Agustin Sanchez,23,M,agustin.sanchez172@alumnos.tup.edu.ar,C3,Noche,2026-03-02,Quiz_03,Quiz,2026-05-25,,,NO ENTREGO
A00651,Delfina Garcia,20,M,delfina.garcia651@alumnos.tup.edu.ar,C2,Noche,2026-03-08,TP_04,TP,2026-06-08,,,NO ENTREGO
A00368,Sofia Luna,27,Femenino,sofia.luna368@alumnos.tup.edu.ar,C1,Noche,2026-02-27,Quiz_02,Quiz,27-04-2026,2026-04-27,7.5,A tiempo
A00081,Victoria Silva,23,F,victoria.silva81@alumnos.tup.edu.ar,C3,Noche,02-03-2026,Quiz_01,Quiz,2026-03-30,2026-03-26,9.5,A TIEMPO
A00527,Gabriel Ruiz,27,Femenino,gabriel.ruiz527@alumnos.tup.edu.ar,B1,Tarde,19/02/2026,TP_04,TP,2026-06-08,,,No entrego
A00141,Camila Ramirez,22,M,camila.ramirez141@@alumnos.tup.edu.ar,C1,Noche,19/02/2026,TP_03,TP,11-05-2026,2026-05-10,6.7,A tiempo
A00642,Pilar Vega,26,Femenino,pilar.vega642@alumnos.tup.edu.ar,C3,Noche,2026-02-22,TP_02,TP,2026-04-13,2026-04-09,7.2,a tiempo
A00096,Renata Torres,25,M,renata.torres96@alumnos.tup.edu.ar,C2,Noche,2026-02-27,TP_01,TP,2026-03-16,,,NO ENTREGO
A00252,Emma Rojas,29,M,emma.rojas252@alumnos.tup.edu.ar,C1,Noche,2026-02-16,TP_03,TP,2026-05-11,,,
A00495,Valentino Flores,18,M,valentino.flores495@alumnos.tup.edu.ar,C1,Noche,2026-02-25,Quiz_03,Quiz,2026-05-25,2026-05-24,9.9,A tiempo
A00496,Valentina Silva,23,M,valentina.silva496@alumnos.tup.edu.ar,C1,Noche,2026-02-24,TP_02,TP,13/04/2026,12/04/2026,8.0,A TIEMPO
A00202,Delfina Sanchez,29,femenino,delfina.sanchez202@alumnos.tup.edu.ar,C1,Noche,2026-02-26,TP_03,TP,2026-05-11,,,NO ENTREGO
A00478,renata sanchez,23,F,renata.sanchez478@alumnos.tup.edu.ar, b1 ,Tarde,2026-02-19,TP_04,TP,2026-06-08,04/06/2026,7.5,A TIEMPO
A00282,Martina Fernandez,23,M,martina.fernandez282@alumnos.tup.edu.ar,C2,Noche,16/02/2026,TP_03,TP,2026-05-11,2026-05-06,"6,0",a tiempo
A00543,Pilar Suarez,25,femenino,pilar.suarez543@alumnos.tup.edu.ar,B2,Tarde,2026-02-28,TP_04,TP,2026-06-08,,,NO ENTREGO
A00569,Mora Gonzalez,20,Masculino,mora.gonzalez569@alumnos.tup.edu.ar,A1,Mañana,2026-02-24,TP_04,TP,2026-06-08,2026-06-07,5.3,A tiempo
A00117,Julieta Fernandez,20,F,julieta.fernandez117@alumnos.tup.edu.ar,B2,Tarde,2026-03-01,TP_02,TP,2026-04-13,,,NO ENTREGO
A00627,Isabella Flores,21,Masculino,isabella.flores627@alumnos.tup.edu.ar,C4,Noche,20/02/2026,TP_01,TP,2026-03-16,26-03-2026,4.3,TARDE
A00082,Delfina Rodriguez,23,Masculino,delfina.rodriguez82@alumnos.tup.edu.ar,A3,Mañana,2026-03-11,Parcial_01,Parcial,22/06/2026,2026-06-28,4.7,tarde
A00180,Lautaro Martinez,19,F,lautaro.martinez180@alumnos.tup.edu.ar,B1,Tarde,2026-02-25,TP_01,TP,2026-03-16,2026-03-14,7.5,a tiempo
A00032,Federico Herrera,22,F,federico.herrera32@alumnos.tup.edu.ar,A2,Mañana,2026-03-05,Quiz_02,Quiz,27/04/2026,2026-04-24,"7,8",A tiempo
A00300,ANTONELLA CASTRO,23,M,antonella.castro300@alumnos.tup.edu.ar,A3,MAÑANA,2026-02-28,Parcial_01,Parcial,2026-06-22,,,No entrego
A00188,  Pilar Flores ,29,F,pilar.flores188@alumnos.tup.edu.ar,C4,Noche,2026-03-05,Quiz_01,Quiz,30-03-2026,,,No entrego
A00288,Lucas Acosta,26,F,lucas.acosta288@alumnos.tup.edu.ar,B1,Tarde,2026-03-05,Quiz_02,Quiz,2026-04-27,2026-05-08,"5,3",TARDE
A00387,Manuel Ramirez,17,F,manuel.ramirez387@alumnos.tup.edu.ar,A3,Mañana,2026-03-01,TP_04,TP,08/06/2026,,,NO ENTREGO
A00017,Ignacio Lopez,23,F,ignacio.lopez17@alumnos.tup.edu.ar,A1,Mañana,21/02/2026,Parcial_01,Parcial,2026-06-22,01-07-2026,4.8,Tarde
A00067,Olivia Luna,18,femenino,olivia.luna67@alumnos.tup.edu.ar,A2,Mañana,2026-02-17,TP_01,TP,16-03-2026,2026-03-12,5.4,A TIEMPO
A00139,Thiago Castro,28,M,thiago.castro139@@alumnos.tup.edu.ar,A3,Mañana,09/03/2026,TP_04,TP,08/06/2026,,,NO ENTREGO
A00603,Mora Lopez,27,Femenino,mora.lopez603@alumnos.tup.edu.ar, c3 ,Noche,2026-03-09,Quiz_03,Quiz,2026-05-25,23/05/2026,8.1,A TIEMPO
A00125,Diego Acosta,17,F,diego.acosta125@alumnos.tup.edu.ar,C1,Noche,2026-02-20,Quiz_02,Quiz,2026-04-27,23/04/2026,5.5,A tiempo
A00308,Nicolas Sosa,20,femenino,nicolas.sosa308@alumnos.tup.edu.ar,B1,Tarde,2026-02-16,TP_03,TP,2026-05-11,2026-05-11,7.6,a tiempo
A00043,Maximo Martinez,20,M,maximo.martinez43@alumnos.tup.edu.ar,A1,Mañana,2026-02-17,Quiz_01,Quiz,2026-03-30,26-03-2026,1.7,a tiempo
A00308,Nicolas Sosa,20,femenino,nicolas.sosa308@alumnos.tup.edu.ar,B1,Tarde,16/02/2026,Quiz_03,Quiz,2026-05-25,2026-05-22,9.3,a tiempo
A00096,Renata Torres,25,M,renata.torres96@alumnos.tup.edu.ar,C2,Noche,2026-02-27,TP_03,TP,2026-05-11,,,
A00241,Nicolas Ruiz,17,Masculino,nicolas.ruiz241@alumnos.tup.edu.ar, c1 ,Noche,06/03/2026,Quiz_03,Quiz,2026-05-25,2026-05-23,"8,9",A TIEMPO
A00341,Nicolas Gonzalez,25,M,nicolas.gonzalez341@alumnos.tup.edu.ar,C4,Noche,28-02-2026,Quiz_03,Quiz,2026-05-25,,,no entregó
A00650,Pilar Garcia,17,M,pilar.garcia650@alumnos.tup.edu.ar, c3 ,Noche,2026-02-18,Quiz_02,Quiz,2026-04-27,2026-04-26,9.6,A TIEMPO
A00374,Mora Ruiz,20,F,mora.ruiz374@alumnos.tup.edu.ar,A2,Mañana,04/03/2026,TP_03,TP,2026-05-11,15/05/2026,5.2,TARDE
A00262,Joaquin Aguirre,23,Masculino,joaquin.aguirre262@alumnos.tup.edu.ar,C1,Noche,01/03/2026,Quiz_02,Quiz,2026-04-27,,,
A00321,Benjamin Aguirre,17,Masculino,benjamin.aguirre321@alumnos.tup.edu.ar,C3,Noche,09/03/2026,TP_04,TP,2026-06-08,2026-06-06,5.4,a tiempo
A00579,Lucas Benitez,19,F,lucas.benitez579@alumnos.tup.edu.ar,A1,Mañana,06/03/2026,Parcial_01,Parcial,22/06/2026,2026-06-30,8.4,tarde
A00139,Thiago Castro,28,M,thiago.castro139@@alumnos.tup.edu.ar,A3,Mañana,2026-03-09,TP_03,TP,2026-05-11,2026-05-10,7.1,A tiempo
A00393,Delfina Silva,24,M,delfina.silva393@@alumnos.tup.edu.ar,B2,Tarde,22/02/2026,Quiz_01,Quiz,2026-03-30,2026-03-28,7.0,a tiempo
A00685,Joaquin Vega,17,M,joaquin.vega685@alumnos.tup.edu.ar,A3,Mañana,03/03/2026,TP_04,TP,08/06/2026,,,
A00032,Federico Herrera,22,F,federico.herrera32@alumnos.tup.edu.ar,A2,Mañana,05/03/2026,Quiz_03,Quiz,2026-05-25,2026-05-21,5.3,A tiempo
A00348,Sofia Herrera,17,X,sofia.herrera348@alumnos.tup.edu.ar,B1,Tarde,2026-02-26,Parcial_01,Parcial,2026-06-22,2026-06-26,6.9,Tarde
A00110,Diego Sosa,23,M,diego.sosa110@alumnos.tup.edu.ar,B2,Tarde,2026-02-16,TP_03,TP,2026-05-11,06-05-2026,7.3,A TIEMPO
A00275,Lucas Sanchez,20,F,lucas.sanchez275@alumnos.tup.edu.ar,B1,Tarde,2026-02-20,TP_01,TP,2026-03-16,25-03-2026,4.9,tarde
A00269,Paula Martinez,25,F,paula.martinez269@alumnos.tup.edu.ar,A2,Mañana,05/03/2026,TP_02,TP,2026-04-13,2026-04-08,5.7,A tiempo
A00611,Pilar Fernandez,21,F,pilar.fernandez611@alumnos.tup.edu.ar,C4,Noche,2026-03-06,TP_01,TP,2026-03-16,26/03/2026,4.6,tarde
A00518,Nicolas Diaz,28,Masculino,nicolas.diaz518@alumnos.tup.edu.ar,B1,Tarde,2026-03-03,TP_01,TP,2026-03-16,16-03-2026,"4,6",A tiempo
A00059,Delfina Perez,18,F,delfina.perez59@alumnos.tup.edu.ar,B2,Tarde,2026-03-09,TP_03,TP,11/05/2026,,,NO ENTREGO
A00039,Emma Perez,23,M,emma.perez39@alumnos.tup.edu.ar,C3,Noche,2026-03-08,TP_04,TP,08/06/2026,08-06-2026,9.2,A tiempo
A00467,Mateo Ortiz,19,F,mateo.ortiz467@alumnos.tup.edu.ar,A3,Mañana,2026-03-10,Parcial_01,Parcial,2026-06-22,2026-06-19,"8,5",A TIEMPO
A00170,Valentino Sanchez,24,Femenino,valentino.sanchez170@alumnos.tup.edu.ar,B2,Tarde,2026-02-18,Parcial_01,Parcial,2026-06-22,2026-07-04,"6,5",tarde
A00412,Mora Aguirre,25,M,mora.aguirre412@alumnos.tup.edu.ar,A1,MAÑANA,14/02/2026,TP_04,TP,08/06/2026,14-06-2026,4.9,TARDE
A00018,Joaquin Luna,21,F,joaquin.luna18@alumnos.tup.edu.ar,C1,Noche,2026-02-17,TP_02,TP,2026-04-13,2026-04-08,6.3,A tiempo
A00696,  Joaquin Sosa ,22,M,joaquin.sosa696@alumnos.tup.edu.ar, c2 ,Noche,2026-02-22,Quiz_01,Quiz,30/03/2026,,,No entrego
A00244,Agustin Sanchez,17,Masculino,agustin.sanchez244@alumnos.tup.edu.ar,A2,Mañana,23/02/2026,Quiz_03,Quiz,25/05/2026,2026-05-24,"6,2",A TIEMPO
A00343,Lucia Ramirez,18,M,lucia.ramirez343@alumnos.tup.edu.ar,B2,Tarde,2026-03-03,Quiz_02,Quiz,2026-04-27,2026-05-06,3.9,TARDE
A00578,ANTONELLA ORTIZ,5,F,antonella.ortiz578@alumnos.tup.edu.ar,A2,Mañana,2026-03-06,Quiz_03,Quiz,25-05-2026,2026-05-21,"5,9",a tiempo
A00535,Valentino Molina,17,F,valentino.molina535@alumnos.tup.edu.ar,A3,Mañana,2026-03-09,TP_04,TP,2026-06-08,19/06/2026,"8,9",Tarde
A00523,Joaquin Silva,19,Masculino,joaquin.silva523@alumnos.tup.edu.ar,C3,Noche,2026-02-15,Quiz_03,Quiz,2026-05-25,,,
A00402,Mora Acosta,20,M,mora.acosta402@alumnos.tup.edu.ar,C1,Noche,04/03/2026,Quiz_01,Quiz,30/03/2026,2026-03-29,7.0,A TIEMPO
A00003,Mateo Benitez,25,F,mateo.benitez3@alumnos.tup.edu.ar,B2,Tarde,2026-02-22,TP_02,TP,2026-04-13,11/04/2026,"6,9",A tiempo
A00679,Thiago Luna,20,M,thiago.luna679@alumnos.tup.edu.ar,B1,Tarde,10/03/2026,TP_02,TP,13-04-2026,2026-04-13,7.1,A TIEMPO
A00459,Valentina Benitez,21,M,valentina.benitez459@alumnos.tup.edu.ar,A1,Mañana,2026-02-25,Quiz_01,Quiz,2026-03-30,,,no entregó
A00174,Federico Silva,18,Masculino,federico.silva174@alumnos.tup.edu.ar, c1 ,Noche,08/03/2026,Parcial_01,Parcial,2026-06-22,2026-06-19,8.5,a tiempo
A00483,Antonella Vega,33,Masculino,antonella.vega483@alumnos.tup.edu.ar,A3,Mañana,2026-02-15,TP_03,TP,2026-05-11,,,NO ENTREGO
A00053,Renata Medina,17,F,renata.medina53@alumnos.tup.edu.ar,C4,Noche,21/02/2026,Quiz_02,Quiz,27-04-2026,,,NO ENTREGO
A00069,Bautista Acosta,27,M,bautista.acosta69@alumnos.tup.edu.ar,C3,Noche,16/02/2026,Parcial_01,Parcial,2026-06-22,,,No entrego
A00536,Guadalupe Nuñez,17,Masculino,guadalupe.nuñez536@alumnos.tup.edu.ar,A1,Mañana,2026-02-24,TP_03,TP,2026-05-11,,,NO ENTREGO
A00584,Gabriel Nuñez,19,M,gabriel.nuñez584@alumnos.tup.edu.ar,A2,Mañana,2026-03-04,Quiz_02,Quiz,27/04/2026,09-05-2026,5.0,Tarde
A00043,Maximo Martinez,20,M,maximo.martinez43@alumnos.tup.edu.ar,A1,Mañana,2026-02-17,TP_01,TP,16/03/2026,13/03/2026,"3,9",A TIEMPO
A00197,  Valentina Ramirez ,23,M,valentina.ramirez197@alumnos.tup.edu.ar,A1,Mañana,2026-02-27,Parcial_01,Parcial,22-06-2026,2026-06-20,5.3,A TIEMPO
A00654,Isabella Herrera,29,Femenino,isabella.herrera654@alumnos.tup.edu.ar,B1,Tarde,2026-03-06,Quiz_02,Quiz,2026-04-27,,,No entrego
A00301,Sofia Benitez,23,Masculino,sofia.benitez301@alumnos.tup.edu.ar,C1,Noche,09-03-2026,Quiz_03,Quiz,2026-05-25,2026-05-24,6.2,A TIEMPO
A00655,Emma Fernandez,20,M,emma.fernandez655@alumnos.tup.edu.ar,C2,Noche,2026-02-16,Parcial_01,Parcial,2026-06-22,2026-06-23,5.8,tarde
A00059,Delfina Perez,18,F,delfina.perez59@alumnos.tup.edu.ar,B2,Tarde,2026-03-09,Quiz_03,Quiz,2026-05-25,,,No entrego
A00006,Tomas Ortiz,18,M,tomas.ortiz6@alumnos.tup.edu.ar,C4,Noche,2026-02-18,TP_01,TP,16/03/2026,,,No entrego
A00447,felipe luna,21,F,felipe.luna447@alumnos.tup.edu.ar,C4,Noche,2026-03-04,Quiz_02,Quiz,2026-04-27,2026-05-09,1.3,TARDE
A00672,Maximo Romero,19,F,maximo.romero672@alumnos.tup.edu.ar,A1,Mañana,07/03/2026,TP_02,TP,13-04-2026,2026-04-12,5.7,A TIEMPO
A00093,Martina Medina,20,F,martina.medina93@alumnos.tup.edu.ar,C3,Noche,02/03/2026,Quiz_02,Quiz,2026-04-27,2026-04-26,6.0,A TIEMPO
A00299,Paula Diaz,22,F,paula.diaz299@alumnos.tup.edu.ar,C1,Noche,2026-02-26,TP_04,TP,08/06/2026,,,No entrego
A00121,Lucia Ramirez,24,F,lucia.ramirez121@alumnos.tup.edu.ar,A3,Mañana,2026-03-11,Quiz_03,Quiz,25/05/2026,24/05/2026,6.1,a tiempo
A00088,Gabriel Molina,20,Femenino,gabriel.molina88@alumnos.tup.edu.ar,C4,Noche,2026-03-07,Quiz_01,Quiz,2026-03-30,2026-04-07,4.2,tarde
A00495,Valentino Flores,18,M,valentino.flores495@alumnos.tup.edu.ar,C1,Noche,25-02-2026,Quiz_01,Quiz,2026-03-30,2026-03-29,6.4,A TIEMPO
A00045,Olivia Romero,18,X,olivia.romero45@alumnos.tup.edu.ar, a1 ,Mañana,2026-03-07,TP_04,TP,2026-06-08,2026-06-09,"6,4",TARDE
A00623,Florencia Herrera,18,F,florencia.herrera623@alumnos.tup.edu.ar,A1,Mañana,01-03-2026,Quiz_02,Quiz,27-04-2026,2026-04-26,9.2,A tiempo
A00204,Maximo Vega,17,femenino,maximo.vega204@alumnos.tup.edu.ar,A1,Mañana,2026-02-22,Parcial_01,Parcial,22/06/2026,,,NO ENTREGO
A00308,Nicolas Sosa,20,femenino,nicolas.sosa308@alumnos.tup.edu.ar,B1,Tarde,2026-02-16,Quiz_02,Quiz,2026-04-27,29/04/2026,3.5,Tarde
A00549,Mateo Rodriguez,20,M,mateo.rodriguez549@alumnos.tup.edu.ar,A3,Mañana,2026-02-19,Quiz_02,Quiz,2026-04-27,2026-05-02,"5,2",tarde
A00198,Nicolas Benitez,17,F,nicolas.benitez198@alumnos.tup.edu.ar,C2,Noche,2026-02-16,Quiz_02,Quiz,2026-04-27,26/04/2026,6.7,A TIEMPO
A00629,Mia Fernandez,21,Masculino,mia.fernandez629@alumnos.tup.edu.ar,B1,Tarde,17/02/2026,Quiz_01,Quiz,2026-03-30,28/03/2026,5.4,a tiempo
A00193,VICTORIA SOSA,17,Femenino,victoria.sosa193@alumnos.tup.edu.ar,A1,MAÑANA,11/03/2026,TP_04,TP,2026-06-08,,,no entregó
A00189,Felipe Ruiz,23,M,,B1,Tarde,2026-02-26,Parcial_01,Parcial,22/06/2026,,,NO ENTREGO
A00535,Valentino Molina,17,F,valentino.molina535@alumnos.tup.edu.ar,A3,Mañana,09/03/2026,TP_02,TP,2026-04-13,08/04/2026,5.7,A TIEMPO
A00387,Manuel Ramirez,17,F,manuel.ramirez387@alumnos.tup.edu.ar,A3,Mañana,2026-03-01,Quiz_03,Quiz,2026-05-25,2026-05-30,"4,6",tarde
A00501,Bruno Sanchez,24,Masculino,bruno.sanchez501@alumnos.tup.edu.ar,C3,NOCHE,2026-03-05,Quiz_03,Quiz,2026-05-25,,,NO ENTREGO
A00629,Mia Fernandez,21,Masculino,mia.fernandez629@alumnos.tup.edu.ar,B1,Tarde,2026-02-17,Parcial_01,Parcial,2026-06-22,2026-06-22,"5,2",a tiempo
A00467,Mateo Ortiz,19,F,mateo.ortiz467@alumnos.tup.edu.ar,A3,Mañana,2026-03-10,Quiz_01,Quiz,30/03/2026,2026-03-29,6.6,A TIEMPO
A00694,Federico Vega,20,M,federico.vega694@alumnos.tup.edu.ar,C3,Noche,20-02-2026,TP_01,TP,2026-03-16,,,NO ENTREGO
A00107,Federico Suarez,27,F,federico.suarez107@alumnos.tup.edu.ar,C4,Noche,2026-03-08,TP_02,TP,2026-04-13,11/04/2026,"5,6",a tiempo
A00155,Renata Ramirez,23,F,renata.ramirez155@alumnos.tup.edu.ar,A2,Mañana,2026-03-11,Parcial_01,Parcial,22/06/2026,2026-06-17,5.4,a tiempo
A00354,Felipe Garcia,19,F,felipe.garcia354@alumnos.tup.edu.ar,B2,Tarde,2026-03-04,TP_03,TP,2026-05-11,,,NO ENTREGO
A00291,Sofia Garcia,25,F,sofia.garcia291@alumnos.tup.edu.ar,C4,Noche,2026-02-28,TP_01,TP,16/03/2026,2026-03-25,4.0,TARDE
A00240,Felipe Silva,23,Femenino,felipe.silva240@alumnos.tup.edu.ar,C2,Noche,2026-03-07,TP_04,TP,08/06/2026,2026-06-06,8.9,A TIEMPO
A00008,Ignacio Silva,17,Femenino,ignacio.silva8@@alumnos.tup.edu.ar,B1,Tarde,24-02-2026,Parcial_01,Parcial,2026-06-22,,,NO ENTREGO
A00155,Renata Ramirez,23,F,renata.ramirez155@alumnos.tup.edu.ar,A2,Mañana,11/03/2026,TP_03,TP,2026-05-11,13-05-2026,5.4,TARDE
A00228,Joaquin Lopez,25,M,joaquin.lopez228@alumnos.tup.edu.ar,A1,Mañana,2026-02-25,TP_02,TP,2026-04-13,,,
A00564,Diego Ruiz,19,F,diego.ruiz564@alumnos.tup.edu.ar,B1,Tarde,08/03/2026,TP_01,TP,2026-03-16,2026-03-15,5.2,a tiempo
A00587,Pilar Rodriguez,23,Femenino,pilar.rodriguez587@alumnos.tup.edu.ar, c2 ,Noche,2026-03-09,TP_04,TP,2026-06-08,06/06/2026,9.4,A tiempo
A00530,Camila Diaz,26,F,camila.diaz530@alumnos.tup.edu.ar,B1,Tarde,2026-02-18,TP_04,TP,2026-06-08,2026-06-06,8.5,A TIEMPO
A00286,Felipe Suarez,19,M,felipe.suarez286@alumnos.tup.edu.ar,A3,Mañana,03-03-2026,Parcial_01,Parcial,2026-06-22,,,
A00345,Lucia Castro,20,F,lucia.castro345@alumnos.tup.edu.ar,C4,Noche,07-03-2026,Quiz_01,Quiz,2026-03-30,,,
A00004,Camila Alvarez,23,F,camila.alvarez4@alumnos.tup.edu.ar,C1,Noche,06-03-2026,Quiz_01,Quiz,2026-03-30,28-03-2026,6.8,A tiempo
A00673,  Maximo Diaz ,21,Masculino,maximo.diaz673@alumnos.tup.edu.ar,C2,Noche,2026-03-05,TP_01,TP,2026-03-16,2026-03-15,7.7,A TIEMPO
A00137,Gabriel Lopez,17,Femenino,gabriel.lopez137@alumnos.tup.edu.ar,A2,Mañana,09-03-2026,Quiz_01,Quiz,2026-03-30,28/03/2026,5.9,a tiempo
A00394,Valentino Suarez,18,femenino,valentino.suarez394@alumnos.tup.edu.ar, c2 ,Noche,2026-03-01,TP_04,TP,2026-06-08,2026-06-06,4.0,A TIEMPO
A00490,  Emma Alvarez ,22,M,emma.alvarez490@alumnos.tup.edu.ar,B1,Tarde,14/02/2026,TP_04,TP,2026-06-08,2026-06-05,6.6,a tiempo
A00281,Victoria Romero,17,F,victoria.romero281@alumnos.tup.edu.ar,C2,Noche,2026-03-11,TP_01,TP,2026-03-16,2026-03-15,6.1,A tiempo
A00272,Valentina Sosa,21,M,,B2,Tarde,19/02/2026,Quiz_01,Quiz,30-03-2026,2026-03-27,"8,3",A tiempo
A00434,Mia Cabrera,17,F,mia.cabrera434@alumnos.tup.edu.ar,A1,Mañana,2026-03-01,TP_04,TP,2026-06-08,2026-06-03,8.5,A TIEMPO
A00511,bautista castro,22,femenino,bautista.castro511@alumnos.tup.edu.ar,B1,Tarde,2026-03-07,TP_02,TP,2026-04-13,2026-04-08,"8,3",a tiempo
A00282,Martina Fernandez,23,M,martina.fernandez282@alumnos.tup.edu.ar,C2,Noche,2026-02-16,Parcial_01,Parcial,2026-06-22,17/06/2026,5.9,a tiempo
A00249,Agustin Torres,21,F,agustin.torres249@alumnos.tup.edu.ar,C1,Noche,2026-02-16,TP_02,TP,2026-04-13,2026-04-09,7.8,A TIEMPO
A00134,santino romero,24,F,santino.romero134@alumnos.tup.edu.ar,A1,Mañana,2026-02-23,Quiz_01,Quiz,30/03/2026,,,no entregó
A00560,lucas ramirez,19,F,lucas.ramirez560@alumnos.tup.edu.ar,C2,NOCHE,2026-02-27,Parcial_01,Parcial,2026-06-22,20/06/2026,6.7,a tiempo
A00577,Emma Medina,17,F,emma.medina577@alumnos.tup.edu.ar,A2,Mañana,2026-02-26,TP_04,TP,2026-06-08,2026-06-07,7.7,A tiempo
A00121,Lucia Ramirez,24,F,lucia.ramirez121@alumnos.tup.edu.ar,A3,Mañana,2026-03-11,Parcial_01,Parcial,2026-06-22,2026-06-22,7.1,A TIEMPO
A00428,Joaquin Torres,34,M,joaquin.torres428@alumnos.tup.edu.ar,B1,Tarde,2026-03-07,Parcial_01,Parcial,2026-06-22,2026-07-04,"7,1",tarde
A00644,DELFINA VEGA,23,M,delfina.vega644@alumnos.tup.edu.ar,C1,Noche,2026-03-02,TP_04,TP,2026-06-08,07-06-2026,7.1,a tiempo
A00013,Bautista Perez,17,F,bautista.perez13@alumnos.tup.edu.ar,B2,Tarde,2026-02-16,TP_03,TP,11/05/2026,,,no entregó
A00187,valentina medina,29,F,valentina.medina187@alumnos.tup.edu.ar,A1,Mañana,2026-02-19,TP_01,TP,2026-03-16,2026-03-22,4.1,tarde
A00358,Lucia Romero,20,F,lucia.romero358@alumnos.tup.edu.ar,B1,Tarde,2026-03-03,Quiz_02,Quiz,2026-04-27,2026-04-25,9.0,A tiempo
A00633,Olivia Nuñez,20,Masculino,olivia.nuñez633@alumnos.tup.edu.ar,B1,Tarde,2026-02-16,Parcial_01,Parcial,2026-06-22,22-06-2026,9.7,A TIEMPO
A00515,  Valentino Diaz ,22,F,valentino.diaz515@alumnos.tup.edu.ar,C4,Noche,2026-02-23,TP_01,TP,16-03-2026,2026-03-25,6.5,Tarde
A00555,Felipe Vega,19,M,felipe.vega555@alumnos.tup.edu.ar,A2,Mañana,16-02-2026,TP_01,TP,16/03/2026,21/03/2026,6.2,tarde
A00052,Valentino Sanchez,22,M,valentino.sanchez52@alumnos.tup.edu.ar,C2,Noche,2026-02-14,Quiz_02,Quiz,2026-04-27,25/04/2026,8.3,a tiempo
A00072,Bautista Nuñez,25,Masculino,bautista.nuñez72@alumnos.tup.edu.ar,C3,Noche,15/02/2026,TP_02,TP,13-04-2026,,,No entrego
A00388,  Delfina Lopez ,26,Masculino,delfina.lopez388@alumnos.tup.edu.ar,C3,Noche,2026-03-07,TP_01,TP,16-03-2026,2026-03-16,7.1,A TIEMPO
A00351,Manuel Cabrera,17,Masculino,manuel.cabrera351@alumnos.tup.edu.ar, c3 ,NOCHE,02/03/2026,Quiz_03,Quiz,2026-05-25,,,
A00033,Florencia Medina,23,M,florencia.medina33@alumnos.tup.edu.ar,B1,Tarde,2026-02-22,Quiz_01,Quiz,2026-03-30,,,No entrego
A00193,VICTORIA SOSA,17,Femenino,victoria.sosa193@alumnos.tup.edu.ar,A1,MAÑANA,2026-03-11,TP_03,TP,11/05/2026,,,NO ENTREGO
A00399,Diego Silva,24,F,diego.silva399@alumnos.tup.edu.ar,C1,Noche,2026-03-11,TP_03,TP,11/05/2026,2026-05-06,9.4,a tiempo
A00020,Ignacio Ortiz,21,F,ignacio.ortiz20@alumnos.tup.edu.ar,A1,Mañana,2026-02-27,Quiz_03,Quiz,2026-05-25,2026-05-21,8.6,A tiempo
A00079,Paula Luna,30,F,paula.luna79@alumnos.tup.edu.ar,A1,Mañana,06/03/2026,Quiz_02,Quiz,27/04/2026,2026-04-27,9.2,A TIEMPO
A00086,antonella suarez,25,F,antonella.suarez86@alumnos.tup.edu.ar,B1,Tarde,2026-02-23,TP_03,TP,2026-05-11,,,NO ENTREGO
A00500,Valentina Cabrera,18,M,valentina.cabrera500@alumnos.tup.edu.ar,A2,Mañana,2026-02-14,Quiz_02,Quiz,27/04/2026,24/04/2026,7.8,A tiempo
A00360,Catalina Cabrera,23,M,catalina.cabrera360@alumnos.tup.edu.ar,C2,Noche,22/02/2026,Quiz_03,Quiz,2026-05-25,2026-06-02,"3,4",TARDE
A00209,Sofia Nuñez,25,F,sofia.nuñez209@alumnos.tup.edu.ar,A3,MAÑANA,08/03/2026,Quiz_03,Quiz,2026-05-25,,,No entrego
A00531,Catalina Romero,29,F,catalina.romero531@alumnos.tup.edu.ar,B2,Tarde,11/03/2026,Quiz_03,Quiz,2026-05-25,2026-05-23,4.6,a tiempo
A00116,Bruno Rojas,17,X,bruno.rojas116@alumnos.tup.edu.ar,B1,Tarde,2026-03-01,TP_01,TP,2026-03-16,2026-03-12,6.5,a tiempo
A00663,Camila Perez,22,F,camila.perez663@alumnos.tup.edu.ar, a3 ,Mañana,21/02/2026,TP_04,TP,2026-06-08,,,
A00351,Manuel Cabrera,17,Masculino,manuel.cabrera351@alumnos.tup.edu.ar, c3 ,NOCHE,02/03/2026,TP_01,TP,16/03/2026,,,NO ENTREGO
A00280,Julieta Benitez,29,F,julieta.benitez280@alumnos.tup.edu.ar,C2,NOCHE,2026-03-03,Quiz_02,Quiz,2026-04-27,2026-05-04,5.8,tarde
A00683,Delfina Diaz,17,Masculino,delfina.diaz683@alumnos.tup.edu.ar,A1,Mañana,2026-02-24,Quiz_02,Quiz,27-04-2026,2026-04-30,3.4,TARDE
A00213,Bautista Acosta,35,Masculino,bautista.acosta213@alumnos.tup.edu.ar,C3,Noche,06/03/2026,TP_03,TP,2026-05-11,2026-05-07,5.4,A tiempo
A00590,Guadalupe Luna,20,M,guadalupe.luna590@alumnos.tup.edu.ar,C4,Noche,2026-02-16,Quiz_03,Quiz,25-05-2026,,,No entrego
A00504,Tomas Ruiz,22,M,tomas.ruiz504@alumnos.tup.edu.ar,A1,Mañana,23/02/2026,TP_03,TP,2026-05-11,2026-05-08,8.1,a tiempo
A00572,Federico Gonzalez,12,M,,B2,Tarde,2026-03-11,TP_04,TP,2026-06-08,2026-06-07,5.7,A tiempo
A00419,JULIETA MARTINEZ,25,F,julieta.martinez419@alumnos.tup.edu.ar,C4,Noche,2026-03-07,Quiz_02,Quiz,2026-04-27,25-04-2026,5.4,A TIEMPO
A00324,mora lopez,18,M,mora.lopez324@alumnos.tup.edu.ar,B1,Tarde,2026-03-09,Quiz_03,Quiz,25/05/2026,2026-05-21,8.9,A tiempo
A00346,Nicolas Flores,12,M,nicolas.flores346@alumnos.tup.edu.ar,A3,Mañana,05/03/2026,TP_02,TP,2026-04-13,,,
A00381,Sofia Torres,21,F,sofia.torres381@alumnos.tup.edu.ar,A3,Mañana,10/03/2026,Quiz_02,Quiz,2026-04-27,2026-04-28,4.2,Tarde
A00383,Felipe Rojas,31,Masculino,felipe.rojas383@alumnos.tup.edu.ar,A1,Mañana,2026-03-08,TP_04,TP,2026-06-08,2026-06-04,7.8,A tiempo
A00526,Valentina Suarez,17,femenino,valentina.suarez526@@alumnos.tup.edu.ar,B1,Tarde,16/02/2026,TP_03,TP,2026-05-11,23/05/2026,"3,1",tarde
A00277,Federico Cabrera,25,M,federico.cabrera277@alumnos.tup.edu.ar,C3,Noche,2026-03-01,Quiz_01,Quiz,30/03/2026,27-03-2026,5.2,A tiempo
A00442,Mateo Fernandez,24,F,mateo.fernandez442@alumnos.tup.edu.ar,C3,Noche,2026-03-11,TP_02,TP,13-04-2026,2026-04-13,7.2,a tiempo
A00310,Guadalupe Ortiz,21,M,guadalupe.ortiz310@alumnos.tup.edu.ar,B2,Tarde,25-02-2026,Quiz_01,Quiz,30/03/2026,2026-03-28,7.0,A tiempo
A00187,valentina medina,29,F,valentina.medina187@alumnos.tup.edu.ar,A1,Mañana,2026-02-19,TP_04,TP,08/06/2026,,,no entregó
A00204,Maximo Vega,17,femenino,maximo.vega204@alumnos.tup.edu.ar,A1,Mañana,2026-02-22,Quiz_02,Quiz,27-04-2026,2026-04-30,6.4,Tarde
A00453,Catalina Nuñez,24,Femenino,catalina.nuñez453@alumnos.tup.edu.ar,C1,Noche,01-03-2026,TP_01,TP,2026-03-16,,,
A00504,Tomas Ruiz,22,M,tomas.ruiz504@alumnos.tup.edu.ar,A1,Mañana,2026-02-23,Quiz_02,Quiz,27/04/2026,08-05-2026,4.8,Tarde
A00176,Benjamin Castro,17,F,benjamin.castro176@alumnos.tup.edu.ar,A1,Mañana,2026-02-19,TP_03,TP,2026-05-11,2026-05-06,9.0,A TIEMPO
A00689,Nicolas Molina,20,Femenino,nicolas.molina689@alumnos.tup.edu.ar,A3,Mañana,01/03/2026,Parcial_01,Parcial,2026-06-22,,,no entregó
A00200,Federico Molina,17,F,federico.molina200@alumnos.tup.edu.ar,C4,Noche,20/02/2026,Quiz_02,Quiz,2026-04-27,2026-04-23,8.0,A TIEMPO
A00136,Lautaro Ramirez,24,F,lautaro.ramirez136@alumnos.tup.edu.ar,B1,Tarde,2026-03-04,TP_04,TP,08/06/2026,04/06/2026,3.1,a tiempo
A00021,renata herrera,18,femenino,renata.herrera21@alumnos.tup.edu.ar,B1,Tarde,2026-02-21,TP_04,TP,08-06-2026,,,
A00121,Lucia Ramirez,24,F,lucia.ramirez121@alumnos.tup.edu.ar,A3,Mañana,2026-03-11,Quiz_02,Quiz,2026-04-27,2026-04-26,"7,9",A tiempo
A00076,Maximo Flores,17,M,maximo.flores76@alumnos.tup.edu.ar,C1,Noche,2026-02-21,Quiz_01,Quiz,30/03/2026,2026-03-25,7.6,A tiempo
A00056,Victoria Rodriguez,18,M,victoria.rodriguez56@alumnos.tup.edu.ar,B1,Tarde,08/03/2026,Quiz_03,Quiz,2026-05-25,2026-05-25,5.6,a tiempo
A00457,Antonella Ruiz,20,X,antonella.ruiz457@alumnos.tup.edu.ar,B2,TARDE,2026-03-03,TP_04,TP,2026-06-08,2026-06-03,7.4,A tiempo
A00223,Gabriel Torres,19,M,gabriel.torres223@alumnos.tup.edu.ar,A3,MAÑANA,2026-02-17,TP_01,TP,2026-03-16,13/03/2026,8.2,A TIEMPO
A00042,Emma Garcia,28,Femenino,emma.garcia42@@alumnos.tup.edu.ar,A3,Mañana,2026-02-23,TP_02,TP,13/04/2026,2026-04-10,6.4,A tiempo
A00064,Benjamin Aguirre,21,Masculino,benjamin.aguirre64@alumnos.tup.edu.ar,A1,Mañana,2026-03-07,Quiz_03,Quiz,2026-05-25,,,NO ENTREGO
A00466,Diego Silva,22,M,diego.silva466@alumnos.tup.edu.ar,C4,Noche,2026-02-26,TP_01,TP,16-03-2026,2026-03-11,6.4,A tiempo
A00537,Manuel Sosa,24,M,manuel.sosa537@@alumnos.tup.edu.ar,B2,Tarde,2026-02-28,Parcial_01,Parcial,2026-06-22,2026-06-19,8.3,A tiempo
A00313,Mia Torres,20,F,mia.torres313@alumnos.tup.edu.ar,A1,Mañana,2026-03-07,Quiz_03,Quiz,25/05/2026,2026-05-24,"6,6",a tiempo
A00251,Camila Benitez,19,F,camila.benitez251@alumnos.tup.edu.ar,C4,Noche,2026-03-02,TP_02,TP,2026-04-13,2026-04-13,7.2,a tiempo
A00062,Valentino Ortiz,30,M,valentino.ortiz62@alumnos.tup.edu.ar,A1,Mañana,2026-03-03,Parcial_01,Parcial,2026-06-22,,,NO ENTREGO
A00286,Felipe Suarez,19,M,felipe.suarez286@alumnos.tup.edu.ar,A3,Mañana,2026-03-03,Quiz_03,Quiz,2026-05-25,2026-05-24,"7,1",a tiempo
A00506,Renata Rojas,18,F,renata.rojas506@alumnos.tup.edu.ar,A3,Mañana,2026-02-15,Quiz_01,Quiz,2026-03-30,2026-04-08,5.3,tarde
A00390,Julieta Garcia,27,M,julieta.garcia390@alumnos.tup.edu.ar,A3,Mañana,2026-02-26,TP_01,TP,16-03-2026,11-03-2026,10.0,A TIEMPO
A00339,Renata Medina,23,F,renata.medina339@alumnos.tup.edu.ar,A1,Mañana,03-03-2026,Parcial_01,Parcial,2026-06-22,2026-06-20,7.9,a tiempo
A00389,Manuel Diaz,17,F,manuel.diaz389@alumnos.tup.edu.ar,A3,Mañana,2026-03-04,TP_01,TP,16-03-2026,16/03/2026,"7,8",a tiempo
A00329,Manuel Martinez,29,Masculino,manuel.martinez329@alumnos.tup.edu.ar,A1,Mañana,17/02/2026,Quiz_03,Quiz,2026-05-25,2026-06-02,5.8,tarde
A00242,Mora Ortiz,17,F,mora.ortiz242@alumnos.tup.edu.ar,B2,Tarde,2026-02-27,Parcial_01,Parcial,2026-06-22,2026-06-24,7.9,TARDE
A00502,Manuel Torres,17,Masculino,manuel.torres502@alumnos.tup.edu.ar,A2,Mañana,2026-03-03,TP_04,TP,2026-06-08,2026-06-08,7.7,a tiempo
A00214,Mia Silva,27,M,mia.silva214@alumnos.tup.edu.ar,C4,Noche,2026-02-27,Parcial_01,Parcial,22-06-2026,2026-06-20,4.9,A tiempo
A00673,  Maximo Diaz ,21,Masculino,maximo.diaz673@alumnos.tup.edu.ar,C2,Noche,2026-03-05,TP_03,TP,2026-05-11,2026-05-11,"5,7",a tiempo
A00371,Valentino Perez,24,M,valentino.perez371@alumnos.tup.edu.ar,A1,MAÑANA,2026-02-14,Parcial_01,Parcial,2026-06-22,,,No entrego
A00144,Tomas Acosta,23,M,tomas.acosta144@alumnos.tup.edu.ar,A1,Mañana,22-02-2026,Quiz_03,Quiz,25/05/2026,,,no entregó
A00430,Felipe Sanchez,25,femenino,felipe.sanchez430@alumnos.tup.edu.ar,C4,Noche,2026-02-26,Quiz_01,Quiz,2026-03-30,2026-03-25,5.3,a tiempo
A00566,Paula Gonzalez,19,M,paula.gonzalez566@alumnos.tup.edu.ar,C2,Noche,2026-02-25,TP_01,TP,16/03/2026,2026-03-14,6.7,a tiempo
A00534,Federico Sanchez,29,Masculino,federico.sanchez534@alumnos.tup.edu.ar,A1,Mañana,2026-02-21,TP_02,TP,2026-04-13,09-04-2026,"7,7",A tiempo
A00089,Maximo Silva,21,M,maximo.silva89@alumnos.tup.edu.ar,A1,Mañana,2026-02-17,TP_03,TP,11/05/2026,07/05/2026,5.7,A TIEMPO
A00240,Felipe Silva,23,Femenino,felipe.silva240@alumnos.tup.edu.ar,C2,Noche,2026-03-07,Quiz_01,Quiz,2026-03-30,28-03-2026,7.5,A TIEMPO
A00282,Martina Fernandez,23,M,martina.fernandez282@alumnos.tup.edu.ar,C2,Noche,2026-02-16,TP_02,TP,2026-04-13,13-04-2026,5.5,a tiempo
A00625,Thiago Gonzalez,21,Masculino,thiago.gonzalez625@alumnos.tup.edu.ar,C1,Noche,2026-03-05,Quiz_02,Quiz,2026-04-27,,,
A00463,Maximo Ortiz,19,F,maximo.ortiz463@alumnos.tup.edu.ar,A2,Mañana,03/03/2026,TP_01,TP,16/03/2026,2026-03-16,"7,5",a tiempo
A00368,Sofia Luna,27,Femenino,sofia.luna368@alumnos.tup.edu.ar,C1,Noche,2026-02-27,TP_02,TP,13/04/2026,10/04/2026,"6,0",A TIEMPO
A00001,Catalina Ortiz,25,M,catalina.ortiz1@alumnos.tup.edu.ar,C1,NOCHE,2026-02-27,Quiz_03,Quiz,2026-05-25,2026-05-21,8.2,a tiempo
A00074,Paula Garcia,21,M,paula.garcia74@alumnos.tup.edu.ar,A1,Mañana,2026-03-07,Quiz_03,Quiz,25-05-2026,2026-05-21,6.8,a tiempo
A00147,Valentina Benitez,31,femenino,valentina.benitez147@alumnos.tup.edu.ar,B1,Tarde,2026-02-26,TP_01,TP,16-03-2026,2026-03-15,8.0,A TIEMPO
A00532,Maximo Rojas,22,M,maximo.rojas532@alumnos.tup.edu.ar,B2,Tarde,2026-02-26,TP_04,TP,08/06/2026,2026-06-04,7.1,A TIEMPO
A00002,Mora Nuñez,24,F,mora.nuñez2@alumnos.tup.edu.ar,B2,Tarde,2026-02-25,TP_02,TP,2026-04-13,2026-04-11,"4,5",A TIEMPO
A00338,  Tomas Ortiz ,17,M,tomas.ortiz338@alumnos.tup.edu.ar, b1 ,Tarde,2026-02-15,TP_01,TP,16-03-2026,2026-03-21,7.3,TARDE
A00629,Mia Fernandez,21,Masculino,mia.fernandez629@alumnos.tup.edu.ar,B1,Tarde,2026-02-17,TP_01,TP,16/03/2026,2026-03-12,6.4,A tiempo
A00509,Catalina Diaz,17,F,catalina.diaz509@alumnos.tup.edu.ar,A3,Mañana,19-02-2026,TP_01,TP,2026-03-16,16/03/2026,6.6,A tiempo
A00673,  Maximo Diaz ,21,Masculino,maximo.diaz673@alumnos.tup.edu.ar,C2,Noche,2026-03-05,Parcial_01,Parcial,2026-06-22,,,NO ENTREGO
A00327,Lucas Herrera,32,M,lucas.herrera327@alumnos.tup.edu.ar,B2,Tarde,19/02/2026,Parcial_01,Parcial,22-06-2026,21/06/2026,7.1,A tiempo
A00070,Agustin Lopez,24,M,agustin.lopez70@alumnos.tup.edu.ar,C3,Noche,2026-02-17,Quiz_02,Quiz,2026-04-27,2026-05-03,2.7,Tarde
A00140,Felipe Acosta,18,M,felipe.acosta140@alumnos.tup.edu.ar,A1,Mañana,2026-03-11,TP_02,TP,2026-04-13,,,no entregó
A00479,Manuel Medina,27,Masculino,manuel.medina479@alumnos.tup.edu.ar,A2,Mañana,2026-03-07,TP_03,TP,2026-05-11,2026-05-18,"4,1",TARDE
A00060,Diego Luna,35,Femenino,diego.luna60@alumnos.tup.edu.ar,C3,Noche,18/02/2026,TP_01,TP,2026-03-16,12-03-2026,6.0,A TIEMPO
A00329,Manuel Martinez,29,Masculino,manuel.martinez329@alumnos.tup.edu.ar,A1,Mañana,2026-02-17,TP_03,TP,2026-05-11,,,No entrego
A00491,Felipe Sanchez,28,M,felipe.sanchez491@alumnos.tup.edu.ar,C2,NOCHE,17/02/2026,Quiz_02,Quiz,2026-04-27,2026-04-27,7.8,a tiempo
A00232,Catalina Ortiz,18,M,catalina.ortiz232@alumnos.tup.edu.ar,C1,Noche,2026-03-06,TP_02,TP,2026-04-13,2026-04-13,"7,4",A TIEMPO
A00332,Lucas Garcia,22,M,lucas.garcia332@@alumnos.tup.edu.ar,A3,Mañana,2026-02-20,TP_01,TP,2026-03-16,2026-03-14,7.7,a tiempo
A00245,Paula Flores,27,Masculino,paula.flores245@alumnos.tup.edu.ar,A1,Mañana,2026-03-11,Parcial_01,Parcial,2026-06-22,,,no entregó
A00320,Camila Cabrera,19,Masculino,camila.cabrera320@alumnos.tup.edu.ar,A1,Mañana,2026-02-20,Quiz_02,Quiz,27-04-2026,2026-04-22,5.3,A TIEMPO
A00348,Sofia Herrera,17,X,sofia.herrera348@alumnos.tup.edu.ar,B1,Tarde,2026-02-26,TP_03,TP,2026-05-11,07/05/2026,5.2,A tiempo
A00370,BAUTISTA TORRES,23,M,bautista.torres370@alumnos.tup.edu.ar, b1 ,Tarde,11-03-2026,Quiz_01,Quiz,30/03/2026,,,NO ENTREGO
A00178,Ignacio Suarez,18,M,ignacio.suarez178@alumnos.tup.edu.ar,B1,Tarde,2026-03-02,Quiz_02,Quiz,2026-04-27,2026-04-26,"8,1",A TIEMPO
A00198,Nicolas Benitez,17,F,nicolas.benitez198@alumnos.tup.edu.ar,C2,Noche,16-02-2026,TP_01,TP,2026-03-16,11-03-2026,7.5,A TIEMPO
A00010,Antonella Ruiz,22,M,antonella.ruiz10@alumnos.tup.edu.ar,C2,Noche,2026-02-21,Quiz_02,Quiz,2026-04-27,2026-04-24,5.2,A tiempo
A00556,Sofia Ortiz,30,M,sofia.ortiz556@alumnos.tup.edu.ar,A2,Mañana,2026-03-03,Parcial_01,Parcial,2026-06-22,20-06-2026,6.1,A tiempo
A00460,  Lautaro Fernandez ,95,femenino,lautaro.fernandez460@alumnos.tup.edu.ar,C1,Noche,2026-03-04,TP_04,TP,2026-06-08,,,no entregó
A00663,Camila Perez,22,F,camila.perez663@alumnos.tup.edu.ar, a3 ,Mañana,2026-02-21,Parcial_01,Parcial,2026-06-22,,,no entregó
A00078,  Florencia Ruiz ,18,M,florencia.ruiz78@alumnos.tup.edu.ar,A2,Mañana,2026-02-24,TP_03,TP,11/05/2026,2026-05-08,7.8,a tiempo
A00699,Isabella Garcia,30,M,isabella.garcia699@alumnos.tup.edu.ar,C1,Noche,2026-02-18,Quiz_03,Quiz,2026-05-25,,,no entregó
A00460,  Lautaro Fernandez ,95,femenino,lautaro.fernandez460@alumnos.tup.edu.ar,C1,Noche,2026-03-04,Quiz_01,Quiz,2026-03-30,2026-03-29,"6,6",A TIEMPO
A00317,Pilar Aguirre,22,Masculino,pilar.aguirre317@alumnos.tup.edu.ar,C2,Noche,2026-03-10,Quiz_03,Quiz,2026-05-25,2026-05-22,8.2,A tiempo
A00172,Agustin Sanchez,23,M,agustin.sanchez172@alumnos.tup.edu.ar,C3,Noche,2026-03-02,TP_04,TP,08/06/2026,2026-06-08,"7,8",A tiempo
A00274,  Delfina Cabrera ,18,M,delfina.cabrera274@alumnos.tup.edu.ar,A2,Mañana,2026-02-25,Quiz_02,Quiz,2026-04-27,2026-05-03,7.5,tarde
A00628,Benjamin Rodriguez,23,Femenino,benjamin.rodriguez628@alumnos.tup.edu.ar,B1,Tarde,2026-02-23,Parcial_01,Parcial,22/06/2026,,,no entregó
A00261,Thiago Nuñez,18,M,thiago.nuñez261@alumnos.tup.edu.ar,B1,Tarde,2026-03-04,Quiz_03,Quiz,2026-05-25,2026-05-21,8.6,A TIEMPO
A00335,Martina Medina,36,Masculino,martina.medina335@alumnos.tup.edu.ar,B1,Tarde,05/03/2026,Quiz_03,Quiz,2026-05-25,25/05/2026,8.5,A tiempo
A00356,Maximo Perez,23,M,maximo.perez356@alumnos.tup.edu.ar,B1,Tarde,21-02-2026,TP_04,TP,2026-06-08,,,NO ENTREGO
A00241,Nicolas Ruiz,17,Masculino,nicolas.ruiz241@alumnos.tup.edu.ar, c1 ,Noche,2026-03-06,TP_02,TP,2026-04-13,13/04/2026,9.1,a tiempo
A00575,Lucas Sanchez,28,M,lucas.sanchez575@alumnos.tup.edu.ar,A3,Mañana,2026-03-06,TP_04,TP,2026-06-08,2026-06-06,3.4,A tiempo
A00492,Olivia Ramirez,17,Masculino,olivia.ramirez492@alumnos.tup.edu.ar,C4,Noche,2026-02-26,Parcial_01,Parcial,22/06/2026,,,no entregó
A00134,santino romero,24,F,santino.romero134@alumnos.tup.edu.ar,A1,Mañana,23/02/2026,TP_02,TP,2026-04-13,,,NO ENTREGO
A00017,Ignacio Lopez,23,F,ignacio.lopez17@alumnos.tup.edu.ar,A1,Mañana,21-02-2026,Quiz_01,Quiz,30/03/2026,2026-03-26,6.8,A tiempo
A00026,emma medina,26,M,emma.medina26@alumnos.tup.edu.ar,B1,Tarde,2026-03-01,Quiz_03,Quiz,25/05/2026,,,
A00103,Manuel Ramirez,20,Masculino,manuel.ramirez103@alumnos.tup.edu.ar,A1,Mañana,06-03-2026,TP_03,TP,11/05/2026,2026-05-09,6.6,a tiempo
A00170,Valentino Sanchez,24,Femenino,valentino.sanchez170@alumnos.tup.edu.ar,B2,Tarde,2026-02-18,TP_04,TP,2026-06-08,2026-06-05,8.1,A tiempo
A00537,Manuel Sosa,24,M,manuel.sosa537@@alumnos.tup.edu.ar,B2,Tarde,28-02-2026,TP_01,TP,2026-03-16,2026-03-14,6.5,A tiempo
A00085,Lucia Medina,27,F,lucia.medina85@alumnos.tup.edu.ar,C4,Noche,09-03-2026,Parcial_01,Parcial,2026-06-22,,,NO ENTREGO
A00442,Mateo Fernandez,24,F,mateo.fernandez442@alumnos.tup.edu.ar,C3,Noche,2026-03-11,TP_03,TP,2026-05-11,2026-05-13,4.6,TARDE
A00478,renata sanchez,23,F,renata.sanchez478@alumnos.tup.edu.ar, b1 ,Tarde,2026-02-19,Quiz_01,Quiz,2026-03-30,2026-03-25,6.3,a tiempo
A00494,Olivia Nuñez,25,M,olivia.nuñez494@alumnos.tup.edu.ar,C4,Noche,2026-02-25,TP_02,TP,13/04/2026,2026-04-09,7.3,A TIEMPO
A00356,Maximo Perez,23,M,maximo.perez356@alumnos.tup.edu.ar,B1,Tarde,2026-02-21,Parcial_01,Parcial,2026-06-22,17-06-2026,6.0,a tiempo
A00511,bautista castro,22,femenino,bautista.castro511@alumnos.tup.edu.ar,B1,Tarde,07-03-2026,TP_04,TP,2026-06-08,2026-06-04,"7,8",A tiempo
A00674,Bautista Acosta,25,M,bautista.acosta674@alumnos.tup.edu.ar,B2,Tarde,2026-03-05,Quiz_02,Quiz,27/04/2026,2026-04-25,4.6,A tiempo
A00001,Catalina Ortiz,25,M,catalina.ortiz1@alumnos.tup.edu.ar,C1,NOCHE,2026-02-27,TP_03,TP,2026-05-11,2026-05-07,7.6,A tiempo
A00633,Olivia Nuñez,20,Masculino,olivia.nuñez633@alumnos.tup.edu.ar,B1,Tarde,2026-02-16,TP_04,TP,08/06/2026,,,
A00576,Guadalupe Luna,19,M,guadalupe.luna576@alumnos.tup.edu.ar,C4,Noche,2026-02-19,TP_03,TP,2026-05-11,2026-05-08,7.2,A tiempo
A00553,Felipe Romero,28,Masculino,felipe.romero553@alumnos.tup.edu.ar,B1,Tarde,2026-02-14,Quiz_02,Quiz,27/04/2026,04/05/2026,5.7,Tarde
A00678,Thiago Diaz,23,Masculino,thiago.diaz678@alumnos.tup.edu.ar,C4,Noche,28/02/2026,TP_02,TP,2026-04-13,2026-04-09,5.0,A TIEMPO
A00250,MAXIMO TORRES,20,Masculino,maximo.torres250@alumnos.tup.edu.ar,A3,Mañana,2026-02-23,TP_03,TP,11/05/2026,2026-05-09,4.4,A tiempo
A00014,Isabella Ruiz,25,Femenino,isabella.ruiz14@alumnos.tup.edu.ar,A1,Mañana,2026-03-09,Parcial_01,Parcial,2026-06-22,,,NO ENTREGO
A00198,Nicolas Benitez,17,F,nicolas.benitez198@alumnos.tup.edu.ar,C2,Noche,2026-02-16,Parcial_01,Parcial,22/06/2026,22-06-2026,"5,9",A TIEMPO
A00142,Pilar Medina,19,M,pilar.medina142@alumnos.tup.edu.ar,A1,Mañana,2026-02-22,Quiz_01,Quiz,30/03/2026,2026-03-31,5.1,Tarde
A00617,Valentina Castro,23,Masculino,valentina.castro617@alumnos.tup.edu.ar,B2,Tarde,2026-03-04,Parcial_01,Parcial,22/06/2026,,,
A00041,Thiago Ortiz,20,M,thiago.ortiz41@alumnos.tup.edu.ar,C2,Noche,2026-02-23,Quiz_01,Quiz,2026-03-30,2026-03-29,5.3,a tiempo
A00150,Florencia Sosa,17,F,florencia.sosa150@alumnos.tup.edu.ar,A2,Mañana,2026-03-03,TP_04,TP,2026-06-08,2026-06-07,"7,3",a tiempo
A00183,Thiago Ruiz,22,M,thiago.ruiz183@alumnos.tup.edu.ar,A3,Mañana,22/02/2026,Quiz_03,Quiz,2026-05-25,,,no entregó
A00626,Nicolas Castro,30,Masculino,nicolas.castro626@alumnos.tup.edu.ar,A2,Mañana,17-02-2026,TP_01,TP,2026-03-16,2026-03-12,"7,0",A TIEMPO
A00131,Felipe Luna,28,F,felipe.luna131@alumnos.tup.edu.ar,C3,Noche,2026-03-09,TP_04,TP,2026-06-08,,,
A00394,Valentino Suarez,18,femenino,valentino.suarez394@alumnos.tup.edu.ar, c2 ,Noche,2026-03-01,Quiz_03,Quiz,2026-05-25,25/05/2026,7.4,A tiempo
A00384,MIA ACOSTA,27,F,mia.acosta384@alumnos.tup.edu.ar,B1,Tarde,11-03-2026,TP_01,TP,2026-03-16,2026-03-12,5.9,A TIEMPO
A00301,Sofia Benitez,23,Masculino,sofia.benitez301@alumnos.tup.edu.ar,C1,Noche,2026-03-09,TP_03,TP,11/05/2026,11/05/2026,6.3,A tiempo
A00556,Sofia Ortiz,30,M,sofia.ortiz556@alumnos.tup.edu.ar,A2,Mañana,03-03-2026,TP_02,TP,13/04/2026,2026-04-25,4.3,TARDE
A00346,Nicolas Flores,12,M,nicolas.flores346@alumnos.tup.edu.ar,A3,Mañana,2026-03-05,TP_04,TP,2026-06-08,,,
A00109,Joaquin Aguirre,33,Masculino,joaquin.aguirre109@alumnos.tup.edu.ar,B2,Tarde,2026-02-15,Quiz_01,Quiz,2026-03-30,2026-03-27,5.1,a tiempo
A00681,Antonella Herrera,24,F,antonella.herrera681@alumnos.tup.edu.ar,A3,Mañana,2026-02-25,TP_03,TP,11-05-2026,,,NO ENTREGO
A00317,Pilar Aguirre,22,Masculino,pilar.aguirre317@alumnos.tup.edu.ar,C2,Noche,10-03-2026,TP_04,TP,2026-06-08,2026-06-07,8.5,a tiempo
A00429,Thiago Perez,22,Femenino,thiago.perez429@alumnos.tup.edu.ar,C4,Noche,11-03-2026,TP_02,TP,2026-04-13,2026-04-11,7.7,A TIEMPO
A00038,Federico Ramirez,17,M,federico.ramirez38@alumnos.tup.edu.ar,A1,Mañana,01-03-2026,TP_02,TP,2026-04-13,2026-04-19,5.3,tarde
A00637,Antonella Lopez,21,Femenino,antonella.lopez637@alumnos.tup.edu.ar,A2,Mañana,2026-03-06,TP_04,TP,2026-06-08,05/06/2026,"7,2",a tiempo
A00634,Lucia Lopez,17,Femenino,,A1,Mañana,25/02/2026,Parcial_01,Parcial,22/06/2026,,,
A00366,Isabella Torres,23,F,isabella.torres366@alumnos.tup.edu.ar,C4,NOCHE,20/02/2026,TP_02,TP,2026-04-13,,,
A00371,Valentino Perez,24,M,valentino.perez371@alumnos.tup.edu.ar,A1,MAÑANA,2026-02-14,TP_04,TP,2026-06-08,2026-06-04,6.2,a tiempo
A00155,Renata Ramirez,23,F,renata.ramirez155@alumnos.tup.edu.ar,A2,Mañana,2026-03-11,Quiz_02,Quiz,2026-04-27,2026-04-23,8.9,A tiempo
A00327,Lucas Herrera,32,M,lucas.herrera327@alumnos.tup.edu.ar,B2,Tarde,2026-02-19,TP_04,TP,08/06/2026,2026-06-05,"7,8",a tiempo
A00045,Olivia Romero,18,X,olivia.romero45@alumnos.tup.edu.ar, a1 ,Mañana,2026-03-07,Quiz_01,Quiz,30/03/2026,27-03-2026,8.0,A tiempo
A00300,ANTONELLA CASTRO,23,M,antonella.castro300@alumnos.tup.edu.ar,A3,MAÑANA,2026-02-28,Quiz_02,Quiz,2026-04-27,,,no entregó
A00682,Gabriel Ortiz,17,Masculino,gabriel.ortiz682@alumnos.tup.edu.ar,A3,Mañana,2026-03-04,Quiz_02,Quiz,2026-04-27,26/04/2026,4.9,A tiempo
A00190,Bruno Benitez,18,F,bruno.benitez190@alumnos.tup.edu.ar,B2,TARDE,2026-03-11,Quiz_03,Quiz,2026-05-25,,,no entregó
A00062,Valentino Ortiz,30,M,valentino.ortiz62@alumnos.tup.edu.ar,A1,Mañana,03/03/2026,Quiz_03,Quiz,25/05/2026,2026-05-22,6.9,A tiempo
A00235,Lucia Silva,17,M,lucia.silva235@alumnos.tup.edu.ar,C1,Noche,2026-02-27,TP_04,TP,08-06-2026,,,No entrego
A00531,Catalina Romero,29,F,catalina.romero531@alumnos.tup.edu.ar,B2,Tarde,2026-03-11,TP_01,TP,2026-03-16,25-03-2026,"4,4",TARDE
A00519,Olivia Acosta,22,M,olivia.acosta519@alumnos.tup.edu.ar,C2,Noche,2026-02-16,TP_04,TP,08-06-2026,,,No entrego
A00230,Paula Ruiz,17,M,,C4,Noche,2026-02-19,TP_04,TP,2026-06-08,12/06/2026,5.6,TARDE
A00521,Renata Benitez,20,M,renata.benitez521@alumnos.tup.edu.ar,B2,Tarde,2026-02-14,Quiz_03,Quiz,2026-05-25,,,NO ENTREGO
A00353,Lautaro Medina,18,F,lautaro.medina353@alumnos.tup.edu.ar,B2,Tarde,2026-03-04,Quiz_02,Quiz,2026-04-27,2026-04-27,7.7,A TIEMPO
A00508,  Ignacio Acosta ,19,F,ignacio.acosta508@alumnos.tup.edu.ar,A1,Mañana,2026-02-15,Quiz_01,Quiz,2026-03-30,2026-03-28,10.0,A tiempo
A00685,Joaquin Vega,17,M,joaquin.vega685@alumnos.tup.edu.ar,A3,Mañana,03/03/2026,Quiz_01,Quiz,30-03-2026,2026-04-07,7.2,Tarde
A00221,Antonella Acosta,32,F,antonella.acosta221@alumnos.tup.edu.ar,B2,Tarde,2026-03-09,Quiz_02,Quiz,2026-04-27,2026-04-24,8.3,A tiempo
A00023,Thiago Garcia,17,F,thiago.garcia23@alumnos.tup.edu.ar,A2,Mañana,2026-03-04,Parcial_01,Parcial,22/06/2026,,,NO ENTREGO
A00565,Pilar Flores,20,M,pilar.flores565@alumnos.tup.edu.ar,C2,Noche,2026-02-18,TP_03,TP,2026-05-11,2026-05-06,8.1,A tiempo
A00065,Federico Medina,20,M,federico.medina65@alumnos.tup.edu.ar,A2,Mañana,2026-03-07,Quiz_03,Quiz,25/05/2026,2026-05-20,"9,2",a tiempo
A00387,Manuel Ramirez,17,F,manuel.ramirez387@alumnos.tup.edu.ar,A3,Mañana,01/03/2026,Quiz_01,Quiz,30/03/2026,2026-03-28,5.5,a tiempo
A00670,Julieta Sanchez,18,M,julieta.sanchez670@@alumnos.tup.edu.ar,A3,Mañana,2026-02-23,Parcial_01,Parcial,2026-06-22,,,No entrego
A00257,LAUTARO TORRES,23,M,lautaro.torres257@alumnos.tup.edu.ar,A3,Mañana,09-03-2026,TP_01,TP,2026-03-16,2026-03-12,6.9,a tiempo
A00665,Bruno Ramirez,20,Masculino,bruno.ramirez665@alumnos.tup.edu.ar,B1,Tarde,2026-02-22,TP_01,TP,16/03/2026,2026-03-12,6.9,A TIEMPO
A00542,Manuel Molina,23,F,manuel.molina542@alumnos.tup.edu.ar,B1,Tarde,2026-03-06,Quiz_03,Quiz,2026-05-25,20/05/2026,6.7,A TIEMPO
A00682,Gabriel Ortiz,17,Masculino,gabriel.ortiz682@alumnos.tup.edu.ar,A3,Mañana,2026-03-04,TP_04,TP,2026-06-08,,,
A00156,Isabella Martinez,22,M,isabella.martinez156@alumnos.tup.edu.ar,B1,Tarde,2026-02-20,Parcial_01,Parcial,2026-06-22,22/06/2026,6.7,A tiempo
A00090,Joaquin Ramirez,29,M,joaquin.ramirez90@alumnos.tup.edu.ar,A2,Mañana,2026-02-16,TP_02,TP,2026-04-13,2026-04-09,7.3,A tiempo
A00265,PILAR RUIZ,23,Femenino,pilar.ruiz265@alumnos.tup.edu.ar,C4,Noche,17-02-2026,TP_03,TP,11-05-2026,2026-05-09,"8,7",A tiempo
A00212,Diego Sanchez,27,F,diego.sanchez212@alumnos.tup.edu.ar,C3,Noche,2026-03-05,Quiz_02,Quiz,27/04/2026,2026-04-27,10.0,a tiempo
A00290,Julieta Suarez,18,M,julieta.suarez290@alumnos.tup.edu.ar,A1,Mañana,2026-02-24,TP_01,TP,16/03/2026,2026-03-15,8.9,A TIEMPO
A00034,Valentino Ortiz,26,Masculino,valentino.ortiz34@alumnos.tup.edu.ar,C1,Noche,2026-02-18,TP_02,TP,2026-04-13,2026-04-10,"6,5",A TIEMPO
A00103,Manuel Ramirez,20,Masculino,manuel.ramirez103@alumnos.tup.edu.ar,A1,Mañana,2026-03-06,TP_01,TP,2026-03-16,2026-03-22,8.6,TARDE
A00493,Agustin Ruiz,24,F,agustin.ruiz493@alumnos.tup.edu.ar,C2,Noche,2026-03-04,Quiz_02,Quiz,27/04/2026,,,
A00521,Renata Benitez,20,M,renata.benitez521@alumnos.tup.edu.ar,B2,Tarde,2026-02-14,Quiz_01,Quiz,2026-03-30,2026-03-28,"5,1",a tiempo
A00195,Joaquin Nuñez,23,F,joaquin.nuñez195@alumnos.tup.edu.ar,C3,Noche,04-03-2026,Quiz_01,Quiz,2026-03-30,,,No entrego
A00092,Mia Vega,23,Femenino,mia.vega92@alumnos.tup.edu.ar,B1,Tarde,2026-03-01,TP_01,TP,2026-03-16,2026-03-25,3.8,Tarde
A00090,Joaquin Ramirez,29,M,joaquin.ramirez90@alumnos.tup.edu.ar,A2,Mañana,16/02/2026,Quiz_03,Quiz,25/05/2026,,,No entrego
A00110,Diego Sosa,23,M,diego.sosa110@alumnos.tup.edu.ar,B2,Tarde,2026-02-16,Parcial_01,Parcial,22/06/2026,,,NO ENTREGO
A00538,Felipe Flores,20,F,felipe.flores538@alumnos.tup.edu.ar,C1,Noche,2026-03-01,TP_02,TP,2026-04-13,2026-04-11,6.7,A TIEMPO
A00357,nicolas romero,21,M,nicolas.romero357@alumnos.tup.edu.ar,B2,Tarde,06/03/2026,Quiz_03,Quiz,2026-05-25,,,
A00259,Agustin Castro,18,Masculino,agustin.castro259@alumnos.tup.edu.ar,C3,Noche,21-02-2026,Quiz_01,Quiz,2026-03-30,28-03-2026,"5,9",A TIEMPO
A00473,federico vega,32,F,federico.vega473@alumnos.tup.edu.ar,B2,Tarde,2026-03-06,Parcial_01,Parcial,2026-06-22,2026-06-20,6.9,A tiempo
A00233,Lucia Luna,19,F,lucia.luna233@alumnos.tup.edu.ar,C4,Noche,2026-03-11,Parcial_01,Parcial,2026-06-22,2026-06-19,6.1,a tiempo
A00654,Isabella Herrera,29,Femenino,isabella.herrera654@alumnos.tup.edu.ar,B1,Tarde,2026-03-06,TP_01,TP,2026-03-16,2026-03-11,4.4,A tiempo
A00488,Santino Suarez,21,F,santino.suarez488@alumnos.tup.edu.ar,C4,Noche,2026-03-05,TP_03,TP,2026-05-11,2026-05-10,6.4,A tiempo
A00084,Felipe Ruiz,20,F,felipe.ruiz84@alumnos.tup.edu.ar,C3,Noche,2026-03-05,Quiz_01,Quiz,2026-03-30,,,No entrego
A00663,Camila Perez,22,F,camila.perez663@alumnos.tup.edu.ar, a3 ,Mañana,21/02/2026,TP_03,TP,2026-05-11,,,No entrego
A00215,Mateo Castro,17,F,mateo.castro215@alumnos.tup.edu.ar,C2,Noche,2026-03-03,Parcial_01,Parcial,2026-06-22,2026-06-20,7.6,A tiempo
A00318,Manuel Diaz,24,F,manuel.diaz318@alumnos.tup.edu.ar,A2,Mañana,2026-02-23,TP_04,TP,2026-06-08,,,No entrego
A00213,Bautista Acosta,35,Masculino,bautista.acosta213@alumnos.tup.edu.ar,C3,Noche,2026-03-06,Quiz_03,Quiz,2026-05-25,2026-05-20,6.1,a tiempo
A00525,Nicolas Castro,19,Masculino,nicolas.castro525@alumnos.tup.edu.ar,A2,Mañana,10/03/2026,Quiz_03,Quiz,2026-05-25,,,No entrego
A00538,Felipe Flores,20,F,felipe.flores538@alumnos.tup.edu.ar,C1,Noche,2026-03-01,TP_04,TP,2026-06-08,,,no entregó
A00094,Nicolas Rodriguez,20,M,nicolas.rodriguez94@alumnos.tup.edu.ar,A2,Mañana,24/02/2026,Quiz_02,Quiz,27/04/2026,04/05/2026,7.8,TARDE
A00404,Victoria Torres,23,F,victoria.torres404@alumnos.tup.edu.ar,B1,Tarde,01/03/2026,Quiz_02,Quiz,2026-04-27,,,No entrego
A00431,Diego Gonzalez,34,Femenino,diego.gonzalez431@alumnos.tup.edu.ar,A2,Mañana,2026-03-05,Quiz_02,Quiz,2026-04-27,2026-04-23,5.3,A TIEMPO
A00638,Julieta Herrera,17,M,julieta.herrera638@alumnos.tup.edu.ar,A2,Mañana,20-02-2026,Quiz_01,Quiz,30-03-2026,2026-03-25,7.4,A tiempo
A00579,Lucas Benitez,19,F,lucas.benitez579@alumnos.tup.edu.ar,A1,Mañana,06-03-2026,TP_03,TP,11/05/2026,2026-05-08,4.5,A TIEMPO
A00641,Felipe Molina,17,F,felipe.molina641@alumnos.tup.edu.ar,C3,Noche,2026-03-07,Quiz_02,Quiz,2026-04-27,2026-04-23,6.0,A tiempo
A00557,florencia rojas,30,M,florencia.rojas557@alumnos.tup.edu.ar,B2,Tarde,2026-02-19,TP_04,TP,2026-06-08,10/06/2026,"4,8",Tarde
A00439,Olivia Torres,17,M,olivia.torres439@alumnos.tup.edu.ar,C2,Noche,2026-02-25,Parcial_01,Parcial,2026-06-22,2026-06-17,"6,1",A tiempo
A00026,emma medina,26,M,emma.medina26@alumnos.tup.edu.ar,B1,Tarde,01-03-2026,TP_03,TP,11/05/2026,,,NO ENTREGO
A00639,Antonella Luna,24,M,antonella.luna639@alumnos.tup.edu.ar,B2,TARDE,19/02/2026,TP_02,TP,13-04-2026,2026-04-09,6.2,A tiempo
A00030,Victoria Romero,17,M,victoria.romero30@alumnos.tup.edu.ar,B2,Tarde,2026-02-27,Parcial_01,Parcial,2026-06-22,27/06/2026,"5,4",tarde
A00144,Tomas Acosta,23,M,tomas.acosta144@alumnos.tup.edu.ar,A1,Mañana,22/02/2026,TP_01,TP,16-03-2026,2026-03-12,"6,6",A tiempo
A00145,Maximo Sanchez,24,F,maximo.sanchez145@alumnos.tup.edu.ar,C4,Noche,2026-03-09,Parcial_01,Parcial,2026-06-22,2026-06-22,"6,0",a tiempo
A00112,Lucia Acosta,32,F,lucia.acosta112@alumnos.tup.edu.ar,B2,Tarde,2026-03-03,Quiz_03,Quiz,25/05/2026,2026-06-01,"5,5",tarde
A00215,Mateo Castro,17,F,mateo.castro215@alumnos.tup.edu.ar,C2,Noche,2026-03-03,TP_03,TP,2026-05-11,2026-05-10,8.6,A tiempo
A00440,Victoria Herrera,25,M,victoria.herrera440@alumnos.tup.edu.ar,A2,Mañana,28/02/2026,Quiz_01,Quiz,30/03/2026,2026-04-04,"3,3",tarde
A00249,Agustin Torres,21,F,agustin.torres249@alumnos.tup.edu.ar,C1,Noche,2026-02-16,TP_03,TP,2026-05-11,,,
A00570,VALENTINO BENITEZ,19,Masculino,valentino.benitez570@alumnos.tup.edu.ar,A2,Mañana,2026-02-25,Quiz_03,Quiz,2026-05-25,,,NO ENTREGO
A00059,Delfina Perez,18,F,delfina.perez59@alumnos.tup.edu.ar,B2,Tarde,2026-03-09,TP_01,TP,16/03/2026,,,no entregó
A00177,Tomas Martinez,22,Femenino,tomas.martinez177@alumnos.tup.edu.ar,C3,Noche,2026-02-22,Quiz_01,Quiz,2026-03-30,2026-04-08,"8,0",Tarde
A00668,Bruno Aguirre,22,M,bruno.aguirre668@alumnos.tup.edu.ar,B1,Tarde,2026-03-09,TP_03,TP,2026-05-11,16/05/2026,"4,2",tarde
A00396,Felipe Suarez,31,F,felipe.suarez396@alumnos.tup.edu.ar,A1,Mañana,2026-02-22,TP_02,TP,2026-04-13,11/04/2026,5.4,a tiempo
A00226,Delfina Romero,19,F,delfina.romero226@alumnos.tup.edu.ar,A2,Mañana,14/02/2026,Parcial_01,Parcial,2026-06-22,,,No entrego
A00586,Felipe Lopez,22,F,felipe.lopez586@alumnos.tup.edu.ar,B1,Tarde,2026-03-09,TP_02,TP,13/04/2026,2026-04-13,8.0,A TIEMPO
A00328,Bruno Lopez,22,F,bruno.lopez328@alumnos.tup.edu.ar,B2,Tarde,08/03/2026,TP_01,TP,2026-03-16,2026-03-18,4.9,TARDE
A00295,Lucas Medina,20,Femenino,lucas.medina295@alumnos.tup.edu.ar,B1,Tarde,2026-02-18,TP_01,TP,2026-03-16,2026-03-13,4.0,A TIEMPO
A00325,Catalina Suarez,23,M,catalina.suarez325@alumnos.tup.edu.ar,C2,Noche,19/02/2026,Quiz_02,Quiz,2026-04-27,2026-04-26,"8,5",a tiempo
A00056,Victoria Rodriguez,18,M,victoria.rodriguez56@alumnos.tup.edu.ar,B1,Tarde,2026-03-08,Quiz_01,Quiz,2026-03-30,2026-04-05,"7,8",TARDE
A00594,Mia Vega,24,M,mia.vega594@alumnos.tup.edu.ar,C3,Noche,2026-03-08,Parcial_01,Parcial,2026-06-22,21/06/2026,6.0,A tiempo
A00298,LAUTARO ORTIZ,18,Femenino,lautaro.ortiz298@alumnos.tup.edu.ar,B1,Tarde,2026-03-10,Quiz_02,Quiz,2026-04-27,24/04/2026,"5,4",A TIEMPO
A00020,Ignacio Ortiz,21,F,ignacio.ortiz20@alumnos.tup.edu.ar,A1,Mañana,27-02-2026,Parcial_01,Parcial,2026-06-22,2026-06-20,10.0,A tiempo
A00463,Maximo Ortiz,19,F,maximo.ortiz463@alumnos.tup.edu.ar,A2,Mañana,2026-03-03,TP_03,TP,2026-05-11,09/05/2026,7.8,A TIEMPO
A00530,Camila Diaz,26,F,camila.diaz530@alumnos.tup.edu.ar,B1,Tarde,2026-02-18,Quiz_03,Quiz,2026-05-25,2026-05-21,8.5,A TIEMPO
A00183,Thiago Ruiz,22,M,thiago.ruiz183@alumnos.tup.edu.ar,A3,Mañana,2026-02-22,Quiz_02,Quiz,27-04-2026,2026-05-01,4.6,Tarde
A00439,Olivia Torres,17,M,olivia.torres439@alumnos.tup.edu.ar,C2,Noche,2026-02-25,Quiz_03,Quiz,25/05/2026,2026-05-20,7.0,a tiempo
A00346,Nicolas Flores,12,M,nicolas.flores346@alumnos.tup.edu.ar,A3,Mañana,05-03-2026,Quiz_01,Quiz,2026-03-30,2026-03-27,6.5,A TIEMPO
A00580,Martina Fernandez,23,M,martina.fernandez580@alumnos.tup.edu.ar, b1 ,Tarde,2026-03-07,Parcial_01,Parcial,2026-06-22,2026-06-25,8.1,TARDE
A00405,Camila Garcia,17,Masculino,camila.garcia405@alumnos.tup.edu.ar,B1,Tarde,20/02/2026,TP_03,TP,11/05/2026,2026-05-09,6.6,A TIEMPO
A00695,Federico Cabrera,22,Femenino,federico.cabrera695@alumnos.tup.edu.ar,B2,Tarde,2026-03-11,TP_03,TP,2026-05-11,2026-05-07,7.2,a tiempo
A00056,Victoria Rodriguez,18,M,victoria.rodriguez56@alumnos.tup.edu.ar,B1,Tarde,2026-03-08,Parcial_01,Parcial,2026-06-22,,,NO ENTREGO
A00256,  Mora Aguirre ,17,Masculino,mora.aguirre256@alumnos.tup.edu.ar,B2,Tarde,2026-02-18,TP_04,TP,2026-06-08,08-06-2026,7.9,A TIEMPO
A00633,Olivia Nuñez,20,Masculino,olivia.nuñez633@alumnos.tup.edu.ar,B1,Tarde,2026-02-16,TP_03,TP,2026-05-11,2026-05-19,"7,0",TARDE
A00662,DIEGO MOLINA,31,X,diego.molina662@alumnos.tup.edu.ar,B1,Tarde,17/02/2026,Quiz_02,Quiz,27/04/2026,,,no entregó
A00299,Paula Diaz,22,F,paula.diaz299@alumnos.tup.edu.ar,C1,Noche,26/02/2026,Quiz_03,Quiz,2026-05-25,2026-05-21,3.7,A TIEMPO
A00188,  Pilar Flores ,29,F,pilar.flores188@alumnos.tup.edu.ar,C4,Noche,05-03-2026,Quiz_03,Quiz,25/05/2026,,,No entrego
A00507,Joaquin Herrera,22,Femenino,joaquin.herrera507@alumnos.tup.edu.ar,C2,Noche,2026-02-27,Quiz_02,Quiz,27/04/2026,,,NO ENTREGO
A00356,Maximo Perez,23,M,maximo.perez356@alumnos.tup.edu.ar,B1,Tarde,21/02/2026,TP_03,TP,11/05/2026,09/05/2026,"7,9",a tiempo
A00349,Pilar Perez,29,F,,B2,Tarde,2026-03-09,TP_01,TP,2026-03-16,2026-03-17,2.7,TARDE
A00238,Olivia Castro,17,F,olivia.castro238@alumnos.tup.edu.ar,C2,Noche,2026-03-04,Quiz_02,Quiz,2026-04-27,,,No entrego
A00268,Ignacio Medina,21,F,ignacio.medina268@alumnos.tup.edu.ar,C1,Noche,24/02/2026,Parcial_01,Parcial,2026-06-22,,,no entregó
A00202,Delfina Sanchez,29,femenino,delfina.sanchez202@alumnos.tup.edu.ar,C1,Noche,2026-02-26,TP_02,TP,2026-04-13,,,
A00622,Gabriel Fernandez,17,M,, a3 ,MAÑANA,2026-02-28,TP_03,TP,11/05/2026,2026-05-08,8.4,A TIEMPO
A00296,Bautista Flores,17,Femenino,bautista.flores296@alumnos.tup.edu.ar,B2,TARDE,08/03/2026,TP_04,TP,2026-06-08,,,no entregó
A00395,Ignacio Castro,17,F,ignacio.castro395@alumnos.tup.edu.ar,A2,Mañana,2026-02-25,TP_04,TP,2026-06-08,2026-06-03,9.8,a tiempo
A00505,Lautaro Romero,26,Femenino,lautaro.romero505@alumnos.tup.edu.ar,B1,Tarde,2026-02-28,Quiz_03,Quiz,2026-05-25,06/06/2026,"7,8",tarde
A00256,  Mora Aguirre ,17,Masculino,mora.aguirre256@alumnos.tup.edu.ar,B2,Tarde,2026-02-18,Quiz_03,Quiz,2026-05-25,2026-05-20,8.0,a tiempo
A00518,Nicolas Diaz,28,Masculino,nicolas.diaz518@alumnos.tup.edu.ar,B1,Tarde,03/03/2026,TP_02,TP,2026-04-13,,,No entrego
A00399,Diego Silva,24,F,diego.silva399@alumnos.tup.edu.ar,C1,Noche,2026-03-11,Quiz_03,Quiz,25/05/2026,2026-05-21,"8,4",A TIEMPO
A00592,valentino rodriguez,19,M,valentino.rodriguez592@alumnos.tup.edu.ar,B2,Tarde,2026-03-07,Quiz_03,Quiz,25/05/2026,2026-05-25,"7,0",A TIEMPO
A00318,Manuel Diaz,24,F,manuel.diaz318@alumnos.tup.edu.ar,A2,Mañana,2026-02-23,Quiz_01,Quiz,2026-03-30,30-03-2026,6.2,a tiempo
A00572,Federico Gonzalez,12,M,,B2,Tarde,2026-03-11,TP_02,TP,2026-04-13,,,no entregó
A00324,mora lopez,18,M,mora.lopez324@alumnos.tup.edu.ar,B1,Tarde,2026-03-09,Quiz_02,Quiz,27/04/2026,2026-04-24,"7,0",a tiempo
A00365,Felipe Martinez,20,Femenino,felipe.martinez365@alumnos.tup.edu.ar,B2,Tarde,09/03/2026,Quiz_01,Quiz,2026-03-30,,,
A00202,Delfina Sanchez,29,femenino,delfina.sanchez202@alumnos.tup.edu.ar,C1,Noche,26/02/2026,Parcial_01,Parcial,22/06/2026,,,NO ENTREGO
A00465,Gabriel Aguirre,23,F,gabriel.aguirre465@alumnos.tup.edu.ar, c4 ,Noche,2026-02-26,TP_03,TP,2026-05-11,2026-05-08,6.8,A tiempo
A00305,Renata Sosa,17,M,renata.sosa305@alumnos.tup.edu.ar,C3,Noche,04-03-2026,TP_03,TP,11/05/2026,07/05/2026,7.5,a tiempo
A00111,Maximo Romero,17,F,maximo.romero111@alumnos.tup.edu.ar,A1,Mañana,2026-02-15,Quiz_02,Quiz,2026-04-27,25/04/2026,9.0,a tiempo
A00207,Florencia Torres,31,F,florencia.torres207@alumnos.tup.edu.ar,C4,Noche,2026-02-17,Quiz_01,Quiz,30/03/2026,2026-03-28,2.9,a tiempo
A00247,  Joaquin Benitez ,25,M,joaquin.benitez247@alumnos.tup.edu.ar,A1,Mañana,10-03-2026,TP_02,TP,2026-04-13,,,
A00401,Diego Medina,26,M,diego.medina401@alumnos.tup.edu.ar,A1,Mañana,04/03/2026,Parcial_01,Parcial,2026-06-22,2026-06-21,9.9,A TIEMPO
A00083,Santino Rojas,21,femenino,santino.rojas83@alumnos.tup.edu.ar,A2,Mañana,2026-02-25,TP_03,TP,2026-05-11,,,
A00657,Valentino Alvarez,23,F,valentino.alvarez657@alumnos.tup.edu.ar,A2,Mañana,05/03/2026,Quiz_03,Quiz,2026-05-25,28/05/2026,"5,1",tarde
A00322,Federico Suarez,25,M,federico.suarez322@alumnos.tup.edu.ar,B2,Tarde,2026-03-03,TP_01,TP,16/03/2026,2026-03-11,"7,2",a tiempo
A00405,Camila Garcia,17,Masculino,camila.garcia405@alumnos.tup.edu.ar,B1,Tarde,20/02/2026,TP_02,TP,2026-04-13,2026-04-16,5.7,TARDE
A00065,Federico Medina,20,M,federico.medina65@alumnos.tup.edu.ar,A2,Mañana,07-03-2026,TP_01,TP,2026-03-16,2026-03-15,7.5,A TIEMPO
A00011,lucia medina,23,M,lucia.medina11@alumnos.tup.edu.ar,C1,Noche,04-03-2026,Parcial_01,Parcial,2026-06-22,2026-06-22,3.6,A TIEMPO
A00333,Ignacio Sosa,17,F,ignacio.sosa333@alumnos.tup.edu.ar,A3,Mañana,01-03-2026,Quiz_01,Quiz,30/03/2026,28/03/2026,5.9,A tiempo
A00438,Olivia Nuñez,20,F,olivia.nuñez438@alumnos.tup.edu.ar,A3,Mañana,2026-02-16,Quiz_02,Quiz,2026-04-27,2026-04-27,7.5,a tiempo
A00700,Valentina Benitez,23,Femenino,valentina.benitez700@alumnos.tup.edu.ar,A1,Mañana,2026-03-10,TP_03,TP,2026-05-11,2026-05-18,4.7,Tarde
A00687,Pilar Romero,21,F,pilar.romero687@alumnos.tup.edu.ar,C1,Noche,2026-03-09,TP_03,TP,2026-05-11,08/05/2026,"7,6",a tiempo
A00514,Manuel Romero,18,F,manuel.romero514@alumnos.tup.edu.ar,C4,Noche,24-02-2026,TP_03,TP,2026-05-11,,,NO ENTREGO
A00042,Emma Garcia,28,Femenino,emma.garcia42@@alumnos.tup.edu.ar,A3,Mañana,2026-02-23,Quiz_01,Quiz,2026-03-30,25-03-2026,7.5,A tiempo
A00272,Valentina Sosa,21,M,,B2,Tarde,2026-02-19,TP_01,TP,16-03-2026,2026-03-13,7.6,A TIEMPO
A00068,Martina Garcia,19,F,martina.garcia68@alumnos.tup.edu.ar,A1,Mañana,2026-02-25,TP_01,TP,16-03-2026,14/03/2026,9.0,A TIEMPO
A00692,Valentino Rojas,27,Femenino,valentino.rojas692@alumnos.tup.edu.ar,C2,Noche,26-02-2026,TP_04,TP,08-06-2026,,,no entregó
A00241,Nicolas Ruiz,17,Masculino,nicolas.ruiz241@alumnos.tup.edu.ar, c1 ,Noche,2026-03-06,TP_01,TP,16/03/2026,2026-03-15,6.9,A TIEMPO
A00305,Renata Sosa,17,M,renata.sosa305@alumnos.tup.edu.ar,C3,Noche,2026-03-04,Parcial_01,Parcial,2026-06-22,2026-06-20,6.9,A tiempo
A00296,Bautista Flores,17,Femenino,bautista.flores296@alumnos.tup.edu.ar,B2,TARDE,08/03/2026,Parcial_01,Parcial,2026-06-22,21-06-2026,5.7,A TIEMPO
A00232,Catalina Ortiz,18,M,catalina.ortiz232@alumnos.tup.edu.ar,C1,Noche,06-03-2026,Quiz_02,Quiz,27/04/2026,2026-04-25,6.5,A TIEMPO
A00368,Sofia Luna,27,Femenino,sofia.luna368@alumnos.tup.edu.ar,C1,Noche,2026-02-27,Quiz_01,Quiz,2026-03-30,2026-03-27,5.6,a tiempo
A00532,Maximo Rojas,22,M,maximo.rojas532@alumnos.tup.edu.ar,B2,Tarde,26-02-2026,Quiz_02,Quiz,2026-04-27,2026-05-09,"6,5",Tarde
A00325,Catalina Suarez,23,M,catalina.suarez325@alumnos.tup.edu.ar,C2,Noche,2026-02-19,Quiz_01,Quiz,2026-03-30,,,no entregó
A00570,VALENTINO BENITEZ,19,Masculino,valentino.benitez570@alumnos.tup.edu.ar,A2,Mañana,2026-02-25,TP_04,TP,2026-06-08,04/06/2026,6.4,a tiempo
A00034,Valentino Ortiz,26,Masculino,valentino.ortiz34@alumnos.tup.edu.ar,C1,Noche,2026-02-18,TP_03,TP,2026-05-11,2026-05-08,7.8,A TIEMPO
A00284,Florencia Herrera,20,Femenino,florencia.herrera284@alumnos.tup.edu.ar,C4,Noche,2026-03-08,TP_01,TP,2026-03-16,2026-03-16,5.5,a tiempo
A00101,Ignacio Perez,17,F,ignacio.perez101@alumnos.tup.edu.ar,B1,Tarde,2026-02-24,TP_04,TP,08/06/2026,04-06-2026,7.7,a tiempo
A00541,Agustin Cabrera,17,Femenino,agustin.cabrera541@alumnos.tup.edu.ar,B1,Tarde,2026-02-25,Quiz_03,Quiz,25/05/2026,,,NO ENTREGO
A00407,Mia Fernandez,28,M,mia.fernandez407@alumnos.tup.edu.ar,A1,Mañana,2026-03-05,Parcial_01,Parcial,2026-06-22,18-06-2026,6.6,a tiempo
A00409,Pilar Torres,23,M,pilar.torres409@alumnos.tup.edu.ar,A1,Mañana,2026-03-10,TP_04,TP,2026-06-08,2026-06-07,9.4,a tiempo
A00475,Agustin Suarez,17,M,agustin.suarez475@@alumnos.tup.edu.ar,A3,Mañana,01/03/2026,TP_01,TP,16-03-2026,2026-03-15,7.0,A TIEMPO
A00416,Antonella Medina,26,Femenino,antonella.medina416@alumnos.tup.edu.ar,B2,Tarde,2026-03-06,TP_04,TP,2026-06-08,2026-06-15,8.9,Tarde
A00378,Lautaro Ruiz,20,M,lautaro.ruiz378@alumnos.tup.edu.ar,A2,Mañana,25/02/2026,TP_01,TP,2026-03-16,2026-03-13,4.6,A TIEMPO
A00178,Ignacio Suarez,18,M,ignacio.suarez178@alumnos.tup.edu.ar,B1,Tarde,2026-03-02,TP_04,TP,08/06/2026,2026-06-04,7.9,A tiempo
A00182,Lucia Silva,19,F,lucia.silva182@alumnos.tup.edu.ar,A1,Mañana,16-02-2026,TP_01,TP,16-03-2026,2026-03-13,9.7,A TIEMPO
A00295,Lucas Medina,20,Femenino,lucas.medina295@alumnos.tup.edu.ar,B1,Tarde,2026-02-18,Quiz_03,Quiz,2026-05-25,2026-05-24,6.8,A tiempo
A00239,gabriel sosa,25,femenino,gabriel.sosa239@alumnos.tup.edu.ar,A1,Mañana,2026-02-15,Quiz_03,Quiz,2026-05-25,21-05-2026,5.4,a tiempo
A00647,Tomas Herrera,22,Masculino,tomas.herrera647@alumnos.tup.edu.ar,B1,Tarde,2026-02-17,TP_01,TP,16-03-2026,12/03/2026,6.3,A tiempo
A00156,Isabella Martinez,22,M,isabella.martinez156@alumnos.tup.edu.ar,B1,Tarde,2026-02-20,Quiz_02,Quiz,27/04/2026,22-04-2026,6.5,A TIEMPO
A00055,Delfina Ortiz,18,F,delfina.ortiz55@alumnos.tup.edu.ar,A2,Mañana,2026-02-24,Quiz_02,Quiz,27-04-2026,2026-04-30,4.7,Tarde
A00661,  Julieta Fernandez ,18,F,julieta.fernandez661@alumnos.tup.edu.ar,C2,Noche,11/03/2026,TP_02,TP,13/04/2026,08/04/2026,7.9,a tiempo
A00268,Ignacio Medina,21,F,ignacio.medina268@alumnos.tup.edu.ar,C1,Noche,24/02/2026,TP_03,TP,2026-05-11,,,NO ENTREGO
A00462,Gabriel Gonzalez,26,M,gabriel.gonzalez462@alumnos.tup.edu.ar,B1,Tarde,2026-03-01,TP_01,TP,2026-03-16,,,NO ENTREGO
A00342,Valentina Fernandez,17,M,valentina.fernandez342@alumnos.tup.edu.ar,B2,Tarde,2026-03-08,Parcial_01,Parcial,2026-06-22,,,No entrego
A00638,Julieta Herrera,17,M,julieta.herrera638@alumnos.tup.edu.ar,A2,Mañana,2026-02-20,Parcial_01,Parcial,2026-06-22,2026-06-17,9.0,A TIEMPO
A00286,Felipe Suarez,19,M,felipe.suarez286@alumnos.tup.edu.ar,A3,Mañana,2026-03-03,Quiz_02,Quiz,2026-04-27,,,NO ENTREGO
A00636,Bruno Romero,27,Masculino,bruno.romero636@alumnos.tup.edu.ar,B2,Tarde,2026-02-17,Quiz_03,Quiz,25/05/2026,2026-05-31,5.9,TARDE
A00116,Bruno Rojas,17,X,bruno.rojas116@alumnos.tup.edu.ar,B1,Tarde,2026-03-01,Parcial_01,Parcial,2026-06-22,2026-06-17,7.0,A TIEMPO
A00540,Renata Garcia,17,M,renata.garcia540@alumnos.tup.edu.ar,B2,Tarde,26-02-2026,TP_01,TP,16/03/2026,11-03-2026,6.6,A tiempo
A00661,  Julieta Fernandez ,18,F,julieta.fernandez661@alumnos.tup.edu.ar,C2,Noche,11-03-2026,TP_04,TP,2026-06-08,2026-06-03,6.3,A TIEMPO
A00288,Lucas Acosta,26,F,lucas.acosta288@alumnos.tup.edu.ar,B1,Tarde,2026-03-05,TP_04,TP,08/06/2026,03/06/2026,7.8,a tiempo
A00604,Maximo Suarez,19,F,maximo.suarez604@alumnos.tup.edu.ar,A3,Mañana,2026-02-20,Quiz_03,Quiz,2026-05-25,,,NO ENTREGO
A00284,Florencia Herrera,20,Femenino,florencia.herrera284@alumnos.tup.edu.ar,C4,Noche,2026-03-08,Quiz_01,Quiz,2026-03-30,2026-03-26,5.3,A tiempo
A00438,Olivia Nuñez,20,F,olivia.nuñez438@alumnos.tup.edu.ar,A3,Mañana,2026-02-16,Quiz_01,Quiz,2026-03-30,2026-03-30,9.8,A TIEMPO
A00583,Mia Diaz,21,F,mia.diaz583@alumnos.tup.edu.ar,B1,Tarde,2026-03-01,Parcial_01,Parcial,22-06-2026,2026-06-18,5.5,A TIEMPO
A00499,Bruno Vega,21,M,bruno.vega499@alumnos.tup.edu.ar,B1,Tarde,2026-02-28,Quiz_02,Quiz,2026-04-27,25-04-2026,7.0,A tiempo
A00460,  Lautaro Fernandez ,95,femenino,lautaro.fernandez460@alumnos.tup.edu.ar,C1,Noche,04/03/2026,Parcial_01,Parcial,22/06/2026,2026-06-18,"4,5",a tiempo
A00280,Julieta Benitez,29,F,julieta.benitez280@alumnos.tup.edu.ar,C2,NOCHE,03-03-2026,TP_03,TP,2026-05-11,,,NO ENTREGO
A00647,Tomas Herrera,22,Masculino,tomas.herrera647@alumnos.tup.edu.ar,B1,Tarde,17/02/2026,TP_02,TP,13-04-2026,2026-04-08,7.6,a tiempo
A00298,LAUTARO ORTIZ,18,Femenino,lautaro.ortiz298@alumnos.tup.edu.ar,B1,Tarde,10/03/2026,Parcial_01,Parcial,2026-06-22,19/06/2026,6.6,a tiempo
A00512,Bautista Ortiz,24,M,bautista.ortiz512@alumnos.tup.edu.ar,B2,Tarde,2026-02-20,Quiz_03,Quiz,2026-05-25,21-05-2026,8.6,A tiempo
A00161,Manuel Nuñez,21,F,manuel.nuñez161@alumnos.tup.edu.ar,C3,Noche,2026-02-25,Parcial_01,Parcial,22/06/2026,22/06/2026,7.4,A TIEMPO
A00584,Gabriel Nuñez,19,M,gabriel.nuñez584@alumnos.tup.edu.ar,A2,Mañana,04/03/2026,TP_03,TP,2026-05-11,,,no entregó
A00335,Martina Medina,36,Masculino,martina.medina335@alumnos.tup.edu.ar,B1,Tarde,2026-03-05,TP_01,TP,2026-03-16,2026-03-11,9.6,A TIEMPO
A00565,Pilar Flores,20,M,pilar.flores565@alumnos.tup.edu.ar,C2,Noche,2026-02-18,Parcial_01,Parcial,22/06/2026,2026-06-21,7.1,A TIEMPO
A00526,Valentina Suarez,17,femenino,valentina.suarez526@@alumnos.tup.edu.ar,B1,Tarde,16-02-2026,Quiz_01,Quiz,2026-03-30,11/04/2026,"3,2",tarde
A00482,Lucia Gonzalez,21,F,lucia.gonzalez482@alumnos.tup.edu.ar,A3,Mañana,2026-02-15,TP_04,TP,2026-06-08,,,NO ENTREGO
A00470,Valentina Sosa,21,F,valentina.sosa470@alumnos.tup.edu.ar, b1 ,Tarde,2026-02-26,TP_01,TP,16-03-2026,22/03/2026,"5,7",tarde
A00594,Mia Vega,24,M,mia.vega594@alumnos.tup.edu.ar,C3,Noche,2026-03-08,Quiz_03,Quiz,25-05-2026,,,
A00413,Mora Diaz,17,F,mora.diaz413@alumnos.tup.edu.ar,B1,Tarde,2026-02-20,TP_02,TP,2026-04-13,2026-04-08,6.8,A tiempo
A00604,Maximo Suarez,19,F,maximo.suarez604@alumnos.tup.edu.ar,A3,Mañana,20-02-2026,Quiz_01,Quiz,2026-03-30,,,no entregó
A00408,Benjamin Silva,25,M,,B2,Tarde,10-03-2026,TP_01,TP,2026-03-16,2026-03-11,9.6,a tiempo
A00191,Antonella Silva,24,Masculino,antonella.silva191@alumnos.tup.edu.ar,A3,Mañana,26-02-2026,Parcial_01,Parcial,2026-06-22,2026-06-22,5.1,A tiempo
A00576,Guadalupe Luna,19,M,guadalupe.luna576@alumnos.tup.edu.ar,C4,Noche,19-02-2026,Quiz_02,Quiz,2026-04-27,2026-04-26,5.3,A TIEMPO
A00695,Federico Cabrera,22,Femenino,federico.cabrera695@alumnos.tup.edu.ar,B2,Tarde,2026-03-11,Parcial_01,Parcial,2026-06-22,22-06-2026,6.8,A tiempo
A00300,ANTONELLA CASTRO,23,M,antonella.castro300@alumnos.tup.edu.ar,A3,MAÑANA,2026-02-28,TP_02,TP,2026-04-13,,,
A00405,Camila Garcia,17,Masculino,camila.garcia405@alumnos.tup.edu.ar,B1,Tarde,2026-02-20,Quiz_02,Quiz,2026-04-27,2026-04-25,7.6,A TIEMPO
A00551,gabriel diaz,26,M,gabriel.diaz551@alumnos.tup.edu.ar,C2,Noche,2026-02-22,TP_03,TP,2026-05-11,2026-05-08,7.8,a tiempo
A00663,Camila Perez,22,F,camila.perez663@alumnos.tup.edu.ar, a3 ,Mañana,2026-02-21,TP_01,TP,2026-03-16,2026-03-21,5.0,Tarde
A00696,  Joaquin Sosa ,22,M,joaquin.sosa696@alumnos.tup.edu.ar, c2 ,Noche,22/02/2026,Quiz_03,Quiz,2026-05-25,,,no entregó
A00301,Sofia Benitez,23,Masculino,sofia.benitez301@alumnos.tup.edu.ar,C1,Noche,09/03/2026,TP_04,TP,2026-06-08,2026-06-15,"5,1",Tarde
A00590,Guadalupe Luna,20,M,guadalupe.luna590@alumnos.tup.edu.ar,C4,Noche,2026-02-16,TP_04,TP,08/06/2026,2026-06-19,6.6,tarde
A00689,Nicolas Molina,20,Femenino,nicolas.molina689@alumnos.tup.edu.ar,A3,Mañana,2026-03-01,TP_01,TP,2026-03-16,2026-03-14,"4,0",A tiempo
A00447,felipe luna,21,F,felipe.luna447@alumnos.tup.edu.ar,C4,Noche,04/03/2026,TP_03,TP,11/05/2026,07/05/2026,2.1,a tiempo
A00521,Renata Benitez,20,M,renata.benitez521@alumnos.tup.edu.ar,B2,Tarde,2026-02-14,TP_03,TP,2026-05-11,,,No entrego
A00696,  Joaquin Sosa ,22,M,joaquin.sosa696@alumnos.tup.edu.ar, c2 ,Noche,2026-02-22,TP_01,TP,2026-03-16,11-03-2026,"5,9",A TIEMPO
A00631,SOFIA ROMERO,23,M,sofia.romero631@alumnos.tup.edu.ar,B2,Tarde,21/02/2026,TP_03,TP,2026-05-11,,,
A00359,Lucas Garcia,28,M,lucas.garcia359@alumnos.tup.edu.ar,B1,Tarde,2026-03-05,TP_02,TP,2026-04-13,2026-04-14,"3,2",TARDE
A00365,Felipe Martinez,20,Femenino,felipe.martinez365@alumnos.tup.edu.ar,B2,Tarde,09-03-2026,TP_04,TP,2026-06-08,,,NO ENTREGO
A00574,Isabella Benitez,23,Femenino,isabella.benitez574@alumnos.tup.edu.ar,B2,Tarde,2026-02-24,Parcial_01,Parcial,2026-06-22,,,
A00255,Bruno Flores,21,Masculino,bruno.flores255@alumnos.tup.edu.ar,B1,Tarde,2026-03-04,Parcial_01,Parcial,2026-06-22,,,NO ENTREGO
A00307,Renata Ortiz,24,Femenino,renata.ortiz307@alumnos.tup.edu.ar,B2,Tarde,2026-03-06,Quiz_02,Quiz,2026-04-27,,,NO ENTREGO
A00234,Antonella Castro,22,Masculino,antonella.castro234@alumnos.tup.edu.ar,C4,Noche,11/03/2026,Quiz_03,Quiz,25/05/2026,25-05-2026,7.8,A TIEMPO
A00674,Bautista Acosta,25,M,bautista.acosta674@alumnos.tup.edu.ar,B2,Tarde,2026-03-05,Quiz_01,Quiz,30/03/2026,29/03/2026,5.0,a tiempo
A00015,Guadalupe Lopez,17,F,guadalupe.lopez15@alumnos.tup.edu.ar,C1,Noche,19/02/2026,TP_03,TP,2026-05-11,06-05-2026,8.3,a tiempo
A00369,Florencia Fernandez,24,M,florencia.fernandez369@alumnos.tup.edu.ar,A1,Mañana,2026-03-04,TP_02,TP,2026-04-13,10/04/2026,8.5,a tiempo
A00278,Mateo Alvarez,12,M,mateo.alvarez278@alumnos.tup.edu.ar,A3,Mañana,22/02/2026,TP_01,TP,2026-03-16,2026-03-13,4.5,A tiempo
A00150,Florencia Sosa,17,F,florencia.sosa150@alumnos.tup.edu.ar,A2,Mañana,2026-03-03,Quiz_03,Quiz,2026-05-25,01-06-2026,5.7,tarde
A00232,Catalina Ortiz,18,M,catalina.ortiz232@alumnos.tup.edu.ar,C1,Noche,2026-03-06,Quiz_03,Quiz,2026-05-25,,,
A00009,Catalina Herrera,20,Femenino,catalina.herrera9@alumnos.tup.edu.ar,A3,Mañana,2026-03-03,Quiz_03,Quiz,25/05/2026,2026-05-20,5.4,A tiempo
A00558,Antonella Martinez,19,F,antonella.martinez558@alumnos.tup.edu.ar,A2,Mañana,2026-03-10,TP_04,TP,2026-06-08,,,No entrego
A00429,Thiago Perez,22,Femenino,thiago.perez429@alumnos.tup.edu.ar,C4,Noche,2026-03-11,TP_03,TP,2026-05-11,10/05/2026,8.8,a tiempo
A00500,Valentina Cabrera,18,M,valentina.cabrera500@alumnos.tup.edu.ar,A2,Mañana,14-02-2026,Quiz_03,Quiz,2026-05-25,2026-05-24,7.1,A TIEMPO
A00443,Florencia Gonzalez,23,Femenino,florencia.gonzalez443@alumnos.tup.edu.ar,C4,Noche,2026-03-05,Quiz_02,Quiz,27/04/2026,2026-04-24,6.8,a tiempo
A00146,  Camila Gonzalez ,17,F,camila.gonzalez146@alumnos.tup.edu.ar,B2,Tarde,2026-02-27,TP_03,TP,11-05-2026,2026-05-10,8.3,a tiempo
A00591,Lucia Sanchez,17,F,lucia.sanchez591@alumnos.tup.edu.ar,C1,Noche,2026-03-04,TP_03,TP,2026-05-11,,,
A00196,Manuel Martinez,25,Femenino,manuel.martinez196@alumnos.tup.edu.ar,A3,Mañana,2026-02-19,TP_01,TP,2026-03-16,11-03-2026,6.3,A TIEMPO
A00319,julieta silva,19,F,julieta.silva319@alumnos.tup.edu.ar,C3,Noche,2026-03-05,TP_04,TP,08/06/2026,2026-06-08,2.7,a tiempo
A00347,Santino Molina,19,M,santino.molina347@alumnos.tup.edu.ar,C3,Noche,2026-02-18,Quiz_01,Quiz,2026-03-30,2026-04-05,"3,6",Tarde
A00497,Martina Ramirez,17,F,martina.ramirez497@alumnos.tup.edu.ar,A2,Mañana,2026-02-20,Quiz_03,Quiz,25-05-2026,2026-05-25,"7,5",A TIEMPO
A00641,Felipe Molina,17,F,felipe.molina641@alumnos.tup.edu.ar,C3,Noche,07/03/2026,TP_02,TP,2026-04-13,2026-04-11,5.3,A TIEMPO
A00242,Mora Ortiz,17,F,mora.ortiz242@alumnos.tup.edu.ar,B2,Tarde,2026-02-27,Quiz_01,Quiz,2026-03-30,2026-03-28,6.4,A tiempo
A00646,Diego Luna,17,F,diego.luna646@alumnos.tup.edu.ar,A1,Mañana,2026-03-09,TP_04,TP,2026-06-08,,,No entrego
A00375,Pilar Perez,25,M,pilar.perez375@alumnos.tup.edu.ar,A2,Mañana,2026-02-28,TP_04,TP,2026-06-08,2026-06-13,6.0,tarde
A00676,mora vega,17,F,mora.vega676@alumnos.tup.edu.ar,C2,Noche,2026-03-02,Quiz_03,Quiz,2026-05-25,,,NO ENTREGO
A00391,Pilar Torres,21,F,pilar.torres391@alumnos.tup.edu.ar,B1,Tarde,2026-03-09,TP_02,TP,2026-04-13,2026-04-22,5.3,tarde
A00568,  Catalina Molina ,27,Femenino,catalina.molina568@alumnos.tup.edu.ar,C2,Noche,2026-03-06,Quiz_03,Quiz,2026-05-25,2026-05-21,6.8,A tiempo
A00214,Mia Silva,27,M,mia.silva214@alumnos.tup.edu.ar,C4,Noche,2026-02-27,TP_04,TP,08/06/2026,,,
A00507,Joaquin Herrera,22,Femenino,joaquin.herrera507@alumnos.tup.edu.ar,C2,Noche,2026-02-27,Parcial_01,Parcial,22-06-2026,,,NO ENTREGO
A00253,Santino Flores,24,M,santino.flores253@alumnos.tup.edu.ar,A1,Mañana,04/03/2026,TP_03,TP,2026-05-11,11/05/2026,5.8,A TIEMPO
A00445,Paula Alvarez,22,Masculino,paula.alvarez445@alumnos.tup.edu.ar,B1,TARDE,2026-03-06,TP_01,TP,2026-03-16,2026-03-15,5.0,A TIEMPO
A00547,Agustin Rodriguez,27,M,agustin.rodriguez547@alumnos.tup.edu.ar,C3,NOCHE,2026-02-14,TP_03,TP,2026-05-11,2026-05-11,"10,0",A TIEMPO
A00649,Martina Lopez,17,M,martina.lopez649@alumnos.tup.edu.ar,C2,Noche,2026-02-17,Quiz_01,Quiz,2026-03-30,2026-03-28,"7,1",a tiempo
A00570,VALENTINO BENITEZ,19,Masculino,valentino.benitez570@alumnos.tup.edu.ar,A2,Mañana,2026-02-25,TP_01,TP,2026-03-16,2026-03-16,5.3,A TIEMPO
A00527,Gabriel Ruiz,27,Femenino,gabriel.ruiz527@alumnos.tup.edu.ar,B1,Tarde,2026-02-19,Parcial_01,Parcial,22/06/2026,,,no entregó
A00158,Nicolas Torres,26,M,nicolas.torres158@alumnos.tup.edu.ar,C2,Noche,2026-02-17,TP_02,TP,13-04-2026,2026-04-10,8.0,a tiempo
A00197,  Valentina Ramirez ,23,M,valentina.ramirez197@alumnos.tup.edu.ar,A1,Mañana,27/02/2026,TP_01,TP,2026-03-16,2026-03-12,6.7,A tiempo
A00306,Ignacio Gonzalez,19,Masculino,ignacio.gonzalez306@alumnos.tup.edu.ar,A3,Mañana,2026-02-17,TP_02,TP,2026-04-13,13/04/2026,6.0,A TIEMPO
A00002,Mora Nuñez,24,F,mora.nuñez2@alumnos.tup.edu.ar,B2,Tarde,2026-02-25,Quiz_03,Quiz,25/05/2026,,,no entregó
A00594,Mia Vega,24,M,mia.vega594@alumnos.tup.edu.ar,C3,Noche,2026-03-08,Quiz_01,Quiz,30-03-2026,29/03/2026,6.8,a tiempo
A00040,Martina Sosa,25,Femenino,martina.sosa40@alumnos.tup.edu.ar,C3,Noche,2026-02-22,Quiz_02,Quiz,2026-04-27,,,
A00331,Felipe Rojas,17,Femenino,felipe.rojas331@alumnos.tup.edu.ar,C3,Noche,2026-02-23,TP_02,TP,13-04-2026,,,
A00288,Lucas Acosta,26,F,lucas.acosta288@alumnos.tup.edu.ar,B1,Tarde,2026-03-05,Parcial_01,Parcial,2026-06-22,29/06/2026,7.7,TARDE
A00448,VICTORIA CASTRO,17,Masculino,victoria.castro448@alumnos.tup.edu.ar,C3,Noche,2026-03-06,Quiz_01,Quiz,2026-03-30,2026-03-25,7.1,A tiempo
A00653,Agustin Vega,22,M,agustin.vega653@alumnos.tup.edu.ar, a1 ,Mañana,10-03-2026,Quiz_03,Quiz,2026-05-25,,,
A00169,Florencia Ortiz,24,F,florencia.ortiz169@alumnos.tup.edu.ar, c1 ,Noche,27/02/2026,Quiz_02,Quiz,27/04/2026,,,No entrego
A00393,Delfina Silva,24,M,delfina.silva393@@alumnos.tup.edu.ar,B2,Tarde,2026-02-22,Parcial_01,Parcial,2026-06-22,2026-06-21,5.6,A TIEMPO
A00678,Thiago Diaz,23,Masculino,thiago.diaz678@alumnos.tup.edu.ar,C4,Noche,28-02-2026,Parcial_01,Parcial,2026-06-22,2026-06-20,"5,4",a tiempo
A00034,Valentino Ortiz,26,Masculino,valentino.ortiz34@alumnos.tup.edu.ar,C1,Noche,18/02/2026,TP_01,TP,2026-03-16,2026-03-16,4.9,A TIEMPO
A00375,Pilar Perez,25,M,pilar.perez375@alumnos.tup.edu.ar,A2,Mañana,2026-02-28,Quiz_03,Quiz,2026-05-25,2026-05-21,4.9,a tiempo
A00223,Gabriel Torres,19,M,gabriel.torres223@alumnos.tup.edu.ar,A3,MAÑANA,2026-02-17,TP_02,TP,2026-04-13,2026-04-10,6.2,A TIEMPO
A00203,Gabriel Molina,20,Femenino,gabriel.molina203@alumnos.tup.edu.ar,B2,Tarde,17/02/2026,TP_03,TP,2026-05-11,,,no entregó
A00411,Martina Rodriguez,18,M,martina.rodriguez411@alumnos.tup.edu.ar,C1,Noche,2026-02-21,TP_02,TP,2026-04-13,,,NO ENTREGO
A00175,Gabriel Castro,33,F,gabriel.castro175@alumnos.tup.edu.ar,A2,Mañana,2026-03-06,Quiz_03,Quiz,25/05/2026,04/06/2026,4.0,TARDE
A00677,Guadalupe Benitez,18,F,guadalupe.benitez677@alumnos.tup.edu.ar,A3,Mañana,2026-03-10,Quiz_02,Quiz,2026-04-27,,,
A00138,Joaquin Ortiz,29,Femenino,joaquin.ortiz138@@alumnos.tup.edu.ar,C1,Noche,2026-02-18,TP_02,TP,2026-04-13,,,no entregó
A00398,Antonella Castro,31,F,antonella.castro398@alumnos.tup.edu.ar,B1,Tarde,28-02-2026,TP_03,TP,2026-05-11,,,No entrego
A00383,Felipe Rojas,31,Masculino,felipe.rojas383@alumnos.tup.edu.ar,A1,Mañana,2026-03-08,TP_03,TP,2026-05-11,2026-05-07,"7,0",A tiempo
A00281,Victoria Romero,17,F,victoria.romero281@alumnos.tup.edu.ar,C2,Noche,11-03-2026,Quiz_01,Quiz,2026-03-30,2026-04-09,"8,0",Tarde
A00239,gabriel sosa,25,femenino,gabriel.sosa239@alumnos.tup.edu.ar,A1,Mañana,15/02/2026,Quiz_02,Quiz,27-04-2026,,,NO ENTREGO
A00693,Pilar Romero,19,M,pilar.romero693@alumnos.tup.edu.ar,B1,Tarde,2026-02-24,Parcial_01,Parcial,2026-06-22,2026-06-20,8.9,A tiempo
A00073,Diego Alvarez,19,F,diego.alvarez73@alumnos.tup.edu.ar,B1,Tarde,2026-03-10,TP_03,TP,2026-05-11,,,NO ENTREGO
A00330,Julieta Acosta,17,F,julieta.acosta330@alumnos.tup.edu.ar,A1,Mañana,2026-03-11,Quiz_01,Quiz,2026-03-30,,,
A00453,Catalina Nuñez,24,Femenino,catalina.nuñez453@alumnos.tup.edu.ar,C1,Noche,2026-03-01,TP_02,TP,2026-04-13,2026-04-25,3.9,Tarde
A00120,Mateo Ruiz,25,F,mateo.ruiz120@alumnos.tup.edu.ar,B2,Tarde,05/03/2026,Quiz_01,Quiz,2026-03-30,30/03/2026,"9,7",A TIEMPO
A00580,Martina Fernandez,23,M,martina.fernandez580@alumnos.tup.edu.ar, b1 ,Tarde,2026-03-07,Quiz_01,Quiz,30-03-2026,2026-03-28,6.7,a tiempo
A00657,Valentino Alvarez,23,F,valentino.alvarez657@alumnos.tup.edu.ar,A2,Mañana,2026-03-05,Quiz_01,Quiz,2026-03-30,2026-03-25,7.2,A tiempo
A00145,Maximo Sanchez,24,F,maximo.sanchez145@alumnos.tup.edu.ar,C4,Noche,2026-03-09,TP_02,TP,2026-04-13,2026-04-12,7.3,a tiempo
A00359,Lucas Garcia,28,M,lucas.garcia359@alumnos.tup.edu.ar,B1,Tarde,2026-03-05,TP_04,TP,2026-06-08,2026-06-16,5.3,tarde
A00239,gabriel sosa,25,femenino,gabriel.sosa239@alumnos.tup.edu.ar,A1,Mañana,2026-02-15,TP_04,TP,2026-06-08,,,
A00145,Maximo Sanchez,24,F,maximo.sanchez145@alumnos.tup.edu.ar,C4,Noche,2026-03-09,TP_04,TP,2026-06-08,2026-06-06,7.2,A tiempo
A00101,Ignacio Perez,17,F,ignacio.perez101@alumnos.tup.edu.ar,B1,Tarde,2026-02-24,Quiz_03,Quiz,2026-05-25,2026-05-21,5.4,A TIEMPO
A00667,Mora Sosa,20,F,mora.sosa667@alumnos.tup.edu.ar,C4,Noche,23-02-2026,TP_04,TP,2026-06-08,03/06/2026,"8,3",A tiempo
A00599,Federico Fernandez,17,X,federico.fernandez599@alumnos.tup.edu.ar,B2,Tarde,15/02/2026,TP_04,TP,08/06/2026,08-06-2026,6.5,a tiempo
A00478,renata sanchez,23,F,renata.sanchez478@alumnos.tup.edu.ar, b1 ,Tarde,19/02/2026,TP_03,TP,2026-05-11,,,
A00396,Felipe Suarez,31,F,felipe.suarez396@alumnos.tup.edu.ar,A1,Mañana,2026-02-22,Parcial_01,Parcial,2026-06-22,,,no entregó
A00435,Bruno Flores,19,Masculino,bruno.flores435@alumnos.tup.edu.ar,A1,Mañana,2026-02-20,Quiz_02,Quiz,2026-04-27,01-05-2026,6.1,TARDE
A00328,Bruno Lopez,22,F,bruno.lopez328@alumnos.tup.edu.ar,B2,Tarde,2026-03-08,TP_02,TP,13-04-2026,12/04/2026,8.3,A TIEMPO
A00391,Pilar Torres,21,F,pilar.torres391@alumnos.tup.edu.ar,B1,Tarde,09-03-2026,TP_01,TP,16-03-2026,2026-03-28,"3,0",Tarde
A00199,Nicolas Ortiz,18,F,nicolas.ortiz199@alumnos.tup.edu.ar,B2,Tarde,27-02-2026,Parcial_01,Parcial,2026-06-22,2026-06-22,"2,2",A tiempo
A00658,Martina Luna,22,F,martina.luna658@alumnos.tup.edu.ar,C3,Noche,2026-03-05,Quiz_02,Quiz,27-04-2026,,,NO ENTREGO
A00502,Manuel Torres,17,Masculino,manuel.torres502@alumnos.tup.edu.ar,A2,Mañana,2026-03-03,TP_03,TP,2026-05-11,10/05/2026,"5,1",A tiempo
A00113,Manuel Flores,21,Masculino,manuel.flores113@alumnos.tup.edu.ar,B2,Tarde,2026-03-04,TP_04,TP,2026-06-08,06/06/2026,"6,6",a tiempo
A00286,Felipe Suarez,19,M,felipe.suarez286@alumnos.tup.edu.ar,A3,Mañana,03-03-2026,TP_03,TP,11-05-2026,2026-05-08,7.0,A tiempo
A00624,Florencia Castro,24,Masculino,florencia.castro624@alumnos.tup.edu.ar,A2,Mañana,08/03/2026,Quiz_03,Quiz,2026-05-25,2026-05-24,"2,8",A TIEMPO
A00449,Pilar Martinez,18,M,pilar.martinez449@alumnos.tup.edu.ar,A3,Mañana,2026-03-08,TP_01,TP,2026-03-16,,,
A00036,Nicolas Vega,17,M,nicolas.vega36@alumnos.tup.edu.ar,C2,Noche,2026-03-11,TP_02,TP,13-04-2026,2026-04-10,8.2,A TIEMPO
A00400,martina silva,24,F,,C1,Noche,17/02/2026,Parcial_01,Parcial,2026-06-22,2026-07-03,8.4,Tarde
A00380,Benjamin Herrera,27,Femenino,benjamin.herrera380@alumnos.tup.edu.ar,B1,Tarde,07/03/2026,TP_01,TP,2026-03-16,15-03-2026,7.9,A TIEMPO
A00491,Felipe Sanchez,28,M,felipe.sanchez491@alumnos.tup.edu.ar,C2,NOCHE,2026-02-17,Parcial_01,Parcial,22-06-2026,2026-07-03,4.2,TARDE
A00412,Mora Aguirre,25,M,mora.aguirre412@alumnos.tup.edu.ar,A1,MAÑANA,2026-02-14,Quiz_01,Quiz,2026-03-30,2026-04-09,3.0,tarde
A00197,  Valentina Ramirez ,23,M,valentina.ramirez197@alumnos.tup.edu.ar,A1,Mañana,2026-02-27,TP_03,TP,11/05/2026,11-05-2026,7.2,A TIEMPO
A00097,Maximo Diaz,27,M,maximo.diaz97@alumnos.tup.edu.ar,C3,Noche,07/03/2026,TP_02,TP,2026-04-13,2026-04-13,4.1,a tiempo
A00461,Federico Sanchez,22,Masculino,federico.sanchez461@alumnos.tup.edu.ar,C2,Noche,2026-03-08,TP_02,TP,13-04-2026,2026-04-10,10.0,a tiempo
A00283,Felipe Suarez,23,F,felipe.suarez283@alumnos.tup.edu.ar,B2,Tarde,2026-02-22,TP_04,TP,08-06-2026,2026-06-04,4.4,A TIEMPO
A00385,Antonella Ruiz,25,F,antonella.ruiz385@alumnos.tup.edu.ar,B2,Tarde,2026-02-15,TP_01,TP,16/03/2026,2026-03-11,9.5,a tiempo
A00346,Nicolas Flores,12,M,nicolas.flores346@alumnos.tup.edu.ar,A3,Mañana,05/03/2026,Parcial_01,Parcial,2026-06-22,,,no entregó
A00133,Thiago Cabrera,24,M,thiago.cabrera133@alumnos.tup.edu.ar,C4,Noche,16/02/2026,Quiz_01,Quiz,30/03/2026,26/03/2026,5.5,A TIEMPO
A00188,  Pilar Flores ,29,F,pilar.flores188@alumnos.tup.edu.ar,C4,Noche,2026-03-05,TP_02,TP,2026-04-13,2026-04-15,6.8,tarde
A00392,Tomas Rojas,17,F,tomas.rojas392@alumnos.tup.edu.ar,C3,Noche,2026-02-27,Parcial_01,Parcial,22/06/2026,2026-07-03,5.6,tarde
A00573,Lautaro Romero,22,Masculino,lautaro.romero573@alumnos.tup.edu.ar,C1,Noche,11-03-2026,Quiz_03,Quiz,2026-05-25,2026-05-24,9.2,A tiempo
A00664,Benjamin Lopez,17,M,benjamin.lopez664@alumnos.tup.edu.ar,C2,Noche,2026-03-03,Quiz_01,Quiz,2026-03-30,2026-03-27,7.7,A TIEMPO
A00247,  Joaquin Benitez ,25,M,joaquin.benitez247@alumnos.tup.edu.ar,A1,Mañana,2026-03-10,Parcial_01,Parcial,22-06-2026,04/07/2026,8.0,Tarde
A00366,Isabella Torres,23,F,isabella.torres366@alumnos.tup.edu.ar,C4,NOCHE,2026-02-20,Quiz_02,Quiz,27/04/2026,,,no entregó
A00444,  Bautista Benitez ,17,M,bautista.benitez444@alumnos.tup.edu.ar, b1 ,Tarde,2026-03-09,Quiz_02,Quiz,2026-04-27,2026-05-08,7.4,tarde
A00504,Tomas Ruiz,22,M,tomas.ruiz504@alumnos.tup.edu.ar,A1,Mañana,2026-02-23,Quiz_03,Quiz,2026-05-25,2026-05-20,5.4,A tiempo
A00437,Mia Gonzalez,29,F,mia.gonzalez437@alumnos.tup.edu.ar,C3,NOCHE,2026-03-11,TP_03,TP,2026-05-11,,,NO ENTREGO
A00339,Renata Medina,23,F,renata.medina339@alumnos.tup.edu.ar,A1,Mañana,2026-03-03,TP_04,TP,2026-06-08,,,no entregó
A00302,Nicolas Perez,22,M,nicolas.perez302@alumnos.tup.edu.ar,A3,Mañana,07/03/2026,TP_04,TP,08/06/2026,2026-06-08,8.0,a tiempo
A00337,Mateo Aguirre,21,F,mateo.aguirre337@alumnos.tup.edu.ar,C2,Noche,02/03/2026,Quiz_02,Quiz,27/04/2026,,,
A00567,BRUNO SANCHEZ,23,F,bruno.sanchez567@alumnos.tup.edu.ar,A1,Mañana,2026-02-25,Parcial_01,Parcial,22/06/2026,2026-06-20,7.4,A TIEMPO
A00674,Bautista Acosta,25,M,bautista.acosta674@alumnos.tup.edu.ar,B2,Tarde,2026-03-05,TP_04,TP,2026-06-08,,,No entrego
A00202,Delfina Sanchez,29,femenino,delfina.sanchez202@alumnos.tup.edu.ar,C1,Noche,26-02-2026,Quiz_03,Quiz,2026-05-25,,,
A00311,Martina Martinez,22,Femenino,martina.martinez311@alumnos.tup.edu.ar,B1,Tarde,21/02/2026,TP_02,TP,2026-04-13,,,NO ENTREGO
A00679,Thiago Luna,20,M,thiago.luna679@alumnos.tup.edu.ar,B1,Tarde,2026-03-10,Quiz_01,Quiz,2026-03-30,2026-03-26,8.3,a tiempo
A00315,Martina Sanchez,19,femenino,martina.sanchez315@alumnos.tup.edu.ar, c2 ,Noche,22/02/2026,Quiz_03,Quiz,25/05/2026,,,NO ENTREGO
A00650,Pilar Garcia,17,M,pilar.garcia650@alumnos.tup.edu.ar, c3 ,Noche,2026-02-18,TP_03,TP,2026-05-11,2026-05-21,8.0,TARDE
A00048,  Martina Medina ,17,femenino,martina.medina48@alumnos.tup.edu.ar,A2,Mañana,16/02/2026,Parcial_01,Parcial,2026-06-22,,,NO ENTREGO
A00437,Mia Gonzalez,29,F,mia.gonzalez437@alumnos.tup.edu.ar,C3,NOCHE,2026-03-11,TP_02,TP,13/04/2026,2026-04-12,3.9,a tiempo
A00269,Paula Martinez,25,F,paula.martinez269@alumnos.tup.edu.ar,A2,Mañana,2026-03-05,Quiz_03,Quiz,25-05-2026,29/05/2026,4.0,tarde
A00094,Nicolas Rodriguez,20,M,nicolas.rodriguez94@alumnos.tup.edu.ar,A2,Mañana,24-02-2026,Quiz_01,Quiz,2026-03-30,2026-03-27,8.8,a tiempo
A00359,Lucas Garcia,28,M,lucas.garcia359@alumnos.tup.edu.ar,B1,Tarde,2026-03-05,Quiz_03,Quiz,2026-05-25,,,NO ENTREGO
A00471,Catalina Perez,19,F,catalina.perez471@alumnos.tup.edu.ar,C4,Noche,2026-02-14,Quiz_03,Quiz,2026-05-25,2026-05-23,7.9,A tiempo
A00589,Pilar Benitez,27,F,pilar.benitez589@alumnos.tup.edu.ar,B1,Tarde,21/02/2026,TP_04,TP,2026-06-08,2026-06-04,"9,8",A tiempo
A00696,  Joaquin Sosa ,22,M,joaquin.sosa696@alumnos.tup.edu.ar, c2 ,Noche,2026-02-22,TP_03,TP,2026-05-11,,,
A00419,JULIETA MARTINEZ,25,F,julieta.martinez419@alumnos.tup.edu.ar,C4,Noche,07/03/2026,TP_04,TP,2026-06-08,,,NO ENTREGO
A00083,Santino Rojas,21,femenino,santino.rojas83@alumnos.tup.edu.ar,A2,Mañana,2026-02-25,TP_02,TP,2026-04-13,24/04/2026,5.5,Tarde
A00023,Thiago Garcia,17,F,thiago.garcia23@alumnos.tup.edu.ar,A2,Mañana,2026-03-04,Quiz_01,Quiz,30/03/2026,,,NO ENTREGO
A00619,Benjamin Martinez,27,F,benjamin.martinez619@alumnos.tup.edu.ar,B2,Tarde,19/02/2026,Parcial_01,Parcial,2026-06-22,,,NO ENTREGO
A00576,Guadalupe Luna,19,M,guadalupe.luna576@alumnos.tup.edu.ar,C4,Noche,19/02/2026,Parcial_01,Parcial,2026-06-22,2026-06-18,9.1,A TIEMPO
A00611,Pilar Fernandez,21,F,pilar.fernandez611@alumnos.tup.edu.ar,C4,Noche,2026-03-06,TP_03,TP,2026-05-11,11-05-2026,5.7,a tiempo
A00200,Federico Molina,17,F,federico.molina200@alumnos.tup.edu.ar,C4,Noche,2026-02-20,Parcial_01,Parcial,2026-06-22,2026-06-22,7.8,a tiempo
A00384,MIA ACOSTA,27,F,mia.acosta384@alumnos.tup.edu.ar,B1,Tarde,2026-03-11,Quiz_02,Quiz,2026-04-27,2026-04-22,"6,2",A tiempo
A00278,Mateo Alvarez,12,M,mateo.alvarez278@alumnos.tup.edu.ar,A3,Mañana,2026-02-22,Parcial_01,Parcial,2026-06-22,20-06-2026,6.8,A TIEMPO
A00211,Valentina Garcia,21,Femenino,valentina.garcia211@@alumnos.tup.edu.ar,A1,Mañana,18/02/2026,TP_04,TP,08/06/2026,,,NO ENTREGO
A00055,Delfina Ortiz,18,F,delfina.ortiz55@alumnos.tup.edu.ar,A2,Mañana,2026-02-24,Parcial_01,Parcial,22/06/2026,,,NO ENTREGO
A00533,Santino Cabrera,19,Masculino,santino.cabrera533@alumnos.tup.edu.ar,C1,Noche,2026-02-17,TP_03,TP,11/05/2026,2026-05-11,5.2,a tiempo
A00087,Bautista Silva,19,M,bautista.silva87@alumnos.tup.edu.ar,C3,Noche,2026-03-09,TP_02,TP,2026-04-13,12-04-2026,6.3,A tiempo
A00029,Delfina Benitez,28,F,delfina.benitez29@alumnos.tup.edu.ar,C4,Noche,10-03-2026,Quiz_03,Quiz,2026-05-25,,,NO ENTREGO
A00251,Camila Benitez,19,F,camila.benitez251@alumnos.tup.edu.ar,C4,Noche,2026-03-02,Quiz_02,Quiz,2026-04-27,24/04/2026,7.2,A tiempo
A00616,Martina Garcia,35,F,martina.garcia616@alumnos.tup.edu.ar,B1,TARDE,2026-02-22,Quiz_01,Quiz,2026-03-30,2026-03-25,9.0,a tiempo
A00567,BRUNO SANCHEZ,23,F,bruno.sanchez567@alumnos.tup.edu.ar,A1,Mañana,2026-02-25,TP_04,TP,2026-06-08,2026-06-03,7.0,A TIEMPO
A00080,Lautaro Herrera,26,M,lautaro.herrera80@alumnos.tup.edu.ar,C2,Noche,19/02/2026,Quiz_02,Quiz,2026-04-27,,,No entrego
A00084,Felipe Ruiz,20,F,felipe.ruiz84@alumnos.tup.edu.ar,C3,Noche,2026-03-05,Quiz_02,Quiz,2026-04-27,,,
A00479,Manuel Medina,27,Masculino,manuel.medina479@alumnos.tup.edu.ar,A2,Mañana,2026-03-07,Quiz_02,Quiz,2026-04-27,27-04-2026,7.9,a tiempo
A00262,Joaquin Aguirre,23,Masculino,joaquin.aguirre262@alumnos.tup.edu.ar,C1,Noche,2026-03-01,TP_04,TP,2026-06-08,,,NO ENTREGO
A00321,Benjamin Aguirre,17,Masculino,benjamin.aguirre321@alumnos.tup.edu.ar,C3,Noche,09/03/2026,TP_03,TP,11/05/2026,17/05/2026,2.2,tarde
A00270,Felipe Rodriguez,23,F,felipe.rodriguez270@alumnos.tup.edu.ar,B1,Tarde,2026-03-02,TP_03,TP,11-05-2026,13/05/2026,1.9,TARDE
A00173,Florencia Suarez,17,femenino,florencia.suarez173@alumnos.tup.edu.ar,B2,Tarde,2026-03-04,Quiz_02,Quiz,27-04-2026,2026-04-22,6.0,a tiempo
A00644,DELFINA VEGA,23,M,delfina.vega644@alumnos.tup.edu.ar,C1,Noche,02/03/2026,Quiz_03,Quiz,2026-05-25,2026-05-22,6.5,a tiempo
A00258,Bruno Sanchez,24,M,bruno.sanchez258@alumnos.tup.edu.ar,A1,Mañana,2026-02-15,Parcial_01,Parcial,2026-06-22,,,
A00335,Martina Medina,36,Masculino,martina.medina335@alumnos.tup.edu.ar,B1,Tarde,05-03-2026,TP_02,TP,2026-04-13,11/04/2026,8.7,A TIEMPO
A00540,Renata Garcia,17,M,renata.garcia540@alumnos.tup.edu.ar,B2,Tarde,26/02/2026,Parcial_01,Parcial,2026-06-22,2026-06-17,8.7,a tiempo
A00297,Felipe Castro,27,F,felipe.castro297@alumnos.tup.edu.ar,B2,Tarde,2026-02-25,TP_03,TP,2026-05-11,2026-05-16,5.9,Tarde
A00109,Joaquin Aguirre,33,Masculino,joaquin.aguirre109@alumnos.tup.edu.ar,B2,Tarde,2026-02-15,TP_01,TP,2026-03-16,2026-03-15,7.7,a tiempo
A00693,Pilar Romero,19,M,pilar.romero693@alumnos.tup.edu.ar,B1,Tarde,24-02-2026,Quiz_03,Quiz,2026-05-25,2026-05-20,9.2,a tiempo
A00329,Manuel Martinez,29,Masculino,manuel.martinez329@alumnos.tup.edu.ar,A1,Mañana,2026-02-17,TP_02,TP,2026-04-13,08-04-2026,5.6,A tiempo
A00509,Catalina Diaz,17,F,catalina.diaz509@alumnos.tup.edu.ar,A3,Mañana,2026-02-19,Quiz_03,Quiz,2026-05-25,2026-05-21,"6,0",A TIEMPO
A00685,Joaquin Vega,17,M,joaquin.vega685@alumnos.tup.edu.ar,A3,Mañana,03/03/2026,Quiz_02,Quiz,27-04-2026,2026-05-04,4.5,tarde
A00533,Santino Cabrera,19,Masculino,santino.cabrera533@alumnos.tup.edu.ar,C1,Noche,2026-02-17,TP_01,TP,16-03-2026,2026-03-11,"7,0",a tiempo
A00155,Renata Ramirez,23,F,renata.ramirez155@alumnos.tup.edu.ar,A2,Mañana,2026-03-11,TP_04,TP,2026-06-08,2026-06-07,"7,1",a tiempo
A00023,Thiago Garcia,17,F,thiago.garcia23@alumnos.tup.edu.ar,A2,Mañana,2026-03-04,Quiz_03,Quiz,2026-05-25,,,
A00585,Antonella Silva,28,Masculino,antonella.silva585@alumnos.tup.edu.ar, a2 ,Mañana,2026-03-10,Quiz_01,Quiz,2026-03-30,2026-04-03,6.5,TARDE
A00613,Federico Ortiz,17,F,federico.ortiz613@alumnos.tup.edu.ar,C1,Noche,2026-02-17,Parcial_01,Parcial,2026-06-22,20/06/2026,10.0,A TIEMPO
A00192,Emma Sanchez,17,F,emma.sanchez192@alumnos.tup.edu.ar,C1,Noche,2026-03-11,Quiz_01,Quiz,30-03-2026,29/03/2026,6.4,a tiempo
A00007,Pilar Gonzalez,28,F,pilar.gonzalez7@alumnos.tup.edu.ar,B1,Tarde,14-02-2026,Quiz_02,Quiz,2026-04-27,,,
A00209,Sofia Nuñez,25,F,sofia.nuñez209@alumnos.tup.edu.ar,A3,MAÑANA,2026-03-08,TP_03,TP,11/05/2026,2026-05-10,"9,1",A tiempo
A00392,Tomas Rojas,17,F,tomas.rojas392@alumnos.tup.edu.ar,C3,Noche,27/02/2026,Quiz_01,Quiz,2026-03-30,29-03-2026,8.5,A TIEMPO
A00196,Manuel Martinez,25,Femenino,manuel.martinez196@alumnos.tup.edu.ar,A3,Mañana,2026-02-19,Quiz_01,Quiz,2026-03-30,2026-03-27,5.0,A TIEMPO
A00330,Julieta Acosta,17,F,julieta.acosta330@alumnos.tup.edu.ar,A1,Mañana,11/03/2026,TP_01,TP,16/03/2026,,,no entregó
A00205,Benjamin Torres,19,F,benjamin.torres205@alumnos.tup.edu.ar,C4,NOCHE,2026-03-04,TP_02,TP,2026-04-13,2026-04-19,5.2,TARDE
A00376,Joaquin Sanchez,21,M,joaquin.sanchez376@alumnos.tup.edu.ar,C2,Noche,2026-02-20,Quiz_01,Quiz,2026-03-30,2026-03-25,"6,1",A TIEMPO
A00012,Isabella Nuñez,20,M,isabella.nuñez12@alumnos.tup.edu.ar,B2,Tarde,2026-03-09,Quiz_01,Quiz,2026-03-30,2026-03-25,6.4,A TIEMPO
A00407,Mia Fernandez,28,M,mia.fernandez407@alumnos.tup.edu.ar,A1,Mañana,2026-03-05,TP_04,TP,2026-06-08,,,no entregó
A00679,Thiago Luna,20,M,thiago.luna679@alumnos.tup.edu.ar,B1,Tarde,2026-03-10,Parcial_01,Parcial,2026-06-22,2026-06-19,"5,0",a tiempo
A00527,Gabriel Ruiz,27,Femenino,gabriel.ruiz527@alumnos.tup.edu.ar,B1,Tarde,19-02-2026,Quiz_03,Quiz,2026-05-25,,,
A00404,Victoria Torres,23,F,victoria.torres404@alumnos.tup.edu.ar,B1,Tarde,01-03-2026,Parcial_01,Parcial,2026-06-22,,,
A00601,Julieta Suarez,18,F,julieta.suarez601@alumnos.tup.edu.ar,A2,Mañana,27-02-2026,Quiz_03,Quiz,2026-05-25,2026-05-21,6.7,a tiempo
A00424,Olivia Aguirre,22,Femenino,olivia.aguirre424@alumnos.tup.edu.ar,C4,Noche,2026-02-24,TP_04,TP,2026-06-08,,,No entrego
A00143,Manuel Martinez,20,F,manuel.martinez143@alumnos.tup.edu.ar,C2,Noche,2026-03-03,TP_01,TP,2026-03-16,2026-03-11,5.4,a tiempo
A00030,Victoria Romero,17,M,victoria.romero30@alumnos.tup.edu.ar,B2,Tarde,2026-02-27,TP_02,TP,2026-04-13,,,
A00021,renata herrera,18,femenino,renata.herrera21@alumnos.tup.edu.ar,B1,Tarde,21-02-2026,TP_01,TP,2026-03-16,14/03/2026,6.2,A TIEMPO
A00436,Lucas Silva,31,M,lucas.silva436@alumnos.tup.edu.ar,B1,TARDE,2026-02-17,TP_01,TP,16/03/2026,2026-03-23,6.7,Tarde
A00174,Federico Silva,18,Masculino,federico.silva174@alumnos.tup.edu.ar, c1 ,Noche,08-03-2026,TP_04,TP,2026-06-08,,,No entrego
A00025,Santino Ruiz,20,F,santino.ruiz25@alumnos.tup.edu.ar,B1,Tarde,2026-02-26,TP_03,TP,2026-05-11,,,
A00440,Victoria Herrera,25,M,victoria.herrera440@alumnos.tup.edu.ar,A2,Mañana,2026-02-28,TP_04,TP,2026-06-08,2026-06-03,5.2,A tiempo
A00419,JULIETA MARTINEZ,25,F,julieta.martinez419@alumnos.tup.edu.ar,C4,Noche,07/03/2026,TP_02,TP,2026-04-13,2026-04-25,3.6,Tarde
A00149,Tomas Garcia,30,F,tomas.garcia149@alumnos.tup.edu.ar,B2,Tarde,2026-02-24,TP_03,TP,2026-05-11,,,NO ENTREGO
A00071,Guadalupe Ruiz,17,F,guadalupe.ruiz71@alumnos.tup.edu.ar,B2,Tarde,16/02/2026,Quiz_03,Quiz,2026-05-25,23/05/2026,7.1,A tiempo
A00187,valentina medina,29,F,valentina.medina187@alumnos.tup.edu.ar,A1,Mañana,19-02-2026,TP_02,TP,2026-04-13,17/04/2026,"2,7",Tarde
A00474,Lautaro Rodriguez,26,femenino,lautaro.rodriguez474@alumnos.tup.edu.ar,A2,Mañana,2026-03-02,Parcial_01,Parcial,2026-06-22,,,No entrego
A00636,Bruno Romero,27,Masculino,bruno.romero636@alumnos.tup.edu.ar,B2,Tarde,17/02/2026,TP_04,TP,08/06/2026,,,no entregó
A00608,Delfina Torres,20,Femenino,,B2,Tarde,2026-02-25,Quiz_01,Quiz,2026-03-30,29/03/2026,4.3,A TIEMPO
A00602,Renata Perez,23,M,renata.perez602@alumnos.tup.edu.ar,C2,Noche,2026-03-05,Quiz_01,Quiz,30/03/2026,,,NO ENTREGO
A00363,Lucas Molina,17,Femenino,lucas.molina363@alumnos.tup.edu.ar,B1,Tarde,2026-02-14,Quiz_02,Quiz,2026-04-27,2026-04-27,7.8,A tiempo
A00113,Manuel Flores,21,Masculino,manuel.flores113@alumnos.tup.edu.ar,B2,Tarde,2026-03-04,Quiz_01,Quiz,2026-03-30,2026-03-27,4.9,a tiempo
A00595,Nicolas Perez,22,Femenino,nicolas.perez595@alumnos.tup.edu.ar,C4,NOCHE,28/02/2026,TP_01,TP,2026-03-16,2026-03-16,"7,7",A tiempo
A00454,Bautista Suarez,110,F,bautista.suarez454@alumnos.tup.edu.ar,A2,Mañana,25/02/2026,TP_03,TP,2026-05-11,2026-05-17,2.8,tarde
A00290,Julieta Suarez,18,M,julieta.suarez290@alumnos.tup.edu.ar,A1,Mañana,24/02/2026,Quiz_03,Quiz,2026-05-25,20/05/2026,7.8,a tiempo
A00410,Victoria Molina,17,M,victoria.molina410@alumnos.tup.edu.ar,A3,Mañana,2026-02-23,Quiz_02,Quiz,2026-04-27,01/05/2026,"6,1",Tarde
A00280,Julieta Benitez,29,F,julieta.benitez280@alumnos.tup.edu.ar,C2,NOCHE,03/03/2026,TP_01,TP,2026-03-16,2026-03-12,"7,2",A TIEMPO
A00185,Renata Romero,26,M,renata.romero185@alumnos.tup.edu.ar,B1,Tarde,2026-02-19,TP_01,TP,16-03-2026,2026-03-15,8.5,A TIEMPO
A00160,Maximo Rodriguez,17,M,maximo.rodriguez160@alumnos.tup.edu.ar,A2,Mañana,2026-03-01,Quiz_02,Quiz,27/04/2026,2026-04-22,7.2,A TIEMPO
A00010,Antonella Ruiz,22,M,antonella.ruiz10@alumnos.tup.edu.ar,C2,Noche,2026-02-21,TP_04,TP,2026-06-08,07/06/2026,6.5,A tiempo
A00489,Lucia Fernandez,18,Femenino,lucia.fernandez489@alumnos.tup.edu.ar,A1,Mañana,2026-02-26,Quiz_02,Quiz,2026-04-27,2026-04-25,4.7,A tiempo
A00666,Tomas Sanchez,17,Femenino,tomas.sanchez666@alumnos.tup.edu.ar, c2 ,Noche,2026-02-15,Quiz_02,Quiz,27/04/2026,2026-04-25,7.2,a tiempo
A00035,Valentino Medina,20,F,valentino.medina35@alumnos.tup.edu.ar,B1,Tarde,04-03-2026,Quiz_03,Quiz,2026-05-25,2026-05-22,4.6,A TIEMPO
A00333,Ignacio Sosa,17,F,ignacio.sosa333@alumnos.tup.edu.ar,A3,Mañana,01/03/2026,Quiz_03,Quiz,2026-05-25,,,No entrego
A00188,  Pilar Flores ,29,F,pilar.flores188@alumnos.tup.edu.ar,C4,Noche,05-03-2026,TP_01,TP,2026-03-16,2026-03-19,5.5,Tarde
A00116,Bruno Rojas,17,X,bruno.rojas116@alumnos.tup.edu.ar,B1,Tarde,01/03/2026,Quiz_03,Quiz,25/05/2026,25/05/2026,8.0,A TIEMPO
A00442,Mateo Fernandez,24,F,mateo.fernandez442@alumnos.tup.edu.ar,C3,Noche,11-03-2026,Quiz_03,Quiz,25/05/2026,2026-05-23,8.4,a tiempo
A00151,Guadalupe Vega,17,F,guadalupe.vega151@alumnos.tup.edu.ar,B1,Tarde,2026-03-11,TP_04,TP,2026-06-08,2026-06-16,"7,1",TARDE
A00603,Mora Lopez,27,Femenino,mora.lopez603@alumnos.tup.edu.ar, c3 ,Noche,2026-03-09,Quiz_01,Quiz,30-03-2026,2026-03-29,"9,5",A TIEMPO
A00104,Delfina Alvarez,17,Masculino,delfina.alvarez104@alumnos.tup.edu.ar,C2,Noche,2026-02-23,TP_02,TP,2026-04-13,2026-04-10,"6,8",a tiempo
A00071,Guadalupe Ruiz,17,F,guadalupe.ruiz71@alumnos.tup.edu.ar,B2,Tarde,2026-02-16,Quiz_02,Quiz,27-04-2026,2026-04-23,7.5,A TIEMPO
A00477,Nicolas Alvarez,18,F,nicolas.alvarez477@alumnos.tup.edu.ar,A1,Mañana,2026-02-16,TP_04,TP,2026-06-08,,,
A00462,Gabriel Gonzalez,26,M,gabriel.gonzalez462@alumnos.tup.edu.ar,B1,Tarde,2026-03-01,TP_02,TP,2026-04-13,2026-04-13,5.2,a tiempo
A00625,Thiago Gonzalez,21,Masculino,thiago.gonzalez625@alumnos.tup.edu.ar,C1,Noche,2026-03-05,TP_01,TP,2026-03-16,15/03/2026,3.7,A tiempo
A00574,Isabella Benitez,23,Femenino,isabella.benitez574@alumnos.tup.edu.ar,B2,Tarde,24-02-2026,TP_03,TP,2026-05-11,,,
A00530,Camila Diaz,26,F,camila.diaz530@alumnos.tup.edu.ar,B1,Tarde,2026-02-18,TP_01,TP,16/03/2026,2026-03-13,8.6,a tiempo
A00559,Felipe Flores,28,F,felipe.flores559@alumnos.tup.edu.ar,C4,Noche,01/03/2026,TP_02,TP,2026-04-13,2026-04-09,9.3,a tiempo
A00416,Antonella Medina,26,Femenino,antonella.medina416@alumnos.tup.edu.ar,B2,Tarde,2026-03-06,Parcial_01,Parcial,22/06/2026,19/06/2026,9.2,a tiempo
A00107,Federico Suarez,27,F,federico.suarez107@alumnos.tup.edu.ar,C4,Noche,2026-03-08,Quiz_03,Quiz,25-05-2026,,,No entrego
A00596,Felipe Gonzalez,17,F,felipe.gonzalez596@alumnos.tup.edu.ar,A3,Mañana,18/02/2026,Parcial_01,Parcial,22-06-2026,,,no entregó
A00545,Bautista Martinez,29,Femenino,,B1,Tarde,2026-03-03,Parcial_01,Parcial,2026-06-22,,,
A00345,Lucia Castro,20,F,lucia.castro345@alumnos.tup.edu.ar,C4,Noche,07-03-2026,Parcial_01,Parcial,2026-06-22,,,no entregó
A00630,Isabella Herrera,24,M,isabella.herrera630@alumnos.tup.edu.ar,C4,Noche,2026-02-27,TP_04,TP,08/06/2026,08/06/2026,7.6,A tiempo
A00592,valentino rodriguez,19,M,valentino.rodriguez592@alumnos.tup.edu.ar,B2,Tarde,2026-03-07,TP_04,TP,2026-06-08,2026-06-05,8.1,a tiempo
A00191,Antonella Silva,24,Masculino,antonella.silva191@alumnos.tup.edu.ar,A3,Mañana,2026-02-26,TP_01,TP,2026-03-16,2026-03-13,"8,5",A TIEMPO
A00698,Martina Romero,28,M,martina.romero698@alumnos.tup.edu.ar,C4,Noche,2026-03-08,TP_03,TP,11/05/2026,2026-05-09,6.6,a tiempo
A00016,Benjamin Torres,19,M,benjamin.torres16@alumnos.tup.edu.ar,C1,Noche,2026-03-08,TP_03,TP,2026-05-11,2026-05-10,6.3,A TIEMPO
A00471,Catalina Perez,19,F,catalina.perez471@alumnos.tup.edu.ar,C4,Noche,14/02/2026,TP_03,TP,2026-05-11,2026-05-09,8.0,A TIEMPO
A00065,Federico Medina,20,M,federico.medina65@alumnos.tup.edu.ar,A2,Mañana,2026-03-07,TP_02,TP,2026-04-13,2026-04-13,7.2,A TIEMPO
A00195,Joaquin Nuñez,23,F,joaquin.nuñez195@alumnos.tup.edu.ar,C3,Noche,2026-03-04,Quiz_03,Quiz,2026-05-25,2026-05-23,4.8,a tiempo
A00099,Florencia Acosta,24,M,florencia.acosta99@alumnos.tup.edu.ar,A3,Mañana,2026-02-18,TP_04,TP,08/06/2026,19-06-2026,3.7,TARDE
A00617,Valentina Castro,23,Masculino,valentina.castro617@alumnos.tup.edu.ar,B2,Tarde,2026-03-04,TP_03,TP,2026-05-11,2026-05-11,"5,3",A TIEMPO
A00340,Olivia Alvarez,17,M,olivia.alvarez340@alumnos.tup.edu.ar,B1,Tarde,2026-03-07,Quiz_03,Quiz,2026-05-25,28/05/2026,"8,8",tarde
A00539,Olivia Sosa,21,F,olivia.sosa539@alumnos.tup.edu.ar,B1,Tarde,01-03-2026,TP_04,TP,2026-06-08,19/06/2026,4.3,TARDE
A00382,Olivia Diaz,18,M,olivia.diaz382@alumnos.tup.edu.ar,B1,Tarde,07-03-2026,Quiz_02,Quiz,2026-04-27,,,
A00634,Lucia Lopez,17,Femenino,,A1,Mañana,2026-02-25,Quiz_01,Quiz,2026-03-30,,,no entregó
A00009,Catalina Herrera,20,Femenino,catalina.herrera9@alumnos.tup.edu.ar,A3,Mañana,2026-03-03,Quiz_02,Quiz,27-04-2026,2026-04-27,5.9,a tiempo
A00071,Guadalupe Ruiz,17,F,guadalupe.ruiz71@alumnos.tup.edu.ar,B2,Tarde,2026-02-16,Parcial_01,Parcial,2026-06-22,2026-06-17,9.6,A tiempo
A00537,Manuel Sosa,24,M,manuel.sosa537@@alumnos.tup.edu.ar,B2,Tarde,2026-02-28,Quiz_01,Quiz,2026-03-30,26/03/2026,10.0,A TIEMPO
A00298,LAUTARO ORTIZ,18,Femenino,lautaro.ortiz298@alumnos.tup.edu.ar,B1,Tarde,2026-03-10,TP_03,TP,2026-05-11,06/05/2026,3.0,A TIEMPO
A00216,Bautista Lopez,23,F,bautista.lopez216@alumnos.tup.edu.ar,A3,Mañana,24/02/2026,Quiz_01,Quiz,30/03/2026,2026-03-27,"5,4",A tiempo
A00059,Delfina Perez,18,F,delfina.perez59@alumnos.tup.edu.ar,B2,Tarde,09-03-2026,Quiz_01,Quiz,2026-03-30,,,No entrego
A00004,Camila Alvarez,23,F,camila.alvarez4@alumnos.tup.edu.ar,C1,Noche,06/03/2026,Parcial_01,Parcial,22/06/2026,,,no entregó
A00458,Paula Castro,28,X,paula.castro458@alumnos.tup.edu.ar,A2,Mañana,2026-03-03,TP_04,TP,08/06/2026,2026-06-04,6.7,a tiempo
A00569,Mora Gonzalez,20,Masculino,mora.gonzalez569@alumnos.tup.edu.ar,A1,Mañana,24/02/2026,TP_02,TP,13/04/2026,24-04-2026,"6,5",Tarde
A00238,Olivia Castro,17,F,olivia.castro238@alumnos.tup.edu.ar,C2,Noche,2026-03-04,TP_04,TP,2026-06-08,,,NO ENTREGO
A00154,Maximo Torres,19,Masculino,maximo.torres154@alumnos.tup.edu.ar,A2,Mañana,2026-03-09,TP_02,TP,13/04/2026,,,no entregó
A00385,Antonella Ruiz,25,F,antonella.ruiz385@alumnos.tup.edu.ar,B2,Tarde,2026-02-15,Quiz_02,Quiz,2026-04-27,2026-05-07,8.9,Tarde
A00451,VICTORIA SANCHEZ,27,F,victoria.sanchez451@alumnos.tup.edu.ar,A2,Mañana,05-03-2026,TP_04,TP,2026-06-08,2026-06-03,8.4,a tiempo
A00216,Bautista Lopez,23,F,bautista.lopez216@alumnos.tup.edu.ar,A3,Mañana,2026-02-24,TP_03,TP,11/05/2026,09-05-2026,5.8,A tiempo
A00257,LAUTARO TORRES,23,M,lautaro.torres257@alumnos.tup.edu.ar,A3,Mañana,2026-03-09,TP_03,TP,2026-05-11,08-05-2026,"7,0",a tiempo
A00248,Benjamin Garcia,18,F,benjamin.garcia248@alumnos.tup.edu.ar,A1,Mañana,06/03/2026,TP_03,TP,2026-05-11,2026-05-17,7.2,tarde
A00374,Mora Ruiz,20,F,mora.ruiz374@alumnos.tup.edu.ar,A2,Mañana,2026-03-04,TP_02,TP,13/04/2026,2026-04-10,4.9,A tiempo
A00014,Isabella Ruiz,25,Femenino,isabella.ruiz14@alumnos.tup.edu.ar,A1,Mañana,09/03/2026,Quiz_02,Quiz,2026-04-27,,,
A00571,Catalina Gonzalez,23,Femenino,catalina.gonzalez571@alumnos.tup.edu.ar,A1,Mañana,26/02/2026,Quiz_03,Quiz,25-05-2026,,,
A00066,Bruno Torres,29,F,bruno.torres66@alumnos.tup.edu.ar,B1,Tarde,18/02/2026,Parcial_01,Parcial,2026-06-22,,,No entrego
A00606,Delfina Alvarez,23,F,delfina.alvarez606@alumnos.tup.edu.ar,B2,Tarde,2026-02-17,Parcial_01,Parcial,2026-06-22,,,No entrego
A00182,Lucia Silva,19,F,lucia.silva182@alumnos.tup.edu.ar,A1,Mañana,2026-02-16,Quiz_03,Quiz,2026-05-25,2026-05-25,8.1,A TIEMPO
A00057,Martina Diaz,22,Masculino,martina.diaz57@alumnos.tup.edu.ar,A1,Mañana,2026-03-04,TP_04,TP,2026-06-08,2026-06-05,7.9,A TIEMPO
A00135,Lucas Aguirre,19,F,lucas.aguirre135@alumnos.tup.edu.ar,B1,Tarde,2026-02-23,TP_03,TP,2026-05-11,2026-05-11,7.9,a tiempo
A00173,Florencia Suarez,17,femenino,florencia.suarez173@alumnos.tup.edu.ar,B2,Tarde,2026-03-04,Quiz_01,Quiz,2026-03-30,2026-03-27,6.6,A TIEMPO
A00648,Lautaro Torres,23,M,lautaro.torres648@alumnos.tup.edu.ar,A1,Mañana,2026-02-27,TP_03,TP,11/05/2026,08-05-2026,"8,7",A TIEMPO
A00621,Diego Acosta,19,F,diego.acosta621@alumnos.tup.edu.ar,C1,Noche,15/02/2026,TP_02,TP,2026-04-13,,,no entregó
A00510,Federico Martinez,24,M,federico.martinez510@alumnos.tup.edu.ar,A2,Mañana,2026-03-06,TP_03,TP,2026-05-11,,,NO ENTREGO
A00651,Delfina Garcia,20,M,delfina.garcia651@alumnos.tup.edu.ar,C2,Noche,2026-03-08,Quiz_02,Quiz,27/04/2026,2026-04-30,5.2,Tarde
A00457,Antonella Ruiz,20,X,antonella.ruiz457@alumnos.tup.edu.ar,B2,TARDE,2026-03-03,Parcial_01,Parcial,2026-06-22,2026-06-24,"6,4",Tarde
A00625,Thiago Gonzalez,21,Masculino,thiago.gonzalez625@alumnos.tup.edu.ar,C1,Noche,2026-03-05,TP_02,TP,2026-04-13,,,No entrego
A00659,Florencia Rodriguez,25,F,florencia.rodriguez659@alumnos.tup.edu.ar, b1 ,Tarde,10/03/2026,TP_03,TP,11/05/2026,2026-05-06,6.7,a tiempo
A00275,Lucas Sanchez,20,F,lucas.sanchez275@alumnos.tup.edu.ar,B1,Tarde,2026-02-20,Quiz_01,Quiz,2026-03-30,28-03-2026,6.8,a tiempo
A00472,Mora Sanchez,27,Femenino,mora.sanchez472@alumnos.tup.edu.ar,C4,Noche,19/02/2026,Quiz_02,Quiz,2026-04-27,26/04/2026,7.5,A tiempo
A00402,Mora Acosta,20,M,mora.acosta402@alumnos.tup.edu.ar,C1,Noche,2026-03-04,TP_04,TP,2026-06-08,2026-06-04,6.0,a tiempo
A00358,Lucia Romero,20,F,lucia.romero358@alumnos.tup.edu.ar,B1,Tarde,03/03/2026,Quiz_03,Quiz,25/05/2026,2026-05-23,9.9,A tiempo
A00501,Bruno Sanchez,24,Masculino,bruno.sanchez501@alumnos.tup.edu.ar,C3,NOCHE,05-03-2026,TP_03,TP,2026-05-11,,,
A00587,Pilar Rodriguez,23,Femenino,pilar.rodriguez587@alumnos.tup.edu.ar, c2 ,Noche,09/03/2026,Quiz_01,Quiz,2026-03-30,2026-03-28,8.7,A TIEMPO
A00323,Sofia Sosa,28,M,sofia.sosa323@alumnos.tup.edu.ar,B2,Tarde,02/03/2026,TP_01,TP,16/03/2026,2026-03-13,9.1,a tiempo
A00100,Camila Ramirez,24,Femenino,camila.ramirez100@alumnos.tup.edu.ar,B2,Tarde,2026-03-03,Quiz_02,Quiz,2026-04-27,2026-04-27,9.0,a tiempo
A00316,Martina Vega,25,M,martina.vega316@alumnos.tup.edu.ar,C2,Noche,2026-02-21,Quiz_01,Quiz,2026-03-30,,,no entregó
A00663,Camila Perez,22,F,camila.perez663@alumnos.tup.edu.ar, a3 ,Mañana,2026-02-21,TP_02,TP,2026-04-13,19-04-2026,5.4,TARDE
A00178,Ignacio Suarez,18,M,ignacio.suarez178@alumnos.tup.edu.ar,B1,Tarde,02/03/2026,Parcial_01,Parcial,2026-06-22,2026-06-18,9.0,A TIEMPO
A00595,Nicolas Perez,22,Femenino,nicolas.perez595@alumnos.tup.edu.ar,C4,NOCHE,2026-02-28,Quiz_02,Quiz,27-04-2026,27/04/2026,8.1,a tiempo
A00554,Mia Lopez,20,X,mia.lopez554@alumnos.tup.edu.ar,C3,Noche,2026-03-11,Parcial_01,Parcial,2026-06-22,2026-06-22,7.5,A tiempo
A00236,Valentino Silva,17,F,valentino.silva236@alumnos.tup.edu.ar,C2,Noche,05/03/2026,TP_03,TP,2026-05-11,,,No entrego
A00142,Pilar Medina,19,M,pilar.medina142@alumnos.tup.edu.ar,A1,Mañana,22/02/2026,TP_02,TP,13/04/2026,2026-04-10,5.1,A TIEMPO
A00082,Delfina Rodriguez,23,Masculino,delfina.rodriguez82@alumnos.tup.edu.ar,A3,Mañana,11/03/2026,TP_04,TP,2026-06-08,2026-06-20,6.0,TARDE
A00436,Lucas Silva,31,M,lucas.silva436@alumnos.tup.edu.ar,B1,TARDE,2026-02-17,TP_03,TP,2026-05-11,,,no entregó
A00194,Agustin Garcia,22,Masculino,agustin.garcia194@alumnos.tup.edu.ar,A3,Mañana,2026-02-23,TP_04,TP,08-06-2026,2026-06-08,8.0,A tiempo
A00674,Bautista Acosta,25,M,bautista.acosta674@alumnos.tup.edu.ar,B2,Tarde,05/03/2026,TP_01,TP,16/03/2026,2026-03-28,"7,7",Tarde
A00476,Lucas Ruiz,23,F,lucas.ruiz476@alumnos.tup.edu.ar,B1,Tarde,2026-03-07,Parcial_01,Parcial,22/06/2026,2026-06-18,5.6,A TIEMPO
A00267,Agustin Alvarez,27,M,agustin.alvarez267@alumnos.tup.edu.ar,B2,Tarde,03/03/2026,TP_03,TP,2026-05-11,2026-05-13,"3,8",TARDE
A00481,Mateo Rodriguez,20,femenino,mateo.rodriguez481@alumnos.tup.edu.ar,A2,Mañana,2026-02-21,Quiz_03,Quiz,2026-05-25,,,NO ENTREGO
A00553,Felipe Romero,28,Masculino,felipe.romero553@alumnos.tup.edu.ar,B1,Tarde,2026-02-14,TP_04,TP,2026-06-08,,,NO ENTREGO
A00603,Mora Lopez,27,Femenino,mora.lopez603@alumnos.tup.edu.ar, c3 ,Noche,09/03/2026,TP_04,TP,2026-06-08,08/06/2026,"9,5",A TIEMPO
A00267,Agustin Alvarez,27,M,agustin.alvarez267@alumnos.tup.edu.ar,B2,Tarde,2026-03-03,TP_04,TP,2026-06-08,2026-06-06,4.6,A tiempo
A00534,Federico Sanchez,29,Masculino,federico.sanchez534@alumnos.tup.edu.ar,A1,Mañana,2026-02-21,TP_04,TP,08-06-2026,2026-06-06,5.7,A TIEMPO
A00166,Camila Vega,18,M,camila.vega166@alumnos.tup.edu.ar,C1,Noche,2026-02-20,Quiz_03,Quiz,25-05-2026,,,no entregó
A00074,Paula Garcia,21,M,paula.garcia74@alumnos.tup.edu.ar,A1,Mañana,2026-03-07,TP_02,TP,2026-04-13,2026-04-10,5.9,a tiempo
A00097,Maximo Diaz,27,M,maximo.diaz97@alumnos.tup.edu.ar,C3,Noche,2026-03-07,TP_01,TP,2026-03-16,2026-03-13,7.4,A TIEMPO
A00427,Mora Nuñez,23,M,mora.nuñez427@alumnos.tup.edu.ar,B2,Tarde,2026-02-28,Quiz_03,Quiz,2026-05-25,2026-05-22,5.8,A tiempo
A00474,Lautaro Rodriguez,26,femenino,lautaro.rodriguez474@alumnos.tup.edu.ar,A2,Mañana,2026-03-02,Quiz_02,Quiz,2026-04-27,,,
A00218,Manuel Lopez,27,F,manuel.lopez218@alumnos.tup.edu.ar,B2,Tarde,2026-02-19,TP_04,TP,2026-06-08,2026-06-04,5.8,A tiempo
A00287,Federico Medina,20,Femenino,federico.medina287@alumnos.tup.edu.ar,C4,Noche,2026-02-22,Quiz_01,Quiz,30-03-2026,2026-03-25,8.2,A tiempo
A00019,Mia Sosa,23,Masculino,mia.sosa19@alumnos.tup.edu.ar,C3,Noche,2026-02-18,TP_04,TP,2026-06-08,08/06/2026,5.3,a tiempo
A00700,Valentina Benitez,23,Femenino,valentina.benitez700@alumnos.tup.edu.ar,A1,Mañana,10/03/2026,Quiz_03,Quiz,25-05-2026,,,no entregó
A00006,Tomas Ortiz,18,M,tomas.ortiz6@alumnos.tup.edu.ar,C4,Noche,2026-02-18,Quiz_02,Quiz,2026-04-27,2026-04-27,4.6,a tiempo
A00534,Federico Sanchez,29,Masculino,federico.sanchez534@alumnos.tup.edu.ar,A1,Mañana,2026-02-21,TP_01,TP,16-03-2026,2026-03-13,6.1,A tiempo
A00649,Martina Lopez,17,M,martina.lopez649@alumnos.tup.edu.ar,C2,Noche,2026-02-17,TP_02,TP,2026-04-13,2026-04-09,6.2,A TIEMPO
A00206,Bautista Medina,17,M,bautista.medina206@alumnos.tup.edu.ar,B2,Tarde,2026-03-05,Quiz_03,Quiz,2026-05-25,2026-05-29,"3,1",Tarde
A00178,Ignacio Suarez,18,M,ignacio.suarez178@alumnos.tup.edu.ar,B1,Tarde,02/03/2026,Quiz_03,Quiz,25/05/2026,2026-05-24,7.3,A TIEMPO
A00549,Mateo Rodriguez,20,M,mateo.rodriguez549@alumnos.tup.edu.ar,A3,Mañana,2026-02-19,TP_01,TP,2026-03-16,2026-03-27,7.0,tarde
A00434,Mia Cabrera,17,F,mia.cabrera434@alumnos.tup.edu.ar,A1,Mañana,2026-03-01,TP_03,TP,11-05-2026,08-05-2026,9.3,A TIEMPO
A00091,Martina Aguirre,17,M,martina.aguirre91@alumnos.tup.edu.ar, a1 ,Mañana,2026-02-14,Parcial_01,Parcial,2026-06-22,18/06/2026,8.7,A TIEMPO
A00063,Florencia Romero,24,F,florencia.romero63@alumnos.tup.edu.ar,C3,Noche,2026-03-05,TP_02,TP,2026-04-13,2026-04-11,7.8,a tiempo
A00584,Gabriel Nuñez,19,M,gabriel.nuñez584@alumnos.tup.edu.ar,A2,Mañana,2026-03-04,TP_04,TP,2026-06-08,,,No entrego
A00521,Renata Benitez,20,M,renata.benitez521@alumnos.tup.edu.ar,B2,Tarde,14/02/2026,Parcial_01,Parcial,22-06-2026,,,no entregó
A00604,Maximo Suarez,19,F,maximo.suarez604@alumnos.tup.edu.ar,A3,Mañana,20/02/2026,Quiz_02,Quiz,2026-04-27,,,no entregó
A00020,Ignacio Ortiz,21,F,ignacio.ortiz20@alumnos.tup.edu.ar,A1,Mañana,2026-02-27,TP_01,TP,16/03/2026,11/03/2026,"6,3",A tiempo
A00438,Olivia Nuñez,20,F,olivia.nuñez438@alumnos.tup.edu.ar,A3,Mañana,16/02/2026,TP_02,TP,13-04-2026,2026-04-09,9.2,A TIEMPO
A00481,Mateo Rodriguez,20,femenino,mateo.rodriguez481@alumnos.tup.edu.ar,A2,Mañana,2026-02-21,Quiz_01,Quiz,2026-03-30,2026-03-29,6.1,a tiempo
A00160,Maximo Rodriguez,17,M,maximo.rodriguez160@alumnos.tup.edu.ar,A2,Mañana,2026-03-01,TP_03,TP,2026-05-11,07/05/2026,6.9,a tiempo
A00545,Bautista Martinez,29,Femenino,,B1,Tarde,03/03/2026,TP_01,TP,2026-03-16,,,no entregó
A00038,Federico Ramirez,17,M,federico.ramirez38@alumnos.tup.edu.ar,A1,Mañana,01/03/2026,TP_03,TP,2026-05-11,,,no entregó
A00259,Agustin Castro,18,Masculino,agustin.castro259@alumnos.tup.edu.ar,C3,Noche,21-02-2026,TP_03,TP,2026-05-11,,,NO ENTREGO
A00431,Diego Gonzalez,34,Femenino,diego.gonzalez431@alumnos.tup.edu.ar,A2,Mañana,2026-03-05,Quiz_03,Quiz,2026-05-25,2026-05-20,7.5,A tiempo
A00426,Manuel Fernandez,24,F,manuel.fernandez426@alumnos.tup.edu.ar,C2,Noche,2026-02-22,TP_03,TP,2026-05-11,2026-05-07,6.8,a tiempo
A00338,  Tomas Ortiz ,17,M,tomas.ortiz338@alumnos.tup.edu.ar, b1 ,Tarde,2026-02-15,TP_02,TP,2026-04-13,08/04/2026,8.9,A tiempo
A00147,Valentina Benitez,31,femenino,valentina.benitez147@alumnos.tup.edu.ar,B1,Tarde,2026-02-26,Quiz_03,Quiz,2026-05-25,2026-06-03,5.5,tarde
A00433,Agustin Lopez,17,F,agustin.lopez433@alumnos.tup.edu.ar,B2,Tarde,2026-03-01,TP_01,TP,2026-03-16,2026-03-13,"3,8",a tiempo
A00590,Guadalupe Luna,20,M,guadalupe.luna590@alumnos.tup.edu.ar,C4,Noche,16/02/2026,Parcial_01,Parcial,22-06-2026,2026-06-22,8.2,A tiempo
A00291,Sofia Garcia,25,F,sofia.garcia291@alumnos.tup.edu.ar,C4,Noche,2026-02-28,Quiz_02,Quiz,2026-04-27,,,no entregó
A00312,Mia Garcia,29,M,mia.garcia312@alumnos.tup.edu.ar,B1,Tarde,2026-03-05,Parcial_01,Parcial,2026-06-22,,,no entregó
A00230,Paula Ruiz,17,M,,C4,Noche,2026-02-19,TP_03,TP,11-05-2026,15/05/2026,6.0,tarde
A00547,Agustin Rodriguez,27,M,agustin.rodriguez547@alumnos.tup.edu.ar,C3,NOCHE,2026-02-14,Quiz_03,Quiz,25-05-2026,2026-05-21,8.3,A tiempo
A00284,Florencia Herrera,20,Femenino,florencia.herrera284@alumnos.tup.edu.ar,C4,Noche,2026-03-08,Quiz_02,Quiz,27/04/2026,2026-04-22,"5,8",A TIEMPO
A00430,Felipe Sanchez,25,femenino,felipe.sanchez430@alumnos.tup.edu.ar,C4,Noche,2026-02-26,Quiz_03,Quiz,2026-05-25,,,no entregó
A00572,Federico Gonzalez,12,M,,B2,Tarde,2026-03-11,TP_03,TP,2026-05-11,09/05/2026,7.3,A TIEMPO
A00314,Bautista Sosa,20,F,bautista.sosa314@alumnos.tup.edu.ar,B1,Tarde,2026-03-03,TP_03,TP,2026-05-11,,,No entrego
A00695,Federico Cabrera,22,Femenino,federico.cabrera695@alumnos.tup.edu.ar,B2,Tarde,2026-03-11,TP_04,TP,2026-06-08,2026-06-04,9.3,A tiempo
A00366,Isabella Torres,23,F,isabella.torres366@alumnos.tup.edu.ar,C4,NOCHE,20-02-2026,TP_03,TP,2026-05-11,,,
A00428,Joaquin Torres,34,M,joaquin.torres428@alumnos.tup.edu.ar,B1,Tarde,2026-03-07,TP_02,TP,2026-04-13,2026-04-18,6.5,Tarde
A00144,Tomas Acosta,23,M,tomas.acosta144@alumnos.tup.edu.ar,A1,Mañana,2026-02-22,Quiz_01,Quiz,2026-03-30,2026-03-30,6.5,A tiempo
A00660,Sofia Flores,31,Femenino,sofia.flores660@alumnos.tup.edu.ar,C1,Noche,2026-03-01,Quiz_01,Quiz,2026-03-30,,,
A00055,Delfina Ortiz,18,F,delfina.ortiz55@alumnos.tup.edu.ar,A2,Mañana,2026-02-24,TP_01,TP,2026-03-16,16/03/2026,"5,7",a tiempo
A00634,Lucia Lopez,17,Femenino,,A1,Mañana,25/02/2026,TP_03,TP,2026-05-11,,,no entregó
A00075,Mia Gonzalez,23,F,mia.gonzalez75@alumnos.tup.edu.ar,B1,Tarde,2026-03-07,TP_01,TP,16-03-2026,13-03-2026,9.4,A tiempo
A00635,Mora Flores,22,Femenino,mora.flores635@alumnos.tup.edu.ar,A3,Mañana,2026-02-24,Quiz_02,Quiz,2026-04-27,27/04/2026,6.1,A TIEMPO
A00377,Delfina Garcia,19,F,delfina.garcia377@alumnos.tup.edu.ar,B2,Tarde,01-03-2026,TP_04,TP,08-06-2026,2026-06-20,6.4,Tarde
A00387,Manuel Ramirez,17,F,manuel.ramirez387@alumnos.tup.edu.ar,A3,Mañana,2026-03-01,TP_01,TP,2026-03-16,26/03/2026,5.9,Tarde
A00069,Bautista Acosta,27,M,bautista.acosta69@alumnos.tup.edu.ar,C3,Noche,2026-02-16,Quiz_02,Quiz,2026-04-27,2026-04-23,3.8,A TIEMPO
A00610,Manuel Sanchez,22,M,manuel.sanchez610@alumnos.tup.edu.ar,B1,Tarde,2026-02-24,TP_02,TP,13/04/2026,2026-04-13,7.3,A TIEMPO
A00608,Delfina Torres,20,Femenino,,B2,Tarde,25-02-2026,Parcial_01,Parcial,2026-06-22,2026-06-20,6.2,A TIEMPO
A00395,Ignacio Castro,17,F,ignacio.castro395@alumnos.tup.edu.ar,A2,Mañana,2026-02-25,Quiz_02,Quiz,27-04-2026,2026-04-24,8.1,A TIEMPO
A00609,Lautaro Romero,23,Masculino,lautaro.romero609@alumnos.tup.edu.ar, b1 ,Tarde,2026-02-24,TP_03,TP,2026-05-11,2026-05-09,5.5,A tiempo
A00328,Bruno Lopez,22,F,bruno.lopez328@alumnos.tup.edu.ar,B2,Tarde,2026-03-08,Parcial_01,Parcial,2026-06-22,,,No entrego
A00252,Emma Rojas,29,M,emma.rojas252@alumnos.tup.edu.ar,C1,Noche,2026-02-16,Quiz_03,Quiz,2026-05-25,2026-05-20,7.4,A tiempo
A00634,Lucia Lopez,17,Femenino,,A1,Mañana,2026-02-25,Quiz_03,Quiz,25/05/2026,,,NO ENTREGO
A00276,Santino Ortiz,25,F,santino.ortiz276@alumnos.tup.edu.ar,A3,Mañana,14/02/2026,TP_04,TP,2026-06-08,,,no entregó
A00434,Mia Cabrera,17,F,mia.cabrera434@alumnos.tup.edu.ar,A1,Mañana,2026-03-01,Quiz_02,Quiz,2026-04-27,22/04/2026,9.2,A TIEMPO
A00473,federico vega,32,F,federico.vega473@alumnos.tup.edu.ar,B2,Tarde,2026-03-06,TP_02,TP,2026-04-13,2026-04-09,7.5,A TIEMPO
A00037,Federico Molina,17,M,federico.molina37@alumnos.tup.edu.ar,B2,Tarde,2026-02-22,Parcial_01,Parcial,2026-06-22,,,no entregó
A00643,Guadalupe Sosa,19,F,guadalupe.sosa643@alumnos.tup.edu.ar,B1,Tarde,2026-02-28,Quiz_01,Quiz,2026-03-30,2026-03-30,6.1,A TIEMPO
A00401,Diego Medina,26,M,diego.medina401@alumnos.tup.edu.ar,A1,Mañana,2026-03-04,Quiz_03,Quiz,2026-05-25,2026-05-25,"9,2",A tiempo
A00160,Maximo Rodriguez,17,M,maximo.rodriguez160@alumnos.tup.edu.ar,A2,Mañana,2026-03-01,Quiz_03,Quiz,25/05/2026,2026-05-24,5.7,A tiempo
A00262,Joaquin Aguirre,23,Masculino,joaquin.aguirre262@alumnos.tup.edu.ar,C1,Noche,2026-03-01,TP_01,TP,16/03/2026,2026-03-26,5.3,tarde
A00248,Benjamin Garcia,18,F,benjamin.garcia248@alumnos.tup.edu.ar,A1,Mañana,2026-03-06,Quiz_01,Quiz,2026-03-30,2026-03-30,5.9,A TIEMPO
A00087,Bautista Silva,19,M,bautista.silva87@alumnos.tup.edu.ar,C3,Noche,09/03/2026,Quiz_02,Quiz,2026-04-27,2026-04-22,4.7,a tiempo
A00132,  Pilar Flores ,21,F,pilar.flores132@alumnos.tup.edu.ar,B2,Tarde,2026-03-01,TP_03,TP,2026-05-11,2026-05-11,8.5,A tiempo
A00459,Valentina Benitez,21,M,valentina.benitez459@alumnos.tup.edu.ar,A1,Mañana,2026-02-25,TP_01,TP,2026-03-16,15/03/2026,5.3,A TIEMPO
A00684,Mia Luna,17,F,mia.luna684@alumnos.tup.edu.ar,B2,Tarde,28/02/2026,Parcial_01,Parcial,22-06-2026,2026-06-20,5.7,A TIEMPO
A00382,Olivia Diaz,18,M,olivia.diaz382@alumnos.tup.edu.ar,B1,Tarde,07/03/2026,TP_03,TP,11/05/2026,,,NO ENTREGO
A00396,Felipe Suarez,31,F,felipe.suarez396@alumnos.tup.edu.ar,A1,Mañana,2026-02-22,Quiz_01,Quiz,2026-03-30,2026-03-30,3.1,a tiempo
A00494,Olivia Nuñez,25,M,olivia.nuñez494@alumnos.tup.edu.ar,C4,Noche,2026-02-25,TP_04,TP,2026-06-08,2026-06-13,6.5,tarde
A00483,Antonella Vega,33,Masculino,antonella.vega483@alumnos.tup.edu.ar,A3,Mañana,2026-02-15,Parcial_01,Parcial,2026-06-22,,,NO ENTREGO
A00610,Manuel Sanchez,22,M,manuel.sanchez610@alumnos.tup.edu.ar,B1,Tarde,24/02/2026,TP_03,TP,11-05-2026,2026-05-16,7.7,TARDE
A00467,Mateo Ortiz,19,F,mateo.ortiz467@alumnos.tup.edu.ar,A3,Mañana,10/03/2026,Quiz_02,Quiz,2026-04-27,2026-04-22,8.7,A TIEMPO
A00247,  Joaquin Benitez ,25,M,joaquin.benitez247@alumnos.tup.edu.ar,A1,Mañana,2026-03-10,TP_03,TP,11-05-2026,2026-05-06,"5,9",A TIEMPO
A00373,Joaquin Rodriguez,24,M,joaquin.rodriguez373@alumnos.tup.edu.ar,B2,Tarde,2026-03-09,Quiz_03,Quiz,2026-05-25,2026-05-28,6.9,tarde
A00665,Bruno Ramirez,20,Masculino,bruno.ramirez665@alumnos.tup.edu.ar,B1,Tarde,2026-02-22,Quiz_03,Quiz,2026-05-25,22/05/2026,9.2,A tiempo
A00253,Santino Flores,24,M,santino.flores253@alumnos.tup.edu.ar,A1,Mañana,2026-03-04,Quiz_02,Quiz,2026-04-27,08/05/2026,6.3,TARDE
A00518,Nicolas Diaz,28,Masculino,nicolas.diaz518@alumnos.tup.edu.ar,B1,Tarde,2026-03-03,Quiz_03,Quiz,2026-05-25,,,NO ENTREGO
A00542,Manuel Molina,23,F,manuel.molina542@alumnos.tup.edu.ar,B1,Tarde,2026-03-06,TP_02,TP,2026-04-13,13/04/2026,10.0,a tiempo
A00646,Diego Luna,17,F,diego.luna646@alumnos.tup.edu.ar,A1,Mañana,2026-03-09,TP_01,TP,16/03/2026,,,
A00370,BAUTISTA TORRES,23,M,bautista.torres370@alumnos.tup.edu.ar, b1 ,Tarde,2026-03-11,TP_03,TP,2026-05-11,,,
A00407,Mia Fernandez,28,M,mia.fernandez407@alumnos.tup.edu.ar,A1,Mañana,2026-03-05,Quiz_01,Quiz,2026-03-30,25-03-2026,"6,5",A tiempo
A00556,Sofia Ortiz,30,M,sofia.ortiz556@alumnos.tup.edu.ar,A2,Mañana,2026-03-03,Quiz_02,Quiz,2026-04-27,24-04-2026,5.7,A TIEMPO
A00193,VICTORIA SOSA,17,Femenino,victoria.sosa193@alumnos.tup.edu.ar,A1,MAÑANA,11/03/2026,Quiz_03,Quiz,2026-05-25,,,No entrego
A00245,Paula Flores,27,Masculino,paula.flores245@alumnos.tup.edu.ar,A1,Mañana,2026-03-11,TP_03,TP,2026-05-11,,,No entrego
A00673,  Maximo Diaz ,21,Masculino,maximo.diaz673@alumnos.tup.edu.ar,C2,Noche,2026-03-05,TP_04,TP,08-06-2026,07/06/2026,6.4,A TIEMPO
A00237,Isabella Torres,21,Masculino,isabella.torres237@alumnos.tup.edu.ar,A1,Mañana,2026-03-06,Quiz_03,Quiz,25-05-2026,2026-05-25,4.8,A tiempo
A00108,Bruno Lopez,23,F,bruno.lopez108@alumnos.tup.edu.ar,A2,Mañana,2026-02-27,Quiz_02,Quiz,2026-04-27,2026-05-03,6.3,tarde
A00508,  Ignacio Acosta ,19,F,ignacio.acosta508@alumnos.tup.edu.ar,A1,Mañana,2026-02-15,Quiz_03,Quiz,2026-05-25,2026-05-24,7.7,a tiempo
A00388,  Delfina Lopez ,26,Masculino,delfina.lopez388@alumnos.tup.edu.ar,C3,Noche,2026-03-07,Quiz_02,Quiz,2026-04-27,2026-04-22,"7,0",A tiempo
A00552,Thiago Garcia,26,Masculino,thiago.garcia552@alumnos.tup.edu.ar,A1,Mañana,2026-03-08,Quiz_03,Quiz,2026-05-25,05/06/2026,"4,5",Tarde
A00361,Agustin Martinez,23,femenino,agustin.martinez361@alumnos.tup.edu.ar,B2,Tarde,2026-03-06,TP_01,TP,2026-03-16,2026-03-14,8.6,a tiempo
A00316,Martina Vega,25,M,martina.vega316@alumnos.tup.edu.ar,C2,Noche,21/02/2026,TP_04,TP,2026-06-08,2026-06-07,"5,7",A tiempo
A00522,Camila Torres,20,M,camila.torres522@alumnos.tup.edu.ar,B2,Tarde,2026-02-26,TP_04,TP,2026-06-08,,,No entrego
A00431,Diego Gonzalez,34,Femenino,diego.gonzalez431@alumnos.tup.edu.ar,A2,Mañana,2026-03-05,TP_02,TP,2026-04-13,2026-04-13,8.3,A tiempo
A00037,Federico Molina,17,M,federico.molina37@alumnos.tup.edu.ar,B2,Tarde,2026-02-22,Quiz_03,Quiz,25-05-2026,31-05-2026,3.8,tarde
A00546,Antonella Gonzalez,17,F,antonella.gonzalez546@alumnos.tup.edu.ar,C1,Noche,2026-02-14,Parcial_01,Parcial,2026-06-22,,,
A00368,Sofia Luna,27,Femenino,sofia.luna368@alumnos.tup.edu.ar,C1,Noche,27/02/2026,TP_04,TP,2026-06-08,,,No entrego
A00645,Paula Herrera,25,F,paula.herrera645@alumnos.tup.edu.ar,B1,TARDE,2026-03-06,Quiz_01,Quiz,30/03/2026,2026-03-28,7.5,A tiempo
A00183,Thiago Ruiz,22,M,thiago.ruiz183@alumnos.tup.edu.ar,A3,Mañana,22-02-2026,TP_04,TP,2026-06-08,,,NO ENTREGO
A00470,Valentina Sosa,21,F,valentina.sosa470@alumnos.tup.edu.ar, b1 ,Tarde,2026-02-26,Quiz_03,Quiz,25/05/2026,,,no entregó
A00006,Tomas Ortiz,18,M,tomas.ortiz6@alumnos.tup.edu.ar,C4,Noche,2026-02-18,Quiz_01,Quiz,2026-03-30,,,
A00354,Felipe Garcia,19,F,felipe.garcia354@alumnos.tup.edu.ar,B2,Tarde,2026-03-04,TP_01,TP,2026-03-16,2026-03-23,5.4,TARDE
A00199,Nicolas Ortiz,18,F,nicolas.ortiz199@alumnos.tup.edu.ar,B2,Tarde,27-02-2026,Quiz_01,Quiz,2026-03-30,28/03/2026,7.0,A TIEMPO
A00458,Paula Castro,28,X,paula.castro458@alumnos.tup.edu.ar,A2,Mañana,03-03-2026,TP_02,TP,2026-04-13,2026-04-11,"6,4",a tiempo
A00490,  Emma Alvarez ,22,M,emma.alvarez490@alumnos.tup.edu.ar,B1,Tarde,2026-02-14,Parcial_01,Parcial,2026-06-22,19/06/2026,7.0,A TIEMPO
A00659,Florencia Rodriguez,25,F,florencia.rodriguez659@alumnos.tup.edu.ar, b1 ,Tarde,2026-03-10,TP_04,TP,2026-06-08,2026-06-03,6.3,a tiempo
A00515,  Valentino Diaz ,22,F,valentino.diaz515@alumnos.tup.edu.ar,C4,Noche,2026-02-23,TP_04,TP,2026-06-08,2026-06-06,7.3,a tiempo
A00157,Pilar Garcia,23,F,pilar.garcia157@alumnos.tup.edu.ar,A3,Mañana,2026-03-06,Quiz_02,Quiz,2026-04-27,04/05/2026,"6,8",Tarde
A00652,Tomas Nuñez,23,M,tomas.nuñez652@alumnos.tup.edu.ar,C4,Noche,2026-03-02,Parcial_01,Parcial,22-06-2026,2026-07-02,6.1,TARDE
A00516,Pilar Rojas,28,Femenino,pilar.rojas516@alumnos.tup.edu.ar,A1,Mañana,24-02-2026,TP_03,TP,2026-05-11,2026-05-16,6.5,TARDE
A00488,Santino Suarez,21,F,santino.suarez488@alumnos.tup.edu.ar,C4,Noche,05/03/2026,TP_02,TP,2026-04-13,2026-04-10,7.0,A tiempo
A00369,Florencia Fernandez,24,M,florencia.fernandez369@alumnos.tup.edu.ar,A1,Mañana,04/03/2026,Quiz_01,Quiz,2026-03-30,2026-04-11,"8,3",TARDE
A00450,Gabriel Nuñez,27,F,gabriel.nuñez450@alumnos.tup.edu.ar,A2,Mañana,2026-03-11,Parcial_01,Parcial,2026-06-22,,,
A00014,Isabella Ruiz,25,Femenino,isabella.ruiz14@alumnos.tup.edu.ar,A1,Mañana,2026-03-09,Quiz_03,Quiz,2026-05-25,,,No entrego
A00127,Mora Rodriguez,21,M,mora.rodriguez127@alumnos.tup.edu.ar,A1,Mañana,2026-02-25,TP_01,TP,16/03/2026,,,NO ENTREGO
A00641,Felipe Molina,17,F,felipe.molina641@alumnos.tup.edu.ar,C3,Noche,07/03/2026,Quiz_01,Quiz,30-03-2026,2026-03-30,6.1,a tiempo
A00207,Florencia Torres,31,F,florencia.torres207@alumnos.tup.edu.ar,C4,Noche,2026-02-17,TP_04,TP,08/06/2026,,,
A00132,  Pilar Flores ,21,F,pilar.flores132@alumnos.tup.edu.ar,B2,Tarde,2026-03-01,TP_02,TP,2026-04-13,12/04/2026,7.7,A TIEMPO
A00029,Delfina Benitez,28,F,delfina.benitez29@alumnos.tup.edu.ar,C4,Noche,2026-03-10,TP_01,TP,2026-03-16,14/03/2026,5.8,A tiempo
A00203,Gabriel Molina,20,Femenino,gabriel.molina203@alumnos.tup.edu.ar,B2,Tarde,17/02/2026,TP_02,TP,13/04/2026,2026-04-21,6.3,Tarde
A00446,Federico Gonzalez,22,Masculino,federico.gonzalez446@alumnos.tup.edu.ar,A1,Mañana,2026-03-04,Parcial_01,Parcial,2026-06-22,2026-06-20,8.1,a tiempo
A00037,Federico Molina,17,M,federico.molina37@alumnos.tup.edu.ar,B2,Tarde,2026-02-22,TP_01,TP,16-03-2026,2026-03-24,5.0,tarde
A00217,Mora Ramirez,27,M,mora.ramirez217@alumnos.tup.edu.ar,C1,Noche,20/02/2026,TP_02,TP,13-04-2026,2026-04-11,"5,5",a tiempo
A00080,Lautaro Herrera,26,M,lautaro.herrera80@alumnos.tup.edu.ar,C2,Noche,19/02/2026,TP_02,TP,2026-04-13,,,No entrego
A00193,VICTORIA SOSA,17,Femenino,victoria.sosa193@alumnos.tup.edu.ar,A1,MAÑANA,2026-03-11,TP_01,TP,2026-03-16,16/03/2026,"7,3",A TIEMPO
A00162,Mateo Benitez,17,F,mateo.benitez162@alumnos.tup.edu.ar,C2,Noche,2026-02-17,TP_02,TP,13-04-2026,2026-04-13,5.3,A TIEMPO
A00214,Mia Silva,27,M,mia.silva214@alumnos.tup.edu.ar,C4,Noche,27-02-2026,Quiz_01,Quiz,2026-03-30,2026-03-29,7.6,A tiempo
A00347,Santino Molina,19,M,santino.molina347@alumnos.tup.edu.ar,C3,Noche,2026-02-18,TP_04,TP,08/06/2026,,,
A00355,Maximo Nuñez,24,F,maximo.nuñez355@alumnos.tup.edu.ar,A3,Mañana,2026-03-10,TP_04,TP,2026-06-08,2026-06-10,6.3,tarde
A00517,Agustin Acosta,22,M,agustin.acosta517@alumnos.tup.edu.ar,A1,Mañana,2026-03-09,TP_02,TP,13-04-2026,08/04/2026,7.2,a tiempo
A00601,Julieta Suarez,18,F,julieta.suarez601@alumnos.tup.edu.ar,A2,Mañana,2026-02-27,Quiz_02,Quiz,2026-04-27,2026-04-30,7.9,tarde
A00056,Victoria Rodriguez,18,M,victoria.rodriguez56@alumnos.tup.edu.ar,B1,Tarde,08-03-2026,TP_03,TP,2026-05-11,2026-05-06,4.9,a tiempo
A00137,Gabriel Lopez,17,Femenino,gabriel.lopez137@alumnos.tup.edu.ar,A2,Mañana,2026-03-09,TP_02,TP,2026-04-13,21/04/2026,2.4,TARDE
A00076,Maximo Flores,17,M,maximo.flores76@alumnos.tup.edu.ar,C1,Noche,2026-02-21,TP_02,TP,2026-04-13,12/04/2026,"7,1",a tiempo
A00153,ISABELLA MARTINEZ,22,F,isabella.martinez153@alumnos.tup.edu.ar,C4,Noche,08/03/2026,Quiz_01,Quiz,2026-03-30,2026-03-27,3.6,a tiempo
A00624,Florencia Castro,24,Masculino,florencia.castro624@alumnos.tup.edu.ar,A2,Mañana,08/03/2026,TP_03,TP,2026-05-11,2026-05-10,"6,5",A TIEMPO
A00153,ISABELLA MARTINEZ,22,F,isabella.martinez153@alumnos.tup.edu.ar,C4,Noche,2026-03-08,TP_01,TP,16-03-2026,2026-03-13,3.9,A TIEMPO
A00376,Joaquin Sanchez,21,M,joaquin.sanchez376@alumnos.tup.edu.ar,C2,Noche,2026-02-20,TP_01,TP,16-03-2026,2026-03-14,5.6,A tiempo
A00620,Benjamin Molina,20,M,benjamin.molina620@alumnos.tup.edu.ar,A2,Mañana,2026-02-16,TP_02,TP,13-04-2026,2026-04-22,4.5,tarde
A00025,Santino Ruiz,20,F,santino.ruiz25@alumnos.tup.edu.ar,B1,Tarde,26/02/2026,TP_02,TP,13/04/2026,2026-04-13,6.7,A TIEMPO
A00224,Paula Sosa,23,M,paula.sosa224@alumnos.tup.edu.ar,A2,Mañana,2026-02-20,Quiz_01,Quiz,2026-03-30,2026-03-30,"6,5",a tiempo
A00244,Agustin Sanchez,17,Masculino,agustin.sanchez244@alumnos.tup.edu.ar,A2,Mañana,23-02-2026,TP_02,TP,2026-04-13,08/04/2026,8.2,A tiempo
A00616,Martina Garcia,35,F,martina.garcia616@alumnos.tup.edu.ar,B1,TARDE,2026-02-22,TP_01,TP,2026-03-16,2026-03-11,5.7,a tiempo
A00227,Joaquin Alvarez,25,Masculino,joaquin.alvarez227@alumnos.tup.edu.ar,C1,Noche,2026-02-27,TP_03,TP,2026-05-11,,,NO ENTREGO
A00307,Renata Ortiz,24,Femenino,renata.ortiz307@alumnos.tup.edu.ar,B2,Tarde,2026-03-06,Parcial_01,Parcial,22/06/2026,22/06/2026,3.0,a tiempo
A00486,Santino Lopez,22,F,santino.lopez486@alumnos.tup.edu.ar,C4,Noche,06-03-2026,TP_04,TP,2026-06-08,2026-06-12,5.7,TARDE
A00087,Bautista Silva,19,M,bautista.silva87@alumnos.tup.edu.ar,C3,Noche,09/03/2026,Quiz_03,Quiz,2026-05-25,2026-06-03,"8,6",Tarde
A00201,Olivia Suarez,21,M,olivia.suarez201@alumnos.tup.edu.ar,B2,Tarde,2026-02-15,Quiz_03,Quiz,2026-05-25,20/05/2026,6.7,a tiempo
A00443,Florencia Gonzalez,23,Femenino,florencia.gonzalez443@alumnos.tup.edu.ar,C4,Noche,05/03/2026,Quiz_03,Quiz,2026-05-25,,,NO ENTREGO
A00626,Nicolas Castro,30,Masculino,nicolas.castro626@alumnos.tup.edu.ar,A2,Mañana,2026-02-17,Quiz_02,Quiz,2026-04-27,2026-05-02,"5,9",TARDE
A00095,Bruno Diaz,29,F,bruno.diaz95@alumnos.tup.edu.ar,B2,Tarde,2026-02-15,Parcial_01,Parcial,2026-06-22,18/06/2026,7.8,A tiempo
A00672,Maximo Romero,19,F,maximo.romero672@alumnos.tup.edu.ar,A1,Mañana,07/03/2026,TP_04,TP,2026-06-08,,,No entrego
A00477,Nicolas Alvarez,18,F,nicolas.alvarez477@alumnos.tup.edu.ar,A1,Mañana,2026-02-16,TP_03,TP,11/05/2026,,,
A00287,Federico Medina,20,Femenino,federico.medina287@alumnos.tup.edu.ar,C4,Noche,22/02/2026,Parcial_01,Parcial,22-06-2026,2026-06-17,6.9,A TIEMPO
A00174,Federico Silva,18,Masculino,federico.silva174@alumnos.tup.edu.ar, c1 ,Noche,08-03-2026,TP_03,TP,2026-05-11,2026-05-20,0.0,tarde
A00531,Catalina Romero,29,F,catalina.romero531@alumnos.tup.edu.ar,B2,Tarde,2026-03-11,TP_04,TP,08/06/2026,,,
A00080,Lautaro Herrera,26,M,lautaro.herrera80@alumnos.tup.edu.ar,C2,Noche,2026-02-19,Parcial_01,Parcial,2026-06-22,,,No entrego
A00037,Federico Molina,17,M,federico.molina37@alumnos.tup.edu.ar,B2,Tarde,2026-02-22,Quiz_01,Quiz,30-03-2026,30/03/2026,7.6,A tiempo
A00386,Felipe Vega,19,M,felipe.vega386@alumnos.tup.edu.ar,B1,Tarde,2026-02-15,TP_01,TP,2026-03-16,,,no entregó
A00346,Nicolas Flores,12,M,nicolas.flores346@alumnos.tup.edu.ar,A3,Mañana,2026-03-05,Quiz_03,Quiz,2026-05-25,03/06/2026,2.5,tarde
A00556,Sofia Ortiz,30,M,sofia.ortiz556@alumnos.tup.edu.ar,A2,Mañana,03/03/2026,TP_01,TP,2026-03-16,2026-03-14,"3,3",A TIEMPO
A00389,Manuel Diaz,17,F,manuel.diaz389@alumnos.tup.edu.ar,A3,Mañana,2026-03-04,Parcial_01,Parcial,22/06/2026,26/06/2026,8.0,TARDE
A00322,Federico Suarez,25,M,federico.suarez322@alumnos.tup.edu.ar,B2,Tarde,03/03/2026,TP_04,TP,2026-06-08,,,NO ENTREGO
A00114,Sofia Flores,20,X,sofia.flores114@alumnos.tup.edu.ar,B1,Tarde,2026-02-27,Parcial_01,Parcial,2026-06-22,2026-06-18,"8,6",a tiempo
A00536,Guadalupe Nuñez,17,Masculino,guadalupe.nuñez536@alumnos.tup.edu.ar,A1,Mañana,2026-02-24,Quiz_03,Quiz,2026-05-25,,,NO ENTREGO
A00103,Manuel Ramirez,20,Masculino,manuel.ramirez103@alumnos.tup.edu.ar,A1,Mañana,2026-03-06,Quiz_01,Quiz,30/03/2026,2026-03-25,8.7,a tiempo
A00049,Gabriel Diaz,24,F,gabriel.diaz49@alumnos.tup.edu.ar,C4,Noche,2026-02-26,TP_03,TP,2026-05-11,,,NO ENTREGO
A00299,Paula Diaz,22,F,paula.diaz299@alumnos.tup.edu.ar,C1,Noche,26/02/2026,Quiz_02,Quiz,2026-04-27,2026-04-22,5.0,A TIEMPO
A00378,Lautaro Ruiz,20,M,lautaro.ruiz378@alumnos.tup.edu.ar,A2,Mañana,25/02/2026,Quiz_01,Quiz,2026-03-30,29/03/2026,6.3,a tiempo
A00220,Antonella Garcia,22,F,antonella.garcia220@alumnos.tup.edu.ar,C3,Noche,2026-02-23,Parcial_01,Parcial,2026-06-22,,,no entregó
A00597,Manuel Rodriguez,18,M,manuel.rodriguez597@alumnos.tup.edu.ar,C2,Noche,2026-03-07,Quiz_03,Quiz,2026-05-25,2026-05-24,8.0,a tiempo
A00439,Olivia Torres,17,M,olivia.torres439@alumnos.tup.edu.ar,C2,Noche,2026-02-25,TP_02,TP,13/04/2026,2026-04-12,9.1,a tiempo
A00465,Gabriel Aguirre,23,F,gabriel.aguirre465@alumnos.tup.edu.ar, c4 ,Noche,2026-02-26,TP_01,TP,16-03-2026,2026-03-14,9.6,A TIEMPO
A00043,Maximo Martinez,20,M,maximo.martinez43@alumnos.tup.edu.ar,A1,Mañana,2026-02-17,Quiz_03,Quiz,2026-05-25,22/05/2026,4.6,A tiempo
A00196,Manuel Martinez,25,Femenino,manuel.martinez196@alumnos.tup.edu.ar,A3,Mañana,2026-02-19,TP_04,TP,08/06/2026,2026-06-08,"4,7",A tiempo
A00086,antonella suarez,25,F,antonella.suarez86@alumnos.tup.edu.ar,B1,Tarde,2026-02-23,Parcial_01,Parcial,2026-06-22,,,
A00573,Lautaro Romero,22,Masculino,lautaro.romero573@alumnos.tup.edu.ar,C1,Noche,11-03-2026,TP_04,TP,2026-06-08,2026-06-04,8.5,A tiempo
A00535,Valentino Molina,17,F,valentino.molina535@alumnos.tup.edu.ar,A3,Mañana,2026-03-09,Parcial_01,Parcial,22/06/2026,2026-06-17,6.7,A TIEMPO
A00184,Florencia Diaz,20,F,florencia.diaz184@alumnos.tup.edu.ar,A3,Mañana,2026-03-10,TP_03,TP,11/05/2026,,,No entrego
A00317,Pilar Aguirre,22,Masculino,pilar.aguirre317@alumnos.tup.edu.ar,C2,Noche,10-03-2026,Quiz_01,Quiz,2026-03-30,2026-03-27,9.3,a tiempo
A00689,Nicolas Molina,20,Femenino,nicolas.molina689@alumnos.tup.edu.ar,A3,Mañana,2026-03-01,TP_02,TP,13/04/2026,12/04/2026,"6,9",A tiempo
A00619,Benjamin Martinez,27,F,benjamin.martinez619@alumnos.tup.edu.ar,B2,Tarde,2026-02-19,Quiz_02,Quiz,27-04-2026,2026-04-23,"7,7",A TIEMPO
A00615,Agustin Nuñez,17,F,agustin.nuñez615@alumnos.tup.edu.ar,C1,Noche,2026-02-17,Quiz_02,Quiz,27/04/2026,2026-04-30,6.8,tarde
A00577,Emma Medina,17,F,emma.medina577@alumnos.tup.edu.ar,A2,Mañana,26/02/2026,Parcial_01,Parcial,2026-06-22,2026-06-18,8.1,A TIEMPO
A00474,Lautaro Rodriguez,26,femenino,lautaro.rodriguez474@alumnos.tup.edu.ar,A2,Mañana,02/03/2026,TP_01,TP,2026-03-16,,,NO ENTREGO
A00014,Isabella Ruiz,25,Femenino,isabella.ruiz14@alumnos.tup.edu.ar,A1,Mañana,2026-03-09,TP_04,TP,2026-06-08,,,no entregó
A00190,Bruno Benitez,18,F,bruno.benitez190@alumnos.tup.edu.ar,B2,TARDE,11/03/2026,Parcial_01,Parcial,2026-06-22,,,NO ENTREGO
A00473,federico vega,32,F,federico.vega473@alumnos.tup.edu.ar,B2,Tarde,2026-03-06,TP_03,TP,11-05-2026,07-05-2026,"7,2",A TIEMPO
A00130,  Benjamin Rojas ,31,M,benjamin.rojas130@alumnos.tup.edu.ar,C1,Noche,18-02-2026,Quiz_01,Quiz,30/03/2026,2026-04-03,4.9,Tarde
A00494,Olivia Nuñez,25,M,olivia.nuñez494@alumnos.tup.edu.ar,C4,Noche,2026-02-25,Quiz_02,Quiz,2026-04-27,,,no entregó
A00467,Mateo Ortiz,19,F,mateo.ortiz467@alumnos.tup.edu.ar,A3,Mañana,2026-03-10,Quiz_03,Quiz,25/05/2026,2026-05-21,9.9,a tiempo
A00077,Diego Garcia,21,X,diego.garcia77@alumnos.tup.edu.ar,B2,TARDE,2026-03-11,TP_03,TP,2026-05-11,06/05/2026,4.8,A TIEMPO
A00467,Mateo Ortiz,19,F,mateo.ortiz467@alumnos.tup.edu.ar,A3,Mañana,2026-03-10,TP_03,TP,2026-05-11,2026-05-18,"8,9",tarde
A00417,Santino Ramirez,28,F,santino.ramirez417@alumnos.tup.edu.ar,B2,Tarde,07/03/2026,TP_02,TP,13/04/2026,2026-04-10,"6,1",A TIEMPO
A00630,Isabella Herrera,24,M,isabella.herrera630@alumnos.tup.edu.ar,C4,Noche,2026-02-27,TP_01,TP,16/03/2026,16-03-2026,8.5,A TIEMPO
A00203,Gabriel Molina,20,Femenino,gabriel.molina203@alumnos.tup.edu.ar,B2,Tarde,17/02/2026,TP_04,TP,2026-06-08,,,
A00184,Florencia Diaz,20,F,florencia.diaz184@alumnos.tup.edu.ar,A3,Mañana,2026-03-10,TP_01,TP,2026-03-16,2026-03-14,5.6,a tiempo
A00560,lucas ramirez,19,F,lucas.ramirez560@alumnos.tup.edu.ar,C2,NOCHE,2026-02-27,Quiz_03,Quiz,2026-05-25,2026-05-23,"8,4",A tiempo
A00540,Renata Garcia,17,M,renata.garcia540@alumnos.tup.edu.ar,B2,Tarde,2026-02-26,TP_02,TP,2026-04-13,2026-04-08,8.8,a tiempo
A00690,Olivia Rodriguez,20,F,olivia.rodriguez690@alumnos.tup.edu.ar,C2,Noche,23-02-2026,TP_01,TP,16/03/2026,2026-03-16,4.5,A tiempo
A00331,Felipe Rojas,17,Femenino,felipe.rojas331@alumnos.tup.edu.ar,C3,Noche,2026-02-23,TP_03,TP,2026-05-11,,,No entrego
A00315,Martina Sanchez,19,femenino,martina.sanchez315@alumnos.tup.edu.ar, c2 ,Noche,2026-02-22,TP_03,TP,2026-05-11,,,no entregó
A00351,Manuel Cabrera,17,Masculino,manuel.cabrera351@alumnos.tup.edu.ar, c3 ,NOCHE,02-03-2026,TP_04,TP,2026-06-08,,,
A00207,Florencia Torres,31,F,florencia.torres207@alumnos.tup.edu.ar,C4,Noche,2026-02-17,TP_02,TP,13/04/2026,,,No entrego
A00265,PILAR RUIZ,23,Femenino,pilar.ruiz265@alumnos.tup.edu.ar,C4,Noche,2026-02-17,Quiz_03,Quiz,2026-05-25,2026-05-25,8.1,A tiempo
A00037,Federico Molina,17,M,federico.molina37@alumnos.tup.edu.ar,B2,Tarde,22/02/2026,TP_04,TP,2026-06-08,,,no entregó
A00202,Delfina Sanchez,29,femenino,delfina.sanchez202@alumnos.tup.edu.ar,C1,Noche,26-02-2026,Quiz_02,Quiz,27-04-2026,,,no entregó
A00617,Valentina Castro,23,Masculino,valentina.castro617@alumnos.tup.edu.ar,B2,Tarde,2026-03-04,TP_01,TP,2026-03-16,14/03/2026,4.2,a tiempo
A00003,Mateo Benitez,25,F,mateo.benitez3@alumnos.tup.edu.ar,B2,Tarde,22-02-2026,Quiz_03,Quiz,2026-05-25,,,
A00486,Santino Lopez,22,F,santino.lopez486@alumnos.tup.edu.ar,C4,Noche,06/03/2026,Quiz_02,Quiz,2026-04-27,2026-04-25,6.6,A TIEMPO
A00157,Pilar Garcia,23,F,pilar.garcia157@alumnos.tup.edu.ar,A3,Mañana,2026-03-06,TP_03,TP,2026-05-11,2026-05-21,6.2,tarde
A00071,Guadalupe Ruiz,17,F,guadalupe.ruiz71@alumnos.tup.edu.ar,B2,Tarde,16-02-2026,TP_04,TP,2026-06-08,2026-06-05,"7,8",A TIEMPO
A00119,Tomas Vega,21,Femenino,tomas.vega119@alumnos.tup.edu.ar,B2,Tarde,2026-03-09,TP_01,TP,2026-03-16,,,no entregó
A00536,Guadalupe Nuñez,17,Masculino,guadalupe.nuñez536@alumnos.tup.edu.ar,A1,Mañana,2026-02-24,TP_04,TP,2026-06-08,,,no entregó
A00045,Olivia Romero,18,X,olivia.romero45@alumnos.tup.edu.ar, a1 ,Mañana,2026-03-07,Quiz_02,Quiz,2026-04-27,23-04-2026,6.9,A TIEMPO
A00602,Renata Perez,23,M,renata.perez602@alumnos.tup.edu.ar,C2,Noche,2026-03-05,Parcial_01,Parcial,2026-06-22,2026-06-19,"5,0",a tiempo
A00085,Lucia Medina,27,F,lucia.medina85@alumnos.tup.edu.ar,C4,Noche,09-03-2026,TP_04,TP,08/06/2026,,,no entregó
A00310,Guadalupe Ortiz,21,M,guadalupe.ortiz310@alumnos.tup.edu.ar,B2,Tarde,2026-02-25,Quiz_02,Quiz,27/04/2026,05-05-2026,4.8,Tarde
A00085,Lucia Medina,27,F,lucia.medina85@alumnos.tup.edu.ar,C4,Noche,2026-03-09,TP_02,TP,2026-04-13,,,no entregó
A00528,Santino Herrera,33,F,santino.herrera528@alumnos.tup.edu.ar,A3,Mañana,01/03/2026,Parcial_01,Parcial,2026-06-22,2026-06-17,"6,0",A tiempo
A00366,Isabella Torres,23,F,isabella.torres366@alumnos.tup.edu.ar,C4,NOCHE,2026-02-20,Quiz_01,Quiz,30-03-2026,,,
A00303,Bautista Nuñez,19,F,bautista.nuñez303@alumnos.tup.edu.ar,A3,Mañana,2026-02-27,TP_04,TP,08/06/2026,,,No entrego
A00453,Catalina Nuñez,24,Femenino,catalina.nuñez453@alumnos.tup.edu.ar,C1,Noche,2026-03-01,Quiz_02,Quiz,27/04/2026,2026-05-05,3.5,Tarde
A00443,Florencia Gonzalez,23,Femenino,florencia.gonzalez443@alumnos.tup.edu.ar,C4,Noche,05/03/2026,TP_04,TP,2026-06-08,2026-06-04,5.2,a tiempo
A00131,Felipe Luna,28,F,felipe.luna131@alumnos.tup.edu.ar,C3,Noche,09-03-2026,Parcial_01,Parcial,22/06/2026,,,no entregó
A00081,Victoria Silva,23,F,victoria.silva81@alumnos.tup.edu.ar,C3,Noche,2026-03-02,TP_02,TP,2026-04-13,2026-04-08,8.5,A TIEMPO
A00252,Emma Rojas,29,M,emma.rojas252@alumnos.tup.edu.ar,C1,Noche,16/02/2026,Parcial_01,Parcial,2026-06-22,2026-06-19,7.8,A TIEMPO
A00128,Nicolas Cabrera,25,M,nicolas.cabrera128@alumnos.tup.edu.ar,C2,Noche,2026-02-21,TP_03,TP,11-05-2026,,,no entregó
A00593,gabriel fernandez,21,Masculino,gabriel.fernandez593@alumnos.tup.edu.ar,B2,Tarde,2026-02-20,TP_03,TP,11-05-2026,,,No entrego
A00486,Santino Lopez,22,F,santino.lopez486@alumnos.tup.edu.ar,C4,Noche,06/03/2026,Parcial_01,Parcial,22/06/2026,,,No entrego
A00110,Diego Sosa,23,M,diego.sosa110@alumnos.tup.edu.ar,B2,Tarde,2026-02-16,TP_01,TP,2026-03-16,11/03/2026,8.4,a tiempo
A00252,Emma Rojas,29,M,emma.rojas252@alumnos.tup.edu.ar,C1,Noche,2026-02-16,Quiz_01,Quiz,2026-03-30,28/03/2026,7.6,A TIEMPO
A00421,Agustin Luna,22,Masculino,agustin.luna421@alumnos.tup.edu.ar,A2,Mañana,2026-03-08,TP_03,TP,11/05/2026,,,NO ENTREGO
A00666,Tomas Sanchez,17,Femenino,tomas.sanchez666@alumnos.tup.edu.ar, c2 ,Noche,2026-02-15,Quiz_03,Quiz,2026-05-25,2026-05-21,7.1,a tiempo
A00230,Paula Ruiz,17,M,,C4,Noche,2026-02-19,TP_02,TP,2026-04-13,2026-04-13,8.6,a tiempo
A00344,Renata Ramirez,27,Femenino,renata.ramirez344@alumnos.tup.edu.ar,C2,Noche,2026-02-27,TP_04,TP,08-06-2026,,,
A00368,Sofia Luna,27,Femenino,sofia.luna368@alumnos.tup.edu.ar,C1,Noche,2026-02-27,Parcial_01,Parcial,2026-06-22,2026-06-30,5.8,TARDE
A00690,Olivia Rodriguez,20,F,olivia.rodriguez690@alumnos.tup.edu.ar,C2,Noche,2026-02-23,TP_02,TP,13/04/2026,2026-04-10,6.9,a tiempo
A00585,Antonella Silva,28,Masculino,antonella.silva585@alumnos.tup.edu.ar, a2 ,Mañana,2026-03-10,TP_03,TP,2026-05-11,,,no entregó
A00321,Benjamin Aguirre,17,Masculino,benjamin.aguirre321@alumnos.tup.edu.ar,C3,Noche,09-03-2026,Parcial_01,Parcial,22/06/2026,,,NO ENTREGO
A00437,Mia Gonzalez,29,F,mia.gonzalez437@alumnos.tup.edu.ar,C3,NOCHE,11/03/2026,TP_01,TP,2026-03-16,2026-03-17,7.2,TARDE
A00222,lautaro fernandez,18,F,lautaro.fernandez222@alumnos.tup.edu.ar,C3,Noche,2026-02-15,TP_01,TP,2026-03-16,,,
A00293,NICOLAS SANCHEZ,17,F,nicolas.sanchez293@alumnos.tup.edu.ar,B1,Tarde,2026-03-03,Quiz_02,Quiz,2026-04-27,2026-05-08,7.5,Tarde
A00428,Joaquin Torres,34,M,joaquin.torres428@alumnos.tup.edu.ar,B1,Tarde,2026-03-07,Quiz_01,Quiz,30-03-2026,2026-03-27,"7,9",A tiempo
A00211,Valentina Garcia,21,Femenino,valentina.garcia211@@alumnos.tup.edu.ar,A1,Mañana,18/02/2026,Quiz_02,Quiz,2026-04-27,2026-04-25,5.2,A TIEMPO
A00320,Camila Cabrera,19,Masculino,camila.cabrera320@alumnos.tup.edu.ar,A1,Mañana,2026-02-20,TP_03,TP,2026-05-11,2026-05-11,"4,1",a tiempo
A00589,Pilar Benitez,27,F,pilar.benitez589@alumnos.tup.edu.ar,B1,Tarde,2026-02-21,TP_02,TP,2026-04-13,2026-04-08,"7,5",A tiempo
A00324,mora lopez,18,M,mora.lopez324@alumnos.tup.edu.ar,B1,Tarde,2026-03-09,TP_04,TP,08-06-2026,2026-06-05,8.9,a tiempo
A00136,Lautaro Ramirez,24,F,lautaro.ramirez136@alumnos.tup.edu.ar,B1,Tarde,04/03/2026,TP_03,TP,11-05-2026,19/05/2026,5.5,TARDE
A00683,Delfina Diaz,17,Masculino,delfina.diaz683@alumnos.tup.edu.ar,A1,Mañana,2026-02-24,TP_01,TP,2026-03-16,2026-03-19,4.8,tarde
A00073,Diego Alvarez,19,F,diego.alvarez73@alumnos.tup.edu.ar,B1,Tarde,2026-03-10,Quiz_02,Quiz,27/04/2026,,,no entregó
A00681,Antonella Herrera,24,F,antonella.herrera681@alumnos.tup.edu.ar,A3,Mañana,2026-02-25,Parcial_01,Parcial,2026-06-22,,,
A00090,Joaquin Ramirez,29,M,joaquin.ramirez90@alumnos.tup.edu.ar,A2,Mañana,2026-02-16,Parcial_01,Parcial,22/06/2026,2026-06-19,7.2,a tiempo
A00685,Joaquin Vega,17,M,joaquin.vega685@alumnos.tup.edu.ar,A3,Mañana,2026-03-03,TP_02,TP,2026-04-13,2026-04-13,"6,7",A TIEMPO
A00265,PILAR RUIZ,23,Femenino,pilar.ruiz265@alumnos.tup.edu.ar,C4,Noche,17/02/2026,TP_04,TP,08/06/2026,08-06-2026,5.8,a tiempo
A00415,Antonella Ruiz,23,M,antonella.ruiz415@alumnos.tup.edu.ar,B2,Tarde,14/02/2026,TP_03,TP,2026-05-11,2026-05-11,5.7,A TIEMPO
A00261,Thiago Nuñez,18,M,thiago.nuñez261@alumnos.tup.edu.ar,B1,Tarde,04-03-2026,Quiz_01,Quiz,2026-03-30,2026-03-25,"7,8",a tiempo
A00015,Guadalupe Lopez,17,F,guadalupe.lopez15@alumnos.tup.edu.ar,C1,Noche,19-02-2026,TP_04,TP,08/06/2026,2026-06-05,9.9,A tiempo
A00514,Manuel Romero,18,F,manuel.romero514@alumnos.tup.edu.ar,C4,Noche,2026-02-24,Quiz_03,Quiz,2026-05-25,,,
A00605,MANUEL ALVAREZ,17,M,manuel.alvarez605@alumnos.tup.edu.ar,B1,Tarde,17/02/2026,TP_02,TP,2026-04-13,,,NO ENTREGO
A00081,Victoria Silva,23,F,victoria.silva81@alumnos.tup.edu.ar,C3,Noche,2026-03-02,Quiz_03,Quiz,2026-05-25,2026-05-24,7.6,A TIEMPO
A00144,Tomas Acosta,23,M,tomas.acosta144@alumnos.tup.edu.ar,A1,Mañana,2026-02-22,Quiz_02,Quiz,2026-04-27,22-04-2026,6.3,a tiempo
A00524,Camila Castro,17,Masculino,,C2,Noche,2026-03-10,TP_02,TP,13/04/2026,2026-04-18,"8,7",Tarde
A00401,Diego Medina,26,M,diego.medina401@alumnos.tup.edu.ar,A1,Mañana,2026-03-04,TP_04,TP,08/06/2026,2026-06-03,"8,7",A TIEMPO
A00354,Felipe Garcia,19,F,felipe.garcia354@alumnos.tup.edu.ar,B2,Tarde,04/03/2026,Quiz_01,Quiz,30/03/2026,2026-03-28,5.5,A TIEMPO
A00524,Camila Castro,17,Masculino,,C2,Noche,2026-03-10,TP_01,TP,2026-03-16,2026-03-16,9.0,A TIEMPO
A00157,Pilar Garcia,23,F,pilar.garcia157@alumnos.tup.edu.ar,A3,Mañana,2026-03-06,TP_01,TP,2026-03-16,2026-03-24,8.7,Tarde
A00657,Valentino Alvarez,23,F,valentino.alvarez657@alumnos.tup.edu.ar,A2,Mañana,2026-03-05,TP_02,TP,2026-04-13,08/04/2026,6.2,a tiempo
A00675,Lucia Herrera,31,M,lucia.herrera675@alumnos.tup.edu.ar,C1,Noche,2026-03-10,TP_04,TP,08/06/2026,,,no entregó
A00400,martina silva,24,F,,C1,Noche,2026-02-17,TP_03,TP,2026-05-11,2026-05-07,3.2,A tiempo
A00276,Santino Ortiz,25,F,santino.ortiz276@alumnos.tup.edu.ar,A3,Mañana,14/02/2026,TP_03,TP,2026-05-11,06/05/2026,"5,5",A TIEMPO
A00675,Lucia Herrera,31,M,lucia.herrera675@alumnos.tup.edu.ar,C1,Noche,2026-03-10,TP_03,TP,2026-05-11,2026-05-09,4.0,A tiempo
A00200,Federico Molina,17,F,federico.molina200@alumnos.tup.edu.ar,C4,Noche,2026-02-20,Quiz_03,Quiz,25/05/2026,2026-05-23,8.1,A tiempo
A00410,Victoria Molina,17,M,victoria.molina410@alumnos.tup.edu.ar,A3,Mañana,2026-02-23,Quiz_01,Quiz,30/03/2026,2026-04-02,"7,6",TARDE
A00533,Santino Cabrera,19,Masculino,santino.cabrera533@alumnos.tup.edu.ar,C1,Noche,2026-02-17,Quiz_03,Quiz,2026-05-25,2026-05-21,7.6,A TIEMPO
A00067,Olivia Luna,18,femenino,olivia.luna67@alumnos.tup.edu.ar,A2,Mañana,2026-02-17,TP_02,TP,2026-04-13,2026-04-08,6.4,A TIEMPO
A00319,julieta silva,19,F,julieta.silva319@alumnos.tup.edu.ar,C3,Noche,2026-03-05,Quiz_01,Quiz,2026-03-30,30/03/2026,8.2,A TIEMPO
A00456,Lucas Vega,17,M,lucas.vega456@alumnos.tup.edu.ar,A2,Mañana,2026-03-06,Quiz_03,Quiz,2026-05-25,,,NO ENTREGO
A00544,Nicolas Suarez,29,F,nicolas.suarez544@alumnos.tup.edu.ar,A1,Mañana,2026-02-22,TP_04,TP,2026-06-08,2026-06-04,8.4,a tiempo
A00421,Agustin Luna,22,Masculino,agustin.luna421@alumnos.tup.edu.ar,A2,Mañana,08-03-2026,Quiz_03,Quiz,25/05/2026,,,NO ENTREGO
A00599,Federico Fernandez,17,X,federico.fernandez599@alumnos.tup.edu.ar,B2,Tarde,2026-02-15,TP_02,TP,13/04/2026,10-04-2026,7.0,a tiempo
A00663,Camila Perez,22,F,camila.perez663@alumnos.tup.edu.ar, a3 ,Mañana,2026-02-21,Quiz_01,Quiz,2026-03-30,,,NO ENTREGO
A00084,Felipe Ruiz,20,F,felipe.ruiz84@alumnos.tup.edu.ar,C3,Noche,2026-03-05,TP_04,TP,08/06/2026,,,
A00362,Mia Silva,19,F,mia.silva362@alumnos.tup.edu.ar,B2,Tarde,18/02/2026,Quiz_01,Quiz,2026-03-30,,,
A00555,Felipe Vega,19,M,felipe.vega555@alumnos.tup.edu.ar,A2,Mañana,2026-02-16,Parcial_01,Parcial,2026-06-22,2026-06-17,"6,1",A tiempo
A00533,Santino Cabrera,19,Masculino,santino.cabrera533@alumnos.tup.edu.ar,C1,Noche,17/02/2026,Parcial_01,Parcial,2026-06-22,28/06/2026,6.9,Tarde
A00626,Nicolas Castro,30,Masculino,nicolas.castro626@alumnos.tup.edu.ar,A2,Mañana,2026-02-17,TP_03,TP,2026-05-11,2026-05-10,5.4,a tiempo
A00494,Olivia Nuñez,25,M,olivia.nuñez494@alumnos.tup.edu.ar,C4,Noche,2026-02-25,Quiz_01,Quiz,2026-03-30,02/04/2026,7.9,TARDE
A00654,Isabella Herrera,29,Femenino,isabella.herrera654@alumnos.tup.edu.ar,B1,Tarde,2026-03-06,TP_03,TP,2026-05-11,,,no entregó
A00241,Nicolas Ruiz,17,Masculino,nicolas.ruiz241@alumnos.tup.edu.ar, c1 ,Noche,06/03/2026,Quiz_02,Quiz,2026-04-27,2026-04-30,"7,3",TARDE
A00264,Antonella Molina,17,F,antonella.molina264@alumnos.tup.edu.ar,B1,Tarde,2026-03-03,TP_04,TP,2026-06-08,,,
A00476,Lucas Ruiz,23,F,lucas.ruiz476@alumnos.tup.edu.ar,B1,Tarde,2026-03-07,Quiz_01,Quiz,30/03/2026,27/03/2026,"8,5",A TIEMPO
A00616,Martina Garcia,35,F,martina.garcia616@alumnos.tup.edu.ar,B1,TARDE,2026-02-22,TP_03,TP,11-05-2026,22-05-2026,6.2,Tarde
A00514,Manuel Romero,18,F,manuel.romero514@alumnos.tup.edu.ar,C4,Noche,2026-02-24,TP_04,TP,2026-06-08,,,No entrego
A00156,Isabella Martinez,22,M,isabella.martinez156@alumnos.tup.edu.ar,B1,Tarde,2026-02-20,TP_04,TP,2026-06-08,14/06/2026,6.5,tarde
A00388,  Delfina Lopez ,26,Masculino,delfina.lopez388@alumnos.tup.edu.ar,C3,Noche,2026-03-07,Quiz_01,Quiz,30/03/2026,2026-03-27,9.1,A TIEMPO
A00035,Valentino Medina,20,F,valentino.medina35@alumnos.tup.edu.ar,B1,Tarde,2026-03-04,Quiz_02,Quiz,27/04/2026,2026-04-27,5.2,A tiempo
A00018,Joaquin Luna,21,F,joaquin.luna18@alumnos.tup.edu.ar,C1,Noche,17-02-2026,TP_01,TP,2026-03-16,2026-03-20,"5,0",Tarde
A00620,Benjamin Molina,20,M,benjamin.molina620@alumnos.tup.edu.ar,A2,Mañana,2026-02-16,Quiz_02,Quiz,2026-04-27,05/05/2026,"5,7",TARDE
A00485,Lucas Torres,27,F,,A2,Mañana,2026-03-08,TP_03,TP,11/05/2026,2026-05-11,10.0,A TIEMPO
A00242,Mora Ortiz,17,F,mora.ortiz242@alumnos.tup.edu.ar,B2,Tarde,27/02/2026,Quiz_03,Quiz,2026-05-25,,,No entrego
A00269,Paula Martinez,25,F,paula.martinez269@alumnos.tup.edu.ar,A2,Mañana,2026-03-05,TP_04,TP,08/06/2026,2026-06-07,"4,9",A tiempo
A00353,Lautaro Medina,18,F,lautaro.medina353@alumnos.tup.edu.ar,B2,Tarde,04/03/2026,Quiz_01,Quiz,2026-03-30,30-03-2026,9.3,A TIEMPO
A00001,Catalina Ortiz,25,M,catalina.ortiz1@alumnos.tup.edu.ar,C1,NOCHE,27-02-2026,TP_04,TP,08/06/2026,05/06/2026,"6,0",a tiempo
A00306,Ignacio Gonzalez,19,Masculino,ignacio.gonzalez306@alumnos.tup.edu.ar,A3,Mañana,2026-02-17,Quiz_02,Quiz,27/04/2026,2026-04-23,7.2,A tiempo
A00338,  Tomas Ortiz ,17,M,tomas.ortiz338@alumnos.tup.edu.ar, b1 ,Tarde,15-02-2026,TP_04,TP,2026-06-08,05-06-2026,7.9,A TIEMPO
A00297,Felipe Castro,27,F,felipe.castro297@alumnos.tup.edu.ar,B2,Tarde,2026-02-25,TP_02,TP,2026-04-13,,,
A00461,Federico Sanchez,22,Masculino,federico.sanchez461@alumnos.tup.edu.ar,C2,Noche,2026-03-08,TP_01,TP,16/03/2026,2026-03-12,5.2,A tiempo
A00607,  Bautista Suarez ,24,M,bautista.suarez607@alumnos.tup.edu.ar,B1,Tarde,2026-02-27,Quiz_01,Quiz,2026-03-30,,,no entregó
A00453,Catalina Nuñez,24,Femenino,catalina.nuñez453@alumnos.tup.edu.ar,C1,Noche,2026-03-01,TP_03,TP,2026-05-11,,,No entrego
A00044,Gabriel Rojas,20,M,gabriel.rojas44@alumnos.tup.edu.ar,B2,Tarde,2026-02-17,Quiz_03,Quiz,2026-05-25,,,
A00515,  Valentino Diaz ,22,F,valentino.diaz515@alumnos.tup.edu.ar,C4,Noche,2026-02-23,Quiz_02,Quiz,2026-04-27,,,NO ENTREGO
A00679,Thiago Luna,20,M,thiago.luna679@alumnos.tup.edu.ar,B1,Tarde,2026-03-10,Quiz_03,Quiz,25/05/2026,25/05/2026,"7,9",A tiempo
A00430,Felipe Sanchez,25,femenino,felipe.sanchez430@alumnos.tup.edu.ar,C4,Noche,26/02/2026,TP_03,TP,11-05-2026,2026-05-06,8.0,A TIEMPO
A00260,bruno flores,25,F,bruno.flores260@alumnos.tup.edu.ar,A2,Mañana,2026-03-08,TP_04,TP,2026-06-08,,,no entregó
A00209,Sofia Nuñez,25,F,sofia.nuñez209@alumnos.tup.edu.ar,A3,MAÑANA,2026-03-08,TP_01,TP,2026-03-16,2026-03-13,5.9,A TIEMPO
A00683,Delfina Diaz,17,Masculino,delfina.diaz683@alumnos.tup.edu.ar,A1,Mañana,2026-02-24,Quiz_01,Quiz,30-03-2026,25-03-2026,4.1,A tiempo
A00648,Lautaro Torres,23,M,lautaro.torres648@alumnos.tup.edu.ar,A1,Mañana,2026-02-27,TP_01,TP,2026-03-16,2026-03-13,"9,3",A tiempo
A00268,Ignacio Medina,21,F,ignacio.medina268@alumnos.tup.edu.ar,C1,Noche,24/02/2026,Quiz_03,Quiz,2026-05-25,,,
A00145,Maximo Sanchez,24,F,maximo.sanchez145@alumnos.tup.edu.ar,C4,Noche,09-03-2026,TP_03,TP,11/05/2026,2026-05-09,"6,4",a tiempo
A00292,Mateo Gonzalez,26,F,mateo.gonzalez292@@alumnos.tup.edu.ar,B1,Tarde,10/03/2026,Quiz_01,Quiz,2026-03-30,,,NO ENTREGO
A00693,Pilar Romero,19,M,pilar.romero693@alumnos.tup.edu.ar,B1,Tarde,2026-02-24,TP_03,TP,11/05/2026,2026-05-07,7.7,a tiempo
A00512,Bautista Ortiz,24,M,bautista.ortiz512@alumnos.tup.edu.ar,B2,Tarde,2026-02-20,Parcial_01,Parcial,2026-06-22,2026-06-22,7.8,A TIEMPO
A00391,Pilar Torres,21,F,pilar.torres391@alumnos.tup.edu.ar,B1,Tarde,2026-03-09,Parcial_01,Parcial,2026-06-22,,,
A00106,Paula Diaz,28,M,paula.diaz106@alumnos.tup.edu.ar,A1,Mañana,2026-03-06,TP_03,TP,11/05/2026,07/05/2026,"8,9",A TIEMPO
A00124,Felipe Rojas,24,M,felipe.rojas124@alumnos.tup.edu.ar,B2,Tarde,21-02-2026,Parcial_01,Parcial,2026-06-22,19/06/2026,8.0,A TIEMPO
A00196,Manuel Martinez,25,Femenino,manuel.martinez196@alumnos.tup.edu.ar,A3,Mañana,2026-02-19,Parcial_01,Parcial,2026-06-22,2026-06-25,"5,0",tarde
A00104,Delfina Alvarez,17,Masculino,delfina.alvarez104@alumnos.tup.edu.ar,C2,Noche,23/02/2026,TP_01,TP,16-03-2026,,,
A00344,Renata Ramirez,27,Femenino,renata.ramirez344@alumnos.tup.edu.ar,C2,Noche,27/02/2026,TP_02,TP,13-04-2026,2026-04-25,7.0,TARDE
A00396,Felipe Suarez,31,F,felipe.suarez396@alumnos.tup.edu.ar,A1,Mañana,22/02/2026,TP_01,TP,2026-03-16,,,No entrego
A00257,LAUTARO TORRES,23,M,lautaro.torres257@alumnos.tup.edu.ar,A3,Mañana,09-03-2026,TP_04,TP,2026-06-08,,,NO ENTREGO
A00418,FLORENCIA FERNANDEZ,18,Masculino,florencia.fernandez418@alumnos.tup.edu.ar,B2,Tarde,2026-02-14,TP_04,TP,2026-06-08,2026-06-06,7.1,A tiempo
A00415,Antonella Ruiz,23,M,antonella.ruiz415@alumnos.tup.edu.ar,B2,Tarde,2026-02-14,TP_02,TP,13-04-2026,24-04-2026,5.8,tarde
A00496,Valentina Silva,23,M,valentina.silva496@alumnos.tup.edu.ar,C1,Noche,24/02/2026,Quiz_01,Quiz,30-03-2026,,,no entregó
A00313,Mia Torres,20,F,mia.torres313@alumnos.tup.edu.ar,A1,Mañana,2026-03-07,Quiz_02,Quiz,2026-04-27,2026-04-23,5.6,a tiempo
A00459,Valentina Benitez,21,M,valentina.benitez459@alumnos.tup.edu.ar,A1,Mañana,2026-02-25,Quiz_02,Quiz,2026-04-27,2026-04-23,6.6,a tiempo
A00205,Benjamin Torres,19,F,benjamin.torres205@alumnos.tup.edu.ar,C4,NOCHE,2026-03-04,Quiz_02,Quiz,2026-04-27,,,No entrego
A00151,Guadalupe Vega,17,F,guadalupe.vega151@alumnos.tup.edu.ar,B1,Tarde,2026-03-11,TP_02,TP,2026-04-13,2026-04-10,"6,9",a tiempo
A00197,  Valentina Ramirez ,23,M,valentina.ramirez197@alumnos.tup.edu.ar,A1,Mañana,2026-02-27,TP_02,TP,13/04/2026,10/04/2026,7.6,A TIEMPO
A00177,Tomas Martinez,22,Femenino,tomas.martinez177@alumnos.tup.edu.ar,C3,Noche,2026-02-22,TP_04,TP,2026-06-08,,,no entregó
A00225,  Valentino Sanchez ,20,M,valentino.sanchez225@alumnos.tup.edu.ar,C1,Noche,2026-02-22,TP_03,TP,2026-05-11,2026-05-10,5.7,a tiempo
A00235,Lucia Silva,17,M,lucia.silva235@alumnos.tup.edu.ar,C1,Noche,2026-02-27,TP_01,TP,2026-03-16,2026-03-15,3.8,a tiempo
A00220,Antonella Garcia,22,F,antonella.garcia220@alumnos.tup.edu.ar,C3,Noche,2026-02-23,TP_01,TP,2026-03-16,,,
A00529,Bautista Rodriguez,17,F,bautista.rodriguez529@alumnos.tup.edu.ar,A1,Mañana,2026-03-05,TP_04,TP,08/06/2026,2026-06-08,"8,7",A tiempo
A00447,felipe luna,21,F,felipe.luna447@alumnos.tup.edu.ar,C4,Noche,04-03-2026,TP_02,TP,13/04/2026,19-04-2026,0.0,Tarde
A00530,Camila Diaz,26,F,camila.diaz530@alumnos.tup.edu.ar,B1,Tarde,2026-02-18,Parcial_01,Parcial,22/06/2026,2026-06-22,10.0,a tiempo
A00223,Gabriel Torres,19,M,gabriel.torres223@alumnos.tup.edu.ar,A3,MAÑANA,17/02/2026,TP_03,TP,2026-05-11,06/05/2026,7.8,a tiempo
A00501,Bruno Sanchez,24,Masculino,bruno.sanchez501@alumnos.tup.edu.ar,C3,NOCHE,2026-03-05,TP_01,TP,2026-03-16,2026-03-15,4.5,A tiempo
A00271,  Paula Molina ,30,M,paula.molina271@alumnos.tup.edu.ar, a3 ,Mañana,2026-03-09,TP_04,TP,2026-06-08,2026-06-08,9.0,A tiempo
A00564,Diego Ruiz,19,F,diego.ruiz564@alumnos.tup.edu.ar,B1,Tarde,2026-03-08,Quiz_03,Quiz,2026-05-25,23/05/2026,7.2,A TIEMPO
A00605,MANUEL ALVAREZ,17,M,manuel.alvarez605@alumnos.tup.edu.ar,B1,Tarde,2026-02-17,TP_01,TP,2026-03-16,2026-03-12,7.1,A TIEMPO
A00043,Maximo Martinez,20,M,maximo.martinez43@alumnos.tup.edu.ar,A1,Mañana,2026-02-17,Quiz_02,Quiz,2026-04-27,2026-04-29,2.2,tarde
A00622,Gabriel Fernandez,17,M,, a3 ,MAÑANA,28/02/2026,Parcial_01,Parcial,2026-06-22,2026-06-19,8.9,A TIEMPO
A00129,Martina Ramirez,25,F,martina.ramirez129@alumnos.tup.edu.ar,A1,Mañana,2026-02-14,Quiz_03,Quiz,2026-05-25,,,No entrego
A00009,Catalina Herrera,20,Femenino,catalina.herrera9@alumnos.tup.edu.ar,A3,Mañana,2026-03-03,TP_01,TP,2026-03-16,11-03-2026,7.7,a tiempo
A00573,Lautaro Romero,22,Masculino,lautaro.romero573@alumnos.tup.edu.ar,C1,Noche,11-03-2026,Quiz_01,Quiz,2026-03-30,2026-03-30,"9,3",A TIEMPO
A00081,Victoria Silva,23,F,victoria.silva81@alumnos.tup.edu.ar,C3,Noche,2026-03-02,TP_01,TP,2026-03-16,2026-03-13,8.8,A tiempo
A00044,Gabriel Rojas,20,M,gabriel.rojas44@alumnos.tup.edu.ar,B2,Tarde,17/02/2026,Quiz_02,Quiz,2026-04-27,,,
A00017,Ignacio Lopez,23,F,ignacio.lopez17@alumnos.tup.edu.ar,A1,Mañana,21/02/2026,Quiz_03,Quiz,2026-05-25,2026-05-20,7.2,A tiempo
A00422,Agustin Ruiz,25,M,agustin.ruiz422@alumnos.tup.edu.ar,A2,Mañana,2026-03-09,Parcial_01,Parcial,2026-06-22,,,
A00187,valentina medina,29,F,valentina.medina187@alumnos.tup.edu.ar,A1,Mañana,2026-02-19,Quiz_03,Quiz,2026-05-25,,,No entrego
A00581,Catalina Martinez,17,F,catalina.martinez581@alumnos.tup.edu.ar,B2,Tarde,2026-02-24,Parcial_01,Parcial,22-06-2026,2026-06-18,4.7,A TIEMPO
A00141,Camila Ramirez,22,M,camila.ramirez141@@alumnos.tup.edu.ar,C1,Noche,2026-02-19,Quiz_01,Quiz,2026-03-30,2026-03-26,"9,3",A tiempo
A00036,Nicolas Vega,17,M,nicolas.vega36@alumnos.tup.edu.ar,C2,Noche,2026-03-11,TP_03,TP,2026-05-11,2026-05-08,7.3,A TIEMPO
A00205,Benjamin Torres,19,F,benjamin.torres205@alumnos.tup.edu.ar,C4,NOCHE,04-03-2026,TP_04,TP,2026-06-08,,,No entrego
A00683,Delfina Diaz,17,Masculino,delfina.diaz683@alumnos.tup.edu.ar,A1,Mañana,24-02-2026,TP_03,TP,2026-05-11,,,no entregó
A00159,Catalina Alvarez,17,femenino,catalina.alvarez159@alumnos.tup.edu.ar,A3,Mañana,2026-02-18,Parcial_01,Parcial,2026-06-22,2026-06-19,6.2,a tiempo
A00388,  Delfina Lopez ,26,Masculino,delfina.lopez388@alumnos.tup.edu.ar,C3,Noche,2026-03-07,TP_02,TP,2026-04-13,2026-04-09,9.0,A TIEMPO
A00336,  Renata Castro ,24,Masculino,renata.castro336@alumnos.tup.edu.ar,B1,Tarde,2026-02-17,TP_04,TP,08/06/2026,04/06/2026,5.2,A tiempo
A00461,Federico Sanchez,22,Masculino,federico.sanchez461@alumnos.tup.edu.ar,C2,Noche,08-03-2026,TP_04,TP,2026-06-08,2026-06-05,"7,8",A TIEMPO
A00513,Agustin Garcia,19,F,agustin.garcia513@alumnos.tup.edu.ar,B1,Tarde,2026-02-17,Quiz_01,Quiz,2026-03-30,,,no entregó
A00447,felipe luna,21,F,felipe.luna447@alumnos.tup.edu.ar,C4,Noche,04/03/2026,Quiz_03,Quiz,2026-05-25,24/05/2026,"5,5",a tiempo
A00453,Catalina Nuñez,24,Femenino,catalina.nuñez453@alumnos.tup.edu.ar,C1,Noche,2026-03-01,TP_04,TP,08/06/2026,2026-06-03,6.8,A TIEMPO
A00681,Antonella Herrera,24,F,antonella.herrera681@alumnos.tup.edu.ar,A3,Mañana,25-02-2026,TP_04,TP,2026-06-08,,,No entrego
A00509,Catalina Diaz,17,F,catalina.diaz509@alumnos.tup.edu.ar,A3,Mañana,19/02/2026,Quiz_02,Quiz,2026-04-27,2026-05-08,5.2,tarde
A00363,Lucas Molina,17,Femenino,lucas.molina363@alumnos.tup.edu.ar,B1,Tarde,2026-02-14,TP_02,TP,2026-04-13,,,no entregó
A00493,Agustin Ruiz,24,F,agustin.ruiz493@alumnos.tup.edu.ar,C2,Noche,04/03/2026,Parcial_01,Parcial,22/06/2026,,,no entregó
A00659,Florencia Rodriguez,25,F,florencia.rodriguez659@alumnos.tup.edu.ar, b1 ,Tarde,10/03/2026,TP_02,TP,2026-04-13,2026-04-15,4.1,TARDE
A00592,valentino rodriguez,19,M,valentino.rodriguez592@alumnos.tup.edu.ar,B2,Tarde,07-03-2026,Quiz_01,Quiz,30-03-2026,2026-03-26,9.4,A TIEMPO
A00176,Benjamin Castro,17,F,benjamin.castro176@alumnos.tup.edu.ar,A1,Mañana,2026-02-19,TP_02,TP,2026-04-13,2026-04-13,8.1,A tiempo
A00285,Olivia Torres,22,F,olivia.torres285@alumnos.tup.edu.ar, c1 ,Noche,23/02/2026,TP_03,TP,2026-05-11,10-05-2026,"7,4",a tiempo
A00228,Joaquin Lopez,25,M,joaquin.lopez228@alumnos.tup.edu.ar,A1,Mañana,2026-02-25,TP_04,TP,2026-06-08,,,
A00078,  Florencia Ruiz ,18,M,florencia.ruiz78@alumnos.tup.edu.ar,A2,Mañana,2026-02-24,Quiz_01,Quiz,30-03-2026,2026-03-26,5.9,A TIEMPO
A00699,Isabella Garcia,30,M,isabella.garcia699@alumnos.tup.edu.ar,C1,Noche,2026-02-18,TP_02,TP,13-04-2026,2026-04-19,3.5,Tarde
A00106,Paula Diaz,28,M,paula.diaz106@alumnos.tup.edu.ar,A1,Mañana,2026-03-06,TP_01,TP,2026-03-16,2026-03-16,9.1,a tiempo
A00021,renata herrera,18,femenino,renata.herrera21@alumnos.tup.edu.ar,B1,Tarde,2026-02-21,Parcial_01,Parcial,2026-06-22,,,
A00311,Martina Martinez,22,Femenino,martina.martinez311@alumnos.tup.edu.ar,B1,Tarde,2026-02-21,Quiz_03,Quiz,2026-05-25,,,NO ENTREGO
A00291,Sofia Garcia,25,F,sofia.garcia291@alumnos.tup.edu.ar,C4,Noche,2026-02-28,TP_03,TP,2026-05-11,2026-05-08,5.0,a tiempo
A00585,Antonella Silva,28,Masculino,antonella.silva585@alumnos.tup.edu.ar, a2 ,Mañana,10/03/2026,TP_01,TP,2026-03-16,2026-03-11,"5,8",a tiempo
A00548,Mateo Herrera,21,M,mateo.herrera548@alumnos.tup.edu.ar,C4,Noche,2026-02-17,Parcial_01,Parcial,2026-06-22,,,No entrego
A00183,Thiago Ruiz,22,M,thiago.ruiz183@alumnos.tup.edu.ar,A3,Mañana,2026-02-22,TP_02,TP,2026-04-13,,,No entrego
A00250,MAXIMO TORRES,20,Masculino,maximo.torres250@alumnos.tup.edu.ar,A3,Mañana,23/02/2026,Quiz_01,Quiz,2026-03-30,,,
A00041,Thiago Ortiz,20,M,thiago.ortiz41@alumnos.tup.edu.ar,C2,Noche,2026-02-23,Quiz_03,Quiz,25-05-2026,2026-06-02,"5,4",tarde
A00316,Martina Vega,25,M,martina.vega316@alumnos.tup.edu.ar,C2,Noche,2026-02-21,TP_01,TP,2026-03-16,2026-03-14,"5,9",A TIEMPO
A00059,Delfina Perez,18,F,delfina.perez59@alumnos.tup.edu.ar,B2,Tarde,2026-03-09,Quiz_02,Quiz,2026-04-27,,,NO ENTREGO
A00177,Tomas Martinez,22,Femenino,tomas.martinez177@alumnos.tup.edu.ar,C3,Noche,22/02/2026,TP_01,TP,16/03/2026,2026-03-13,7.6,A tiempo
A00506,Renata Rojas,18,F,renata.rojas506@alumnos.tup.edu.ar,A3,Mañana,2026-02-15,TP_02,TP,13-04-2026,2026-04-11,7.1,A tiempo
A00195,Joaquin Nuñez,23,F,joaquin.nuñez195@alumnos.tup.edu.ar,C3,Noche,2026-03-04,TP_04,TP,2026-06-08,,,NO ENTREGO
A00458,Paula Castro,28,X,paula.castro458@alumnos.tup.edu.ar,A2,Mañana,03/03/2026,TP_03,TP,2026-05-11,2026-05-08,"8,5",A TIEMPO
A00011,lucia medina,23,M,lucia.medina11@alumnos.tup.edu.ar,C1,Noche,04-03-2026,Quiz_03,Quiz,25/05/2026,2026-05-20,5.5,A TIEMPO
A00588,Antonella Flores,22,F,antonella.flores588@alumnos.tup.edu.ar,C1,Noche,2026-02-14,TP_01,TP,16/03/2026,2026-03-15,8.4,A TIEMPO
A00311,Martina Martinez,22,Femenino,martina.martinez311@alumnos.tup.edu.ar,B1,Tarde,21/02/2026,TP_04,TP,08/06/2026,,,no entregó
A00653,Agustin Vega,22,M,agustin.vega653@alumnos.tup.edu.ar, a1 ,Mañana,2026-03-10,TP_03,TP,2026-05-11,,,NO ENTREGO
A00343,Lucia Ramirez,18,M,lucia.ramirez343@alumnos.tup.edu.ar,B2,Tarde,2026-03-03,Parcial_01,Parcial,2026-06-22,,,NO ENTREGO
A00016,Benjamin Torres,19,M,benjamin.torres16@alumnos.tup.edu.ar,C1,Noche,08/03/2026,Quiz_01,Quiz,2026-03-30,,,No entrego
A00238,Olivia Castro,17,F,olivia.castro238@alumnos.tup.edu.ar,C2,Noche,04/03/2026,TP_01,TP,2026-03-16,2026-03-27,"6,1",Tarde
A00502,Manuel Torres,17,Masculino,manuel.torres502@alumnos.tup.edu.ar,A2,Mañana,2026-03-03,Quiz_02,Quiz,27/04/2026,2026-05-07,6.4,TARDE
A00630,Isabella Herrera,24,M,isabella.herrera630@alumnos.tup.edu.ar,C4,Noche,27/02/2026,Parcial_01,Parcial,2026-06-22,2026-06-22,9.2,A TIEMPO
A00494,Olivia Nuñez,25,M,olivia.nuñez494@alumnos.tup.edu.ar,C4,Noche,25/02/2026,TP_03,TP,2026-05-11,2026-05-08,7.9,A TIEMPO
A00253,Santino Flores,24,M,santino.flores253@alumnos.tup.edu.ar,A1,Mañana,04/03/2026,Quiz_03,Quiz,2026-05-25,2026-05-23,7.9,A tiempo
A00105,Agustin Alvarez,20,F,agustin.alvarez105@alumnos.tup.edu.ar,A2,Mañana,2026-03-04,Quiz_03,Quiz,25/05/2026,20-05-2026,10.0,A TIEMPO
A00507,Joaquin Herrera,22,Femenino,joaquin.herrera507@alumnos.tup.edu.ar,C2,Noche,27/02/2026,Quiz_03,Quiz,2026-05-25,2026-05-23,"7,1",A TIEMPO
A00004,Camila Alvarez,23,F,camila.alvarez4@alumnos.tup.edu.ar,C1,Noche,2026-03-06,TP_03,TP,2026-05-11,,,No entrego
A00096,Renata Torres,25,M,renata.torres96@alumnos.tup.edu.ar,C2,Noche,2026-02-27,TP_04,TP,08-06-2026,,,No entrego
A00399,Diego Silva,24,F,diego.silva399@alumnos.tup.edu.ar,C1,Noche,2026-03-11,Quiz_01,Quiz,2026-03-30,2026-03-26,"9,3",A TIEMPO
A00073,Diego Alvarez,19,F,diego.alvarez73@alumnos.tup.edu.ar,B1,Tarde,10/03/2026,Quiz_01,Quiz,2026-03-30,,,no entregó
A00656,Bautista Rodriguez,18,Femenino,bautista.rodriguez656@alumnos.tup.edu.ar,B1,Tarde,2026-02-20,Quiz_01,Quiz,30-03-2026,2026-03-25,5.9,A tiempo
A00075,Mia Gonzalez,23,F,mia.gonzalez75@alumnos.tup.edu.ar,B1,Tarde,07/03/2026,Parcial_01,Parcial,2026-06-22,19/06/2026,10.0,A tiempo
A00562,BRUNO FERNANDEZ,21,F,bruno.fernandez562@alumnos.tup.edu.ar,B2,Tarde,2026-02-22,Quiz_01,Quiz,30/03/2026,2026-03-27,7.3,A TIEMPO
A00306,Ignacio Gonzalez,19,Masculino,ignacio.gonzalez306@alumnos.tup.edu.ar,A3,Mañana,17-02-2026,TP_04,TP,2026-06-08,2026-06-06,6.6,A TIEMPO
A00150,Florencia Sosa,17,F,florencia.sosa150@alumnos.tup.edu.ar,A2,Mañana,03/03/2026,Quiz_01,Quiz,2026-03-30,25/03/2026,7.1,A TIEMPO
A00016,Benjamin Torres,19,M,benjamin.torres16@alumnos.tup.edu.ar,C1,Noche,2026-03-08,TP_04,TP,2026-06-08,2026-06-05,6.2,A tiempo
A00359,Lucas Garcia,28,M,lucas.garcia359@alumnos.tup.edu.ar,B1,Tarde,2026-03-05,Parcial_01,Parcial,2026-06-22,22-06-2026,6.4,A TIEMPO
A00681,Antonella Herrera,24,F,antonella.herrera681@alumnos.tup.edu.ar,A3,Mañana,25-02-2026,TP_01,TP,2026-03-16,2026-03-22,5.7,tarde
A00279,Ignacio Romero,17,F,ignacio.romero279@alumnos.tup.edu.ar,B2,Tarde,21-02-2026,TP_01,TP,2026-03-16,2026-03-15,"6,4",A tiempo
A00309,Felipe Lopez,17,F,felipe.lopez309@alumnos.tup.edu.ar,A3,Mañana,2026-03-06,TP_02,TP,2026-04-13,13-04-2026,8.0,a tiempo
A00334,Mateo Flores,17,Masculino,mateo.flores334@alumnos.tup.edu.ar,B2,Tarde,24/02/2026,Parcial_01,Parcial,2026-06-22,26/06/2026,"5,1",tarde
A00091,Martina Aguirre,17,M,martina.aguirre91@alumnos.tup.edu.ar, a1 ,Mañana,14/02/2026,Quiz_02,Quiz,2026-04-27,23-04-2026,6.3,a tiempo
A00115,Olivia Acosta,17,M,olivia.acosta115@alumnos.tup.edu.ar,C1,Noche,2026-03-03,TP_04,TP,2026-06-08,08/06/2026,6.0,A tiempo
A00132,  Pilar Flores ,21,F,pilar.flores132@alumnos.tup.edu.ar,B2,Tarde,2026-03-01,TP_04,TP,2026-06-08,2026-06-04,"7,2",A TIEMPO
A00100,Camila Ramirez,24,Femenino,camila.ramirez100@alumnos.tup.edu.ar,B2,Tarde,03/03/2026,TP_03,TP,2026-05-11,2026-05-09,6.3,A TIEMPO
A00141,Camila Ramirez,22,M,camila.ramirez141@@alumnos.tup.edu.ar,C1,Noche,2026-02-19,Quiz_02,Quiz,2026-04-27,2026-04-23,8.7,a tiempo
A00560,lucas ramirez,19,F,lucas.ramirez560@alumnos.tup.edu.ar,C2,NOCHE,27/02/2026,TP_01,TP,2026-03-16,16-03-2026,9.1,a tiempo
A00613,Federico Ortiz,17,F,federico.ortiz613@alumnos.tup.edu.ar,C1,Noche,17/02/2026,TP_03,TP,2026-05-11,2026-05-09,9.0,a tiempo
A00498,Lucia Sosa,17,X,lucia.sosa498@alumnos.tup.edu.ar,A3,Mañana,2026-03-10,Parcial_01,Parcial,2026-06-22,22/06/2026,6.5,A TIEMPO
A00177,Tomas Martinez,22,Femenino,tomas.martinez177@alumnos.tup.edu.ar,C3,Noche,22/02/2026,Parcial_01,Parcial,2026-06-22,18-06-2026,7.4,A tiempo
A00433,Agustin Lopez,17,F,agustin.lopez433@alumnos.tup.edu.ar,B2,Tarde,2026-03-01,TP_03,TP,11-05-2026,2026-05-13,4.5,tarde
A00081,Victoria Silva,23,F,victoria.silva81@alumnos.tup.edu.ar,C3,Noche,02/03/2026,TP_04,TP,2026-06-08,2026-06-05,9.0,A tiempo
A00312,Mia Garcia,29,M,mia.garcia312@alumnos.tup.edu.ar,B1,Tarde,2026-03-05,TP_01,TP,16/03/2026,28/03/2026,6.0,Tarde
A00018,Joaquin Luna,21,F,joaquin.luna18@alumnos.tup.edu.ar,C1,Noche,2026-02-17,TP_04,TP,08-06-2026,,,No entrego
A00267,Agustin Alvarez,27,M,agustin.alvarez267@alumnos.tup.edu.ar,B2,Tarde,03/03/2026,TP_02,TP,2026-04-13,,,
A00367,Antonella Vega,26,Masculino,antonella.vega367@alumnos.tup.edu.ar,C2,NOCHE,2026-02-18,TP_01,TP,16/03/2026,2026-03-15,"7,2",A tiempo
A00144,Tomas Acosta,23,M,tomas.acosta144@alumnos.tup.edu.ar,A1,Mañana,22/02/2026,TP_02,TP,13/04/2026,2026-04-22,4.8,Tarde
A00255,Bruno Flores,21,Masculino,bruno.flores255@alumnos.tup.edu.ar,B1,Tarde,2026-03-04,TP_03,TP,11/05/2026,,,
A00523,Joaquin Silva,19,Masculino,joaquin.silva523@alumnos.tup.edu.ar,C3,Noche,2026-02-15,TP_02,TP,13-04-2026,2026-04-23,6.7,TARDE
A00640,Felipe Nuñez,20,M,,C1,Noche,2026-02-22,TP_04,TP,2026-06-08,04/06/2026,7.8,A tiempo
A00631,SOFIA ROMERO,23,M,sofia.romero631@alumnos.tup.edu.ar,B2,Tarde,2026-02-21,TP_01,TP,2026-03-16,,,NO ENTREGO
A00676,mora vega,17,F,mora.vega676@alumnos.tup.edu.ar,C2,Noche,2026-03-02,TP_03,TP,2026-05-11,,,No entrego
A00107,Federico Suarez,27,F,federico.suarez107@alumnos.tup.edu.ar,C4,Noche,2026-03-08,Quiz_02,Quiz,27/04/2026,2026-04-28,6.3,tarde
A00543,Pilar Suarez,25,femenino,pilar.suarez543@alumnos.tup.edu.ar,B2,Tarde,28/02/2026,TP_01,TP,2026-03-16,2026-03-23,"6,6",TARDE
A00620,Benjamin Molina,20,M,benjamin.molina620@alumnos.tup.edu.ar,A2,Mañana,16/02/2026,TP_04,TP,2026-06-08,,,NO ENTREGO
A00651,Delfina Garcia,20,M,delfina.garcia651@alumnos.tup.edu.ar,C2,Noche,08-03-2026,Parcial_01,Parcial,2026-06-22,,,
A00662,DIEGO MOLINA,31,X,diego.molina662@alumnos.tup.edu.ar,B1,Tarde,2026-02-17,Quiz_03,Quiz,25/05/2026,,,NO ENTREGO
A00589,Pilar Benitez,27,F,pilar.benitez589@alumnos.tup.edu.ar,B1,Tarde,2026-02-21,TP_03,TP,11/05/2026,09-05-2026,8.5,A tiempo
A00617,Valentina Castro,23,Masculino,valentina.castro617@alumnos.tup.edu.ar,B2,Tarde,2026-03-04,Quiz_01,Quiz,2026-03-30,27/03/2026,"2,4",A tiempo
A00615,Agustin Nuñez,17,F,agustin.nuñez615@alumnos.tup.edu.ar,C1,Noche,2026-02-17,TP_02,TP,2026-04-13,2026-04-09,5.0,A tiempo
A00506,Renata Rojas,18,F,renata.rojas506@alumnos.tup.edu.ar,A3,Mañana,2026-02-15,TP_01,TP,16/03/2026,2026-03-15,8.5,A tiempo
A00550,Valentina Molina,29,F,valentina.molina550@alumnos.tup.edu.ar,A3,Mañana,2026-03-02,Quiz_03,Quiz,25/05/2026,03-06-2026,4.4,Tarde
A00354,Felipe Garcia,19,F,felipe.garcia354@alumnos.tup.edu.ar,B2,Tarde,2026-03-04,Parcial_01,Parcial,2026-06-22,,,no entregó
A00627,Isabella Flores,21,Masculino,isabella.flores627@alumnos.tup.edu.ar,C4,Noche,20/02/2026,TP_03,TP,2026-05-11,,,No entrego
A00460,  Lautaro Fernandez ,95,femenino,lautaro.fernandez460@alumnos.tup.edu.ar,C1,Noche,2026-03-04,TP_03,TP,2026-05-11,,,NO ENTREGO
A00561,Victoria Lopez,18,M,victoria.lopez561@alumnos.tup.edu.ar,B2,Tarde,2026-03-09,Parcial_01,Parcial,22/06/2026,2026-06-17,4.9,a tiempo
A00600,Valentino Suarez,37,M,valentino.suarez600@alumnos.tup.edu.ar,B1,Tarde,10/03/2026,TP_02,TP,13/04/2026,,,no entregó
A00208,Thiago Sosa,23,Masculino,thiago.sosa208@alumnos.tup.edu.ar,B2,Tarde,2026-03-02,Quiz_03,Quiz,2026-05-25,,,
A00212,Diego Sanchez,27,F,diego.sanchez212@alumnos.tup.edu.ar,C3,Noche,2026-03-05,Quiz_03,Quiz,25-05-2026,2026-05-23,"8,9",A TIEMPO
A00661,  Julieta Fernandez ,18,F,julieta.fernandez661@alumnos.tup.edu.ar,C2,Noche,11/03/2026,TP_01,TP,2026-03-16,2026-03-16,5.5,a tiempo
A00167,Olivia Romero,28,M,olivia.romero167@@alumnos.tup.edu.ar,A3,Mañana,2026-02-19,Quiz_03,Quiz,25/05/2026,,,no entregó
A00021,renata herrera,18,femenino,renata.herrera21@alumnos.tup.edu.ar,B1,Tarde,2026-02-21,Quiz_02,Quiz,2026-04-27,,,no entregó
A00236,Valentino Silva,17,F,valentino.silva236@alumnos.tup.edu.ar,C2,Noche,2026-03-05,TP_02,TP,2026-04-13,2026-04-22,5.3,tarde
A00542,Manuel Molina,23,F,manuel.molina542@alumnos.tup.edu.ar,B1,Tarde,2026-03-06,TP_01,TP,2026-03-16,11-03-2026,7.8,A TIEMPO
A00552,Thiago Garcia,26,Masculino,thiago.garcia552@alumnos.tup.edu.ar,A1,Mañana,2026-03-08,Quiz_01,Quiz,2026-03-30,07-04-2026,3.4,TARDE
A00669,Bautista Torres,22,M,bautista.torres669@alumnos.tup.edu.ar,C4,Noche,2026-02-14,Quiz_01,Quiz,2026-03-30,2026-04-02,8.1,TARDE
A00053,Renata Medina,17,F,renata.medina53@alumnos.tup.edu.ar,C4,Noche,2026-02-21,TP_02,TP,2026-04-13,,,No entrego
A00199,Nicolas Ortiz,18,F,nicolas.ortiz199@alumnos.tup.edu.ar,B2,Tarde,27/02/2026,Quiz_03,Quiz,2026-05-25,,,no entregó
A00511,bautista castro,22,femenino,bautista.castro511@alumnos.tup.edu.ar,B1,Tarde,2026-03-07,Quiz_03,Quiz,2026-05-25,23-05-2026,8.4,A tiempo
A00477,Nicolas Alvarez,18,F,nicolas.alvarez477@alumnos.tup.edu.ar,A1,Mañana,2026-02-16,TP_01,TP,2026-03-16,2026-03-14,3.5,A TIEMPO
A00509,Catalina Diaz,17,F,catalina.diaz509@alumnos.tup.edu.ar,A3,Mañana,2026-02-19,Parcial_01,Parcial,2026-06-22,2026-06-21,"6,6",A TIEMPO
A00001,Catalina Ortiz,25,M,catalina.ortiz1@alumnos.tup.edu.ar,C1,NOCHE,2026-02-27,Parcial_01,Parcial,2026-06-22,2026-06-22,6.7,A tiempo
A00192,Emma Sanchez,17,F,emma.sanchez192@alumnos.tup.edu.ar,C1,Noche,2026-03-11,TP_04,TP,2026-06-08,,,no entregó
A00636,Bruno Romero,27,Masculino,bruno.romero636@alumnos.tup.edu.ar,B2,Tarde,17-02-2026,Quiz_02,Quiz,2026-04-27,2026-04-22,8.6,A tiempo
A00108,Bruno Lopez,23,F,bruno.lopez108@alumnos.tup.edu.ar,A2,Mañana,2026-02-27,TP_04,TP,08-06-2026,2026-06-04,9.8,A TIEMPO
A00592,valentino rodriguez,19,M,valentino.rodriguez592@alumnos.tup.edu.ar,B2,Tarde,2026-03-07,Quiz_02,Quiz,2026-04-27,25/04/2026,8.5,a tiempo
A00354,Felipe Garcia,19,F,felipe.garcia354@alumnos.tup.edu.ar,B2,Tarde,2026-03-04,Quiz_03,Quiz,2026-05-25,,,NO ENTREGO
A00595,Nicolas Perez,22,Femenino,nicolas.perez595@alumnos.tup.edu.ar,C4,NOCHE,28-02-2026,TP_02,TP,2026-04-13,08-04-2026,6.8,a tiempo
A00675,Lucia Herrera,31,M,lucia.herrera675@alumnos.tup.edu.ar,C1,Noche,2026-03-10,TP_01,TP,2026-03-16,2026-03-13,4.6,A tiempo
A00375,Pilar Perez,25,M,pilar.perez375@alumnos.tup.edu.ar,A2,Mañana,2026-02-28,TP_03,TP,11/05/2026,2026-05-08,8.1,a tiempo
A00036,Nicolas Vega,17,M,nicolas.vega36@alumnos.tup.edu.ar,C2,Noche,2026-03-11,TP_04,TP,08/06/2026,2026-06-03,"8,9",a tiempo
A00398,Antonella Castro,31,F,antonella.castro398@alumnos.tup.edu.ar,B1,Tarde,2026-02-28,Quiz_02,Quiz,2026-04-27,,,
A00150,Florencia Sosa,17,F,florencia.sosa150@alumnos.tup.edu.ar,A2,Mañana,2026-03-03,TP_03,TP,2026-05-11,,,
A00700,Valentina Benitez,23,Femenino,valentina.benitez700@alumnos.tup.edu.ar,A1,Mañana,10-03-2026,TP_02,TP,2026-04-13,2026-04-10,"6,6",A tiempo
A00406,Diego Fernandez,17,M,diego.fernandez406@alumnos.tup.edu.ar,C3,Noche,2026-03-01,TP_01,TP,16-03-2026,,,No entrego
A00002,Mora Nuñez,24,F,mora.nuñez2@alumnos.tup.edu.ar,B2,Tarde,2026-02-25,Quiz_01,Quiz,30-03-2026,,,NO ENTREGO
A00659,Florencia Rodriguez,25,F,florencia.rodriguez659@alumnos.tup.edu.ar, b1 ,Tarde,2026-03-10,TP_01,TP,2026-03-16,12/03/2026,2.4,A TIEMPO
A00312,Mia Garcia,29,M,mia.garcia312@alumnos.tup.edu.ar,B1,Tarde,2026-03-05,TP_04,TP,08/06/2026,2026-06-06,6.7,a tiempo
A00296,Bautista Flores,17,Femenino,bautista.flores296@alumnos.tup.edu.ar,B2,TARDE,2026-03-08,TP_03,TP,11/05/2026,2026-05-09,4.7,a tiempo
A00612,Mia Rojas,28,M,mia.rojas612@alumnos.tup.edu.ar,B1,Tarde,2026-02-21,TP_01,TP,2026-03-16,15-03-2026,6.9,A tiempo
A00247,  Joaquin Benitez ,25,M,joaquin.benitez247@alumnos.tup.edu.ar,A1,Mañana,2026-03-10,TP_01,TP,2026-03-16,15-03-2026,7.5,A tiempo
A00314,Bautista Sosa,20,F,bautista.sosa314@alumnos.tup.edu.ar,B1,Tarde,03/03/2026,TP_02,TP,13-04-2026,2026-04-13,7.6,A tiempo
A00627,Isabella Flores,21,Masculino,isabella.flores627@alumnos.tup.edu.ar,C4,Noche,2026-02-20,TP_02,TP,13-04-2026,2026-04-12,5.0,A TIEMPO
A00397,camila benitez,17,F,camila.benitez397@alumnos.tup.edu.ar,C3,Noche,03/03/2026,TP_02,TP,2026-04-13,2026-04-18,"2,1",TARDE
A00045,Olivia Romero,18,X,olivia.romero45@alumnos.tup.edu.ar, a1 ,Mañana,2026-03-07,Parcial_01,Parcial,2026-06-22,2026-06-18,7.7,A tiempo
A00538,Felipe Flores,20,F,felipe.flores538@alumnos.tup.edu.ar,C1,Noche,2026-03-01,Quiz_03,Quiz,2026-05-25,20/05/2026,"7,4",a tiempo
A00536,Guadalupe Nuñez,17,Masculino,guadalupe.nuñez536@alumnos.tup.edu.ar,A1,Mañana,2026-02-24,TP_01,TP,2026-03-16,,,No entrego
A00647,Tomas Herrera,22,Masculino,tomas.herrera647@alumnos.tup.edu.ar,B1,Tarde,2026-02-17,Quiz_03,Quiz,2026-05-25,2026-05-23,5.9,A TIEMPO
A00331,Felipe Rojas,17,Femenino,felipe.rojas331@alumnos.tup.edu.ar,C3,Noche,2026-02-23,TP_04,TP,2026-06-08,,,no entregó
A00562,BRUNO FERNANDEZ,21,F,bruno.fernandez562@alumnos.tup.edu.ar,B2,Tarde,2026-02-22,TP_03,TP,2026-05-11,2026-05-10,7.6,a tiempo
A00514,Manuel Romero,18,F,manuel.romero514@alumnos.tup.edu.ar,C4,Noche,2026-02-24,TP_02,TP,2026-04-13,,,No entrego
A00679,Thiago Luna,20,M,thiago.luna679@alumnos.tup.edu.ar,B1,Tarde,2026-03-10,TP_04,TP,2026-06-08,2026-06-07,6.9,A tiempo
A00364,Valentino Medina,22,M,valentino.medina364@alumnos.tup.edu.ar,B2,Tarde,2026-02-28,Parcial_01,Parcial,2026-06-22,2026-06-20,"4,3",a tiempo
A00559,Felipe Flores,28,F,felipe.flores559@alumnos.tup.edu.ar,C4,Noche,2026-03-01,Quiz_02,Quiz,2026-04-27,2026-04-26,"7,6",A tiempo
A00367,Antonella Vega,26,Masculino,antonella.vega367@alumnos.tup.edu.ar,C2,NOCHE,2026-02-18,TP_02,TP,13-04-2026,2026-04-13,7.8,A tiempo
A00563,Victoria Flores,22,F,victoria.flores563@alumnos.tup.edu.ar,B2,Tarde,2026-02-24,Quiz_01,Quiz,2026-03-30,2026-03-30,8.2,a tiempo
A00410,Victoria Molina,17,M,victoria.molina410@alumnos.tup.edu.ar,A3,Mañana,2026-02-23,Parcial_01,Parcial,2026-06-22,19/06/2026,8.0,A tiempo
A00462,Gabriel Gonzalez,26,M,gabriel.gonzalez462@alumnos.tup.edu.ar,B1,Tarde,01/03/2026,TP_04,TP,08/06/2026,,,No entrego
A00260,bruno flores,25,F,bruno.flores260@alumnos.tup.edu.ar,A2,Mañana,2026-03-08,TP_03,TP,2026-05-11,,,No entrego
A00186,Florencia Benitez,28,F,florencia.benitez186@alumnos.tup.edu.ar, a1 ,Mañana,06-03-2026,TP_02,TP,2026-04-13,2026-04-12,6.6,a tiempo
A00333,Ignacio Sosa,17,F,ignacio.sosa333@alumnos.tup.edu.ar,A3,Mañana,01/03/2026,TP_02,TP,2026-04-13,,,
A00218,Manuel Lopez,27,F,manuel.lopez218@alumnos.tup.edu.ar,B2,Tarde,19/02/2026,TP_03,TP,11/05/2026,2026-05-10,6.5,A TIEMPO
A00173,Florencia Suarez,17,femenino,florencia.suarez173@alumnos.tup.edu.ar,B2,Tarde,2026-03-04,TP_03,TP,2026-05-11,2026-05-06,6.2,A tiempo
A00277,Federico Cabrera,25,M,federico.cabrera277@alumnos.tup.edu.ar,C3,Noche,2026-03-01,TP_03,TP,2026-05-11,,,No entrego
A00009,Catalina Herrera,20,Femenino,catalina.herrera9@alumnos.tup.edu.ar,A3,Mañana,2026-03-03,TP_04,TP,2026-06-08,2026-06-05,5.6,a tiempo
A00069,Bautista Acosta,27,M,bautista.acosta69@alumnos.tup.edu.ar,C3,Noche,2026-02-16,Quiz_03,Quiz,2026-05-25,,,No entrego
A00151,Guadalupe Vega,17,F,guadalupe.vega151@alumnos.tup.edu.ar,B1,Tarde,2026-03-11,Parcial_01,Parcial,2026-06-22,2026-06-18,5.5,a tiempo
A00134,santino romero,24,F,santino.romero134@alumnos.tup.edu.ar,A1,Mañana,2026-02-23,TP_03,TP,2026-05-11,,,NO ENTREGO
A00117,Julieta Fernandez,20,F,julieta.fernandez117@alumnos.tup.edu.ar,B2,Tarde,2026-03-01,Quiz_01,Quiz,2026-03-30,2026-03-25,6.8,A TIEMPO
A00645,Paula Herrera,25,F,paula.herrera645@alumnos.tup.edu.ar,B1,TARDE,2026-03-06,TP_02,TP,13-04-2026,11/04/2026,"8,9",A TIEMPO
A00275,Lucas Sanchez,20,F,lucas.sanchez275@alumnos.tup.edu.ar,B1,Tarde,20/02/2026,TP_03,TP,2026-05-11,11/05/2026,"7,4",a tiempo
A00217,Mora Ramirez,27,M,mora.ramirez217@alumnos.tup.edu.ar,C1,Noche,2026-02-20,TP_01,TP,2026-03-16,2026-03-16,5.5,a tiempo
A00557,florencia rojas,30,M,florencia.rojas557@alumnos.tup.edu.ar,B2,Tarde,19/02/2026,Quiz_02,Quiz,2026-04-27,2026-05-05,6.3,tarde
A00455,Gabriel Suarez,31,M,gabriel.suarez455@alumnos.tup.edu.ar,B1,Tarde,28/02/2026,TP_02,TP,13/04/2026,23-04-2026,7.7,tarde
A00346,Nicolas Flores,12,M,nicolas.flores346@alumnos.tup.edu.ar,A3,Mañana,05/03/2026,TP_03,TP,11-05-2026,06-05-2026,"8,1",A tiempo
A00484,Maximo Sosa,20,M,maximo.sosa484@alumnos.tup.edu.ar,A3,Mañana,2026-03-11,TP_02,TP,2026-04-13,10-04-2026,4.7,A TIEMPO
A00618,Mora Martinez,24,F,mora.martinez618@alumnos.tup.edu.ar,B2,Tarde,2026-02-25,TP_01,TP,2026-03-16,2026-03-16,"6,6",a tiempo
A00392,Tomas Rojas,17,F,tomas.rojas392@alumnos.tup.edu.ar,C3,Noche,27-02-2026,TP_03,TP,11/05/2026,,,no entregó
A00650,Pilar Garcia,17,M,pilar.garcia650@alumnos.tup.edu.ar, c3 ,Noche,18-02-2026,Quiz_01,Quiz,2026-03-30,2026-03-25,7.4,a tiempo
A00113,Manuel Flores,21,Masculino,manuel.flores113@alumnos.tup.edu.ar,B2,Tarde,04/03/2026,TP_03,TP,11/05/2026,2026-05-06,10.0,A TIEMPO
A00408,Benjamin Silva,25,M,,B2,Tarde,2026-03-10,TP_02,TP,2026-04-13,2026-04-08,7.6,a tiempo
A00081,Victoria Silva,23,F,victoria.silva81@alumnos.tup.edu.ar,C3,Noche,2026-03-02,Parcial_01,Parcial,2026-06-22,2026-06-19,8.8,A tiempo
A00218,Manuel Lopez,27,F,manuel.lopez218@alumnos.tup.edu.ar,B2,Tarde,2026-02-19,Quiz_01,Quiz,2026-03-30,2026-03-30,8.5,A tiempo
A00340,Olivia Alvarez,17,M,olivia.alvarez340@alumnos.tup.edu.ar,B1,Tarde,2026-03-07,TP_01,TP,2026-03-16,2026-03-14,7.4,A tiempo
A00037,Federico Molina,17,M,federico.molina37@alumnos.tup.edu.ar,B2,Tarde,2026-02-22,Quiz_02,Quiz,2026-04-27,2026-04-22,6.4,A tiempo
A00108,Bruno Lopez,23,F,bruno.lopez108@alumnos.tup.edu.ar,A2,Mañana,2026-02-27,Parcial_01,Parcial,2026-06-22,,,NO ENTREGO
A00128,Nicolas Cabrera,25,M,nicolas.cabrera128@alumnos.tup.edu.ar,C2,Noche,2026-02-21,Parcial_01,Parcial,2026-06-22,,,NO ENTREGO
A00162,Mateo Benitez,17,F,mateo.benitez162@alumnos.tup.edu.ar,C2,Noche,2026-02-17,Quiz_03,Quiz,25-05-2026,,,
A00326,Sofia Sosa,17,M,sofia.sosa326@alumnos.tup.edu.ar,C2,Noche,01-03-2026,TP_03,TP,2026-05-11,2026-05-06,5.7,a tiempo
A00357,nicolas romero,21,M,nicolas.romero357@alumnos.tup.edu.ar,B2,Tarde,2026-03-06,Parcial_01,Parcial,22/06/2026,,,
A00419,JULIETA MARTINEZ,25,F,julieta.martinez419@alumnos.tup.edu.ar,C4,Noche,07-03-2026,TP_01,TP,2026-03-16,2026-03-16,"3,3",A TIEMPO
A00057,Martina Diaz,22,Masculino,martina.diaz57@alumnos.tup.edu.ar,A1,Mañana,04-03-2026,Quiz_03,Quiz,2026-05-25,24/05/2026,9.3,A tiempo
A00137,Gabriel Lopez,17,Femenino,gabriel.lopez137@alumnos.tup.edu.ar,A2,Mañana,2026-03-09,Quiz_02,Quiz,27-04-2026,27-04-2026,5.8,A TIEMPO
A00098,Maximo Castro,25,F,maximo.castro98@alumnos.tup.edu.ar,A3,Mañana,16/02/2026,Parcial_01,Parcial,2026-06-22,,,
A00402,Mora Acosta,20,M,mora.acosta402@alumnos.tup.edu.ar,C1,Noche,04/03/2026,Quiz_02,Quiz,2026-04-27,2026-04-25,"6,1",A TIEMPO
A00697,Benjamin Acosta,26,F,benjamin.acosta697@alumnos.tup.edu.ar,A3,Mañana,24/02/2026,Quiz_03,Quiz,2026-05-25,2026-06-01,6.0,Tarde
A00430,Felipe Sanchez,25,femenino,felipe.sanchez430@alumnos.tup.edu.ar,C4,Noche,2026-02-26,TP_02,TP,13-04-2026,12-04-2026,4.6,A TIEMPO
A00452,Guadalupe Flores,29,M,guadalupe.flores452@alumnos.tup.edu.ar,A3,Mañana,2026-02-28,Quiz_03,Quiz,2026-05-25,2026-05-30,5.0,TARDE
A00304,Agustin Sanchez,25,F,agustin.sanchez304@alumnos.tup.edu.ar,C3,Noche,2026-02-14,TP_01,TP,16-03-2026,2026-03-15,7.2,a tiempo
A00201,Olivia Suarez,21,M,olivia.suarez201@alumnos.tup.edu.ar,B2,Tarde,2026-02-15,Parcial_01,Parcial,2026-06-22,28/06/2026,8.4,Tarde
A00436,Lucas Silva,31,M,lucas.silva436@alumnos.tup.edu.ar,B1,TARDE,2026-02-17,TP_02,TP,2026-04-13,,,
A00526,Valentina Suarez,17,femenino,valentina.suarez526@@alumnos.tup.edu.ar,B1,Tarde,2026-02-16,Quiz_02,Quiz,2026-04-27,2026-04-22,5.3,A TIEMPO
A00485,Lucas Torres,27,F,,A2,Mañana,2026-03-08,Quiz_01,Quiz,2026-03-30,2026-04-02,9.0,tarde
A00159,Catalina Alvarez,17,femenino,catalina.alvarez159@alumnos.tup.edu.ar,A3,Mañana,2026-02-18,Quiz_01,Quiz,2026-03-30,2026-03-30,"6,3",A TIEMPO
A00041,Thiago Ortiz,20,M,thiago.ortiz41@alumnos.tup.edu.ar,C2,Noche,2026-02-23,TP_03,TP,11/05/2026,2026-05-07,"6,7",A TIEMPO
A00389,Manuel Diaz,17,F,manuel.diaz389@alumnos.tup.edu.ar,A3,Mañana,2026-03-04,TP_03,TP,2026-05-11,2026-05-11,"8,2",A TIEMPO
A00123,Maximo Vega,25,M,maximo.vega123@alumnos.tup.edu.ar,B2,Tarde,2026-02-23,TP_02,TP,2026-04-13,2026-04-13,3.0,A tiempo
A00248,Benjamin Garcia,18,F,benjamin.garcia248@alumnos.tup.edu.ar,A1,Mañana,06/03/2026,TP_04,TP,2026-06-08,2026-06-08,8.5,A tiempo
A00512,Bautista Ortiz,24,M,bautista.ortiz512@alumnos.tup.edu.ar,B2,Tarde,20-02-2026,Quiz_01,Quiz,30/03/2026,28-03-2026,8.6,A tiempo
A00543,Pilar Suarez,25,femenino,pilar.suarez543@alumnos.tup.edu.ar,B2,Tarde,2026-02-28,TP_03,TP,2026-05-11,,,No entrego
A00342,Valentina Fernandez,17,M,valentina.fernandez342@alumnos.tup.edu.ar,B2,Tarde,2026-03-08,Quiz_01,Quiz,30/03/2026,2026-03-28,5.1,a tiempo
A00344,Renata Ramirez,27,Femenino,renata.ramirez344@alumnos.tup.edu.ar,C2,Noche,27/02/2026,Parcial_01,Parcial,22/06/2026,2026-06-19,5.6,A TIEMPO
A00150,Florencia Sosa,17,F,florencia.sosa150@alumnos.tup.edu.ar,A2,Mañana,2026-03-03,Quiz_02,Quiz,27/04/2026,2026-04-27,6.6,A tiempo
A00453,Catalina Nuñez,24,Femenino,catalina.nuñez453@alumnos.tup.edu.ar,C1,Noche,01-03-2026,Quiz_01,Quiz,2026-03-30,2026-03-30,5.7,A tiempo
A00541,Agustin Cabrera,17,Femenino,agustin.cabrera541@alumnos.tup.edu.ar,B1,Tarde,2026-02-25,TP_04,TP,2026-06-08,,,No entrego
A00379,Valentina Flores,27,Masculino,valentina.flores379@alumnos.tup.edu.ar,C1,Noche,2026-02-14,TP_01,TP,2026-03-16,2026-03-18,6.0,tarde
A00142,Pilar Medina,19,M,pilar.medina142@alumnos.tup.edu.ar,A1,Mañana,2026-02-22,TP_03,TP,2026-05-11,,,
A00127,Mora Rodriguez,21,M,mora.rodriguez127@alumnos.tup.edu.ar,A1,Mañana,2026-02-25,Quiz_02,Quiz,2026-04-27,,,no entregó
A00344,Renata Ramirez,27,Femenino,renata.ramirez344@alumnos.tup.edu.ar,C2,Noche,2026-02-27,TP_01,TP,16/03/2026,2026-03-16,4.9,A tiempo
A00680,Emma Garcia,24,M,emma.garcia680@alumnos.tup.edu.ar,C4,Noche,2026-02-18,Quiz_02,Quiz,27-04-2026,2026-05-06,7.9,TARDE
A00193,VICTORIA SOSA,17,Femenino,victoria.sosa193@alumnos.tup.edu.ar,A1,MAÑANA,2026-03-11,Quiz_01,Quiz,2026-03-30,04/04/2026,6.3,TARDE
A00469,Diego Torres,17,femenino,diego.torres469@alumnos.tup.edu.ar,B2,TARDE,19/02/2026,Quiz_02,Quiz,2026-04-27,,,no entregó
A00516,Pilar Rojas,28,Femenino,pilar.rojas516@alumnos.tup.edu.ar,A1,Mañana,2026-02-24,Parcial_01,Parcial,22-06-2026,18/06/2026,8.2,a tiempo
A00645,Paula Herrera,25,F,paula.herrera645@alumnos.tup.edu.ar,B1,TARDE,2026-03-06,TP_04,TP,2026-06-08,2026-06-03,"8,3",A TIEMPO
A00421,Agustin Luna,22,Masculino,agustin.luna421@alumnos.tup.edu.ar,A2,Mañana,2026-03-08,TP_01,TP,2026-03-16,,,
A00036,Nicolas Vega,17,M,nicolas.vega36@alumnos.tup.edu.ar,C2,Noche,11/03/2026,Quiz_03,Quiz,2026-05-25,22-05-2026,6.6,A tiempo
A00541,Agustin Cabrera,17,Femenino,agustin.cabrera541@alumnos.tup.edu.ar,B1,Tarde,2026-02-25,TP_02,TP,2026-04-13,08/04/2026,5.5,A tiempo
A00577,Emma Medina,17,F,emma.medina577@alumnos.tup.edu.ar,A2,Mañana,2026-02-26,TP_02,TP,13-04-2026,10/04/2026,9.6,A TIEMPO
A00169,Florencia Ortiz,24,F,florencia.ortiz169@alumnos.tup.edu.ar, c1 ,Noche,2026-02-27,TP_02,TP,2026-04-13,17-04-2026,4.6,Tarde
A00509,Catalina Diaz,17,F,catalina.diaz509@alumnos.tup.edu.ar,A3,Mañana,2026-02-19,Quiz_01,Quiz,2026-03-30,2026-03-29,8.1,A TIEMPO
A00605,MANUEL ALVAREZ,17,M,manuel.alvarez605@alumnos.tup.edu.ar,B1,Tarde,2026-02-17,Parcial_01,Parcial,22/06/2026,,,no entregó
A00420,Valentina Vega,19,Masculino,valentina.vega420@alumnos.tup.edu.ar,C1,Noche,2026-02-21,Quiz_02,Quiz,27-04-2026,2026-04-24,5.1,A TIEMPO
A00527,Gabriel Ruiz,27,Femenino,gabriel.ruiz527@alumnos.tup.edu.ar,B1,Tarde,2026-02-19,TP_03,TP,2026-05-11,,,
A00619,Benjamin Martinez,27,F,benjamin.martinez619@alumnos.tup.edu.ar,B2,Tarde,19/02/2026,TP_03,TP,2026-05-11,2026-05-23,6.7,Tarde
A00043,Maximo Martinez,20,M,maximo.martinez43@alumnos.tup.edu.ar,A1,Mañana,2026-02-17,TP_03,TP,11-05-2026,2026-05-07,4.1,A tiempo
A00584,Gabriel Nuñez,19,M,gabriel.nuñez584@alumnos.tup.edu.ar,A2,Mañana,2026-03-04,Parcial_01,Parcial,2026-06-22,19/06/2026,"5,2",A tiempo
A00260,bruno flores,25,F,bruno.flores260@alumnos.tup.edu.ar,A2,Mañana,2026-03-08,TP_01,TP,16/03/2026,2026-03-14,7.2,A tiempo
A00552,Thiago Garcia,26,Masculino,thiago.garcia552@alumnos.tup.edu.ar,A1,Mañana,2026-03-08,Quiz_02,Quiz,27/04/2026,22-04-2026,5.0,A tiempo
A00476,Lucas Ruiz,23,F,lucas.ruiz476@alumnos.tup.edu.ar,B1,Tarde,2026-03-07,TP_04,TP,08/06/2026,04-06-2026,6.7,A TIEMPO
A00212,Diego Sanchez,27,F,diego.sanchez212@alumnos.tup.edu.ar,C3,Noche,2026-03-05,TP_04,TP,2026-06-08,2026-06-04,7.3,A TIEMPO
A00230,Paula Ruiz,17,M,,C4,Noche,2026-02-19,Parcial_01,Parcial,2026-06-22,2026-06-22,7.8,a tiempo
A00655,Emma Fernandez,20,M,emma.fernandez655@alumnos.tup.edu.ar,C2,Noche,2026-02-16,Quiz_03,Quiz,2026-05-25,,,No entrego
A00149,Tomas Garcia,30,F,tomas.garcia149@alumnos.tup.edu.ar,B2,Tarde,24/02/2026,TP_01,TP,2026-03-16,16/03/2026,6.9,A tiempo
A00156,Isabella Martinez,22,M,isabella.martinez156@alumnos.tup.edu.ar,B1,Tarde,2026-02-20,TP_02,TP,2026-04-13,11/04/2026,"7,0",A tiempo
A00046,Ignacio Molina,19,F,ignacio.molina46@alumnos.tup.edu.ar,A3,Mañana,2026-03-04,Parcial_01,Parcial,2026-06-22,,,No entrego
A00652,Tomas Nuñez,23,M,tomas.nuñez652@alumnos.tup.edu.ar,C4,Noche,2026-03-02,TP_03,TP,2026-05-11,2026-05-10,10.0,A tiempo
A00624,Florencia Castro,24,Masculino,florencia.castro624@alumnos.tup.edu.ar,A2,Mañana,08/03/2026,Quiz_01,Quiz,2026-03-30,,,
A00135,Lucas Aguirre,19,F,lucas.aguirre135@alumnos.tup.edu.ar,B1,Tarde,2026-02-23,Quiz_03,Quiz,2026-05-25,2026-05-22,6.0,A tiempo
A00135,Lucas Aguirre,19,F,lucas.aguirre135@alumnos.tup.edu.ar,B1,Tarde,2026-02-23,Parcial_01,Parcial,2026-06-22,2026-06-19,"6,1",A tiempo
A00057,Martina Diaz,22,Masculino,martina.diaz57@alumnos.tup.edu.ar,A1,Mañana,04/03/2026,Quiz_01,Quiz,30/03/2026,2026-03-25,8.6,A TIEMPO
A00328,Bruno Lopez,22,F,bruno.lopez328@alumnos.tup.edu.ar,B2,Tarde,2026-03-08,TP_03,TP,2026-05-11,13/05/2026,"4,9",tarde
A00106,Paula Diaz,28,M,paula.diaz106@alumnos.tup.edu.ar,A1,Mañana,2026-03-06,TP_02,TP,2026-04-13,2026-04-17,"9,5",TARDE
A00642,Pilar Vega,26,Femenino,pilar.vega642@alumnos.tup.edu.ar,C3,Noche,2026-02-22,TP_03,TP,2026-05-11,2026-05-10,7.8,A TIEMPO
A00199,Nicolas Ortiz,18,F,nicolas.ortiz199@alumnos.tup.edu.ar,B2,Tarde,2026-02-27,TP_03,TP,2026-05-11,2026-05-14,3.7,TARDE
A00394,Valentino Suarez,18,femenino,valentino.suarez394@alumnos.tup.edu.ar, c2 ,Noche,2026-03-01,TP_01,TP,16/03/2026,2026-03-17,4.4,TARDE
A00187,valentina medina,29,F,valentina.medina187@alumnos.tup.edu.ar,A1,Mañana,2026-02-19,Quiz_02,Quiz,2026-04-27,,,
A00233,Lucia Luna,19,F,lucia.luna233@alumnos.tup.edu.ar,C4,Noche,11-03-2026,Quiz_03,Quiz,2026-05-25,2026-06-06,7.9,Tarde
A00120,Mateo Ruiz,25,F,mateo.ruiz120@alumnos.tup.edu.ar,B2,Tarde,2026-03-05,Quiz_03,Quiz,2026-05-25,25/05/2026,8.9,a tiempo
A00270,Felipe Rodriguez,23,F,felipe.rodriguez270@alumnos.tup.edu.ar,B1,Tarde,2026-03-02,TP_01,TP,2026-03-16,16/03/2026,4.3,a tiempo
A00338,  Tomas Ortiz ,17,M,tomas.ortiz338@alumnos.tup.edu.ar, b1 ,Tarde,2026-02-15,Quiz_03,Quiz,2026-05-25,23/05/2026,8.7,A TIEMPO
A00189,Felipe Ruiz,23,M,,B1,Tarde,2026-02-26,TP_04,TP,2026-06-08,,,
A00401,Diego Medina,26,M,diego.medina401@alumnos.tup.edu.ar,A1,Mañana,04/03/2026,Quiz_02,Quiz,2026-04-27,2026-04-23,8.9,a tiempo
A00058,DELFINA RAMIREZ,19,F,delfina.ramirez58@alumnos.tup.edu.ar,B2,Tarde,27/02/2026,TP_01,TP,2026-03-16,2026-03-16,6.3,A TIEMPO
A00278,Mateo Alvarez,12,M,mateo.alvarez278@alumnos.tup.edu.ar,A3,Mañana,22-02-2026,TP_03,TP,2026-05-11,2026-05-07,8.8,A tiempo
A00216,Bautista Lopez,23,F,bautista.lopez216@alumnos.tup.edu.ar,A3,Mañana,2026-02-24,TP_02,TP,2026-04-13,2026-04-11,5.4,A tiempo
A00502,Manuel Torres,17,Masculino,manuel.torres502@alumnos.tup.edu.ar,A2,Mañana,2026-03-03,TP_01,TP,2026-03-16,2026-03-18,7.6,tarde
A00160,Maximo Rodriguez,17,M,maximo.rodriguez160@alumnos.tup.edu.ar,A2,Mañana,2026-03-01,TP_04,TP,2026-06-08,2026-06-08,7.3,A TIEMPO
A00460,  Lautaro Fernandez ,95,femenino,lautaro.fernandez460@alumnos.tup.edu.ar,C1,Noche,04-03-2026,Quiz_03,Quiz,2026-05-25,2026-05-23,6.9,a tiempo
A00127,Mora Rodriguez,21,M,mora.rodriguez127@alumnos.tup.edu.ar,A1,Mañana,2026-02-25,TP_04,TP,2026-06-08,,,
A00278,Mateo Alvarez,12,M,mateo.alvarez278@alumnos.tup.edu.ar,A3,Mañana,22-02-2026,Quiz_02,Quiz,2026-04-27,2026-04-24,5.5,A tiempo
A00534,Federico Sanchez,29,Masculino,federico.sanchez534@alumnos.tup.edu.ar,A1,Mañana,2026-02-21,Quiz_01,Quiz,30-03-2026,28/03/2026,4.1,a tiempo
A00393,Delfina Silva,24,M,delfina.silva393@@alumnos.tup.edu.ar,B2,Tarde,22/02/2026,TP_04,TP,2026-06-08,2026-06-07,5.7,a tiempo
A00341,Nicolas Gonzalez,25,M,nicolas.gonzalez341@alumnos.tup.edu.ar,C4,Noche,2026-02-28,Quiz_01,Quiz,30/03/2026,2026-04-06,4.1,tarde
A00559,Felipe Flores,28,F,felipe.flores559@alumnos.tup.edu.ar,C4,Noche,2026-03-01,Quiz_01,Quiz,2026-03-30,28/03/2026,8.7,A TIEMPO
A00039,Emma Perez,23,M,emma.perez39@alumnos.tup.edu.ar,C3,Noche,2026-03-08,TP_02,TP,13/04/2026,2026-04-12,5.9,a tiempo
A00210,Camila Acosta,30,M,camila.acosta210@alumnos.tup.edu.ar,A2,Mañana,22/02/2026,Quiz_01,Quiz,2026-03-30,,,
A00336,  Renata Castro ,24,Masculino,renata.castro336@alumnos.tup.edu.ar,B1,Tarde,17/02/2026,TP_02,TP,2026-04-13,2026-04-12,8.8,A TIEMPO
A00234,Antonella Castro,22,Masculino,antonella.castro234@alumnos.tup.edu.ar,C4,Noche,11/03/2026,Parcial_01,Parcial,22/06/2026,2026-06-21,"7,6",A tiempo
A00050,Lucas Ramirez,17,Masculino,lucas.ramirez50@alumnos.tup.edu.ar,B2,Tarde,2026-02-17,Quiz_03,Quiz,2026-05-25,25/05/2026,9.5,A tiempo
A00281,Victoria Romero,17,F,victoria.romero281@alumnos.tup.edu.ar,C2,Noche,11/03/2026,Quiz_02,Quiz,2026-04-27,2026-04-27,6.3,A TIEMPO
A00474,Lautaro Rodriguez,26,femenino,lautaro.rodriguez474@alumnos.tup.edu.ar,A2,Mañana,2026-03-02,TP_03,TP,2026-05-11,,,NO ENTREGO
A00584,Gabriel Nuñez,19,M,gabriel.nuñez584@alumnos.tup.edu.ar,A2,Mañana,04/03/2026,Quiz_03,Quiz,2026-05-25,,,
A00409,Pilar Torres,23,M,pilar.torres409@alumnos.tup.edu.ar,A1,Mañana,2026-03-10,TP_01,TP,16/03/2026,2026-03-16,8.9,A TIEMPO
A00622,Gabriel Fernandez,17,M,, a3 ,MAÑANA,2026-02-28,Quiz_03,Quiz,25/05/2026,2026-05-25,7.2,a tiempo
A00552,Thiago Garcia,26,Masculino,thiago.garcia552@alumnos.tup.edu.ar,A1,Mañana,2026-03-08,TP_02,TP,13/04/2026,2026-04-12,6.4,A TIEMPO
A00158,Nicolas Torres,26,M,nicolas.torres158@alumnos.tup.edu.ar,C2,Noche,2026-02-17,TP_03,TP,2026-05-11,06/05/2026,8.4,A tiempo
A00470,Valentina Sosa,21,F,valentina.sosa470@alumnos.tup.edu.ar, b1 ,Tarde,26/02/2026,Quiz_01,Quiz,30/03/2026,28/03/2026,2.8,a tiempo
A00682,Gabriel Ortiz,17,Masculino,gabriel.ortiz682@alumnos.tup.edu.ar,A3,Mañana,04/03/2026,Quiz_03,Quiz,25-05-2026,,,no entregó
A00602,Renata Perez,23,M,renata.perez602@alumnos.tup.edu.ar,C2,Noche,2026-03-05,Quiz_03,Quiz,2026-05-25,2026-05-22,7.6,a tiempo
A00232,Catalina Ortiz,18,M,catalina.ortiz232@alumnos.tup.edu.ar,C1,Noche,2026-03-06,TP_03,TP,2026-05-11,2026-05-08,4.9,A TIEMPO
A00287,Federico Medina,20,Femenino,federico.medina287@alumnos.tup.edu.ar,C4,Noche,22/02/2026,TP_03,TP,11/05/2026,2026-05-07,8.0,A tiempo
A00182,Lucia Silva,19,F,lucia.silva182@alumnos.tup.edu.ar,A1,Mañana,2026-02-16,TP_04,TP,2026-06-08,2026-06-15,8.8,tarde
A00089,Maximo Silva,21,M,maximo.silva89@alumnos.tup.edu.ar,A1,Mañana,2026-02-17,TP_02,TP,2026-04-13,2026-04-11,7.5,A TIEMPO
A00195,Joaquin Nuñez,23,F,joaquin.nuñez195@alumnos.tup.edu.ar,C3,Noche,2026-03-04,Quiz_02,Quiz,2026-04-27,09-05-2026,"6,5",Tarde
A00597,Manuel Rodriguez,18,M,manuel.rodriguez597@alumnos.tup.edu.ar,C2,Noche,2026-03-07,Quiz_02,Quiz,2026-04-27,2026-04-23,7.8,A tiempo
A00072,Bautista Nuñez,25,Masculino,bautista.nuñez72@alumnos.tup.edu.ar,C3,Noche,2026-02-15,Quiz_03,Quiz,25/05/2026,,,No entrego
A00430,Felipe Sanchez,25,femenino,felipe.sanchez430@alumnos.tup.edu.ar,C4,Noche,2026-02-26,TP_04,TP,2026-06-08,2026-06-06,6.5,A tiempo
A00564,Diego Ruiz,19,F,diego.ruiz564@alumnos.tup.edu.ar,B1,Tarde,08-03-2026,TP_02,TP,2026-04-13,2026-04-10,"5,6",A tiempo
A00112,Lucia Acosta,32,F,lucia.acosta112@alumnos.tup.edu.ar,B2,Tarde,03/03/2026,TP_03,TP,2026-05-11,2026-05-15,"7,3",TARDE
A00257,LAUTARO TORRES,23,M,lautaro.torres257@alumnos.tup.edu.ar,A3,Mañana,2026-03-09,TP_02,TP,2026-04-13,2026-04-12,6.9,a tiempo
A00087,Bautista Silva,19,M,bautista.silva87@alumnos.tup.edu.ar,C3,Noche,2026-03-09,TP_03,TP,2026-05-11,09/05/2026,6.5,a tiempo
A00325,Catalina Suarez,23,M,catalina.suarez325@alumnos.tup.edu.ar,C2,Noche,2026-02-19,TP_02,TP,2026-04-13,2026-04-12,6.3,A tiempo
A00174,Federico Silva,18,Masculino,federico.silva174@alumnos.tup.edu.ar, c1 ,Noche,2026-03-08,TP_01,TP,2026-03-16,2026-03-12,"7,6",a tiempo
A00225,  Valentino Sanchez ,20,M,valentino.sanchez225@alumnos.tup.edu.ar,C1,Noche,2026-02-22,Quiz_03,Quiz,25/05/2026,,,No entrego
A00499,Bruno Vega,21,M,bruno.vega499@alumnos.tup.edu.ar,B1,Tarde,28-02-2026,TP_01,TP,16/03/2026,2026-03-15,7.1,A tiempo
A00323,Sofia Sosa,28,M,sofia.sosa323@alumnos.tup.edu.ar,B2,Tarde,2026-03-02,Quiz_02,Quiz,2026-04-27,2026-04-23,8.1,a tiempo
A00480,Ignacio Herrera,17,M,ignacio.herrera480@alumnos.tup.edu.ar,C1,Noche,2026-03-01,Parcial_01,Parcial,2026-06-22,21/06/2026,7.4,a tiempo
A00407,Mia Fernandez,28,M,mia.fernandez407@alumnos.tup.edu.ar,A1,Mañana,2026-03-05,TP_02,TP,2026-04-13,,,NO ENTREGO
A00290,Julieta Suarez,18,M,julieta.suarez290@alumnos.tup.edu.ar,A1,Mañana,2026-02-24,Quiz_02,Quiz,27-04-2026,2026-04-27,8.3,A TIEMPO
A00690,Olivia Rodriguez,20,F,olivia.rodriguez690@alumnos.tup.edu.ar,C2,Noche,2026-02-23,Quiz_02,Quiz,27-04-2026,2026-05-07,3.3,TARDE
A00292,Mateo Gonzalez,26,F,mateo.gonzalez292@@alumnos.tup.edu.ar,B1,Tarde,10/03/2026,TP_03,TP,2026-05-11,,,No entrego
A00066,Bruno Torres,29,F,bruno.torres66@alumnos.tup.edu.ar,B1,Tarde,2026-02-18,Quiz_01,Quiz,2026-03-30,2026-03-30,4.9,a tiempo
A00096,Renata Torres,25,M,renata.torres96@alumnos.tup.edu.ar,C2,Noche,27-02-2026,Quiz_02,Quiz,2026-04-27,,,no entregó
A00172,Agustin Sanchez,23,M,agustin.sanchez172@alumnos.tup.edu.ar,C3,Noche,2026-03-02,Quiz_01,Quiz,2026-03-30,08/04/2026,7.4,TARDE
A00306,Ignacio Gonzalez,19,Masculino,ignacio.gonzalez306@alumnos.tup.edu.ar,A3,Mañana,17-02-2026,TP_03,TP,2026-05-11,,,
A00235,Lucia Silva,17,M,lucia.silva235@alumnos.tup.edu.ar,C1,Noche,2026-02-27,TP_03,TP,11/05/2026,,,
A00599,Federico Fernandez,17,X,federico.fernandez599@alumnos.tup.edu.ar,B2,Tarde,2026-02-15,TP_01,TP,16/03/2026,16-03-2026,8.6,A TIEMPO
A00537,Manuel Sosa,24,M,manuel.sosa537@@alumnos.tup.edu.ar,B2,Tarde,2026-02-28,Quiz_02,Quiz,2026-04-27,,,NO ENTREGO
A00498,Lucia Sosa,17,X,lucia.sosa498@alumnos.tup.edu.ar,A3,Mañana,2026-03-10,TP_03,TP,2026-05-11,2026-05-22,5.9,TARDE
A00266,Ignacio Silva,17,F,ignacio.silva266@alumnos.tup.edu.ar,C4,NOCHE,2026-02-26,TP_04,TP,2026-06-08,2026-06-09,5.5,TARDE
A00630,Isabella Herrera,24,M,isabella.herrera630@alumnos.tup.edu.ar,C4,Noche,2026-02-27,Quiz_02,Quiz,2026-04-27,2026-04-26,7.3,a tiempo
A00660,Sofia Flores,31,Femenino,sofia.flores660@alumnos.tup.edu.ar,C1,Noche,2026-03-01,TP_03,TP,11/05/2026,,,NO ENTREGO
A00179,Lucas Rodriguez,20,Masculino,lucas.rodriguez179@alumnos.tup.edu.ar,A3,Mañana,2026-03-04,Quiz_01,Quiz,2026-03-30,,,No entrego
A00586,Felipe Lopez,22,F,felipe.lopez586@alumnos.tup.edu.ar,B1,Tarde,2026-03-09,Parcial_01,Parcial,2026-06-22,2026-06-19,7.7,A TIEMPO
A00374,Mora Ruiz,20,F,mora.ruiz374@alumnos.tup.edu.ar,A2,Mañana,2026-03-04,TP_01,TP,2026-03-16,2026-03-16,5.9,A tiempo
A00397,camila benitez,17,F,camila.benitez397@alumnos.tup.edu.ar,C3,Noche,2026-03-03,TP_01,TP,2026-03-16,,,no entregó
A00035,Valentino Medina,20,F,valentino.medina35@alumnos.tup.edu.ar,B1,Tarde,2026-03-04,TP_02,TP,2026-04-13,,,
A00015,Guadalupe Lopez,17,F,guadalupe.lopez15@alumnos.tup.edu.ar,C1,Noche,2026-02-19,TP_02,TP,2026-04-13,13/04/2026,8.8,A tiempo
A00566,Paula Gonzalez,19,M,paula.gonzalez566@alumnos.tup.edu.ar,C2,Noche,2026-02-25,Parcial_01,Parcial,2026-06-22,,,NO ENTREGO
A00211,Valentina Garcia,21,Femenino,valentina.garcia211@@alumnos.tup.edu.ar,A1,Mañana,18/02/2026,Quiz_01,Quiz,30/03/2026,2026-03-26,5.1,A tiempo
A00616,Martina Garcia,35,F,martina.garcia616@alumnos.tup.edu.ar,B1,TARDE,2026-02-22,Quiz_03,Quiz,2026-05-25,24-05-2026,7.1,a tiempo
A00271,  Paula Molina ,30,M,paula.molina271@alumnos.tup.edu.ar, a3 ,Mañana,2026-03-09,TP_02,TP,13/04/2026,08/04/2026,5.6,A TIEMPO
A00009,Catalina Herrera,20,Femenino,catalina.herrera9@alumnos.tup.edu.ar,A3,Mañana,03/03/2026,Quiz_01,Quiz,2026-03-30,2026-03-25,5.6,A TIEMPO
A00127,Mora Rodriguez,21,M,mora.rodriguez127@alumnos.tup.edu.ar,A1,Mañana,25-02-2026,Quiz_01,Quiz,2026-03-30,,,No entrego
A00579,Lucas Benitez,19,F,lucas.benitez579@alumnos.tup.edu.ar,A1,Mañana,06/03/2026,Quiz_03,Quiz,2026-05-25,25/05/2026,7.7,A tiempo
A00320,Camila Cabrera,19,Masculino,camila.cabrera320@alumnos.tup.edu.ar,A1,Mañana,20-02-2026,Parcial_01,Parcial,2026-06-22,,,NO ENTREGO
A00428,Joaquin Torres,34,M,joaquin.torres428@alumnos.tup.edu.ar,B1,Tarde,2026-03-07,TP_04,TP,2026-06-08,05/06/2026,5.8,A TIEMPO
A00169,Florencia Ortiz,24,F,florencia.ortiz169@alumnos.tup.edu.ar, c1 ,Noche,2026-02-27,Parcial_01,Parcial,2026-06-22,2026-06-21,"6,0",A TIEMPO
A00199,Nicolas Ortiz,18,F,nicolas.ortiz199@alumnos.tup.edu.ar,B2,Tarde,2026-02-27,TP_02,TP,2026-04-13,16/04/2026,4.5,Tarde
A00263,Joaquin Luna,21,M,joaquin.luna263@alumnos.tup.edu.ar,A3,Mañana,2026-02-17,TP_02,TP,13/04/2026,10/04/2026,7.5,A tiempo
A00093,Martina Medina,20,F,martina.medina93@alumnos.tup.edu.ar,C3,Noche,2026-03-02,TP_03,TP,2026-05-11,2026-05-08,5.8,A TIEMPO
A00259,Agustin Castro,18,Masculino,agustin.castro259@alumnos.tup.edu.ar,C3,Noche,2026-02-21,TP_04,TP,2026-06-08,06-06-2026,5.2,a tiempo
A00032,Federico Herrera,22,F,federico.herrera32@alumnos.tup.edu.ar,A2,Mañana,2026-03-05,TP_02,TP,2026-04-13,2026-04-09,5.9,A tiempo
A00665,Bruno Ramirez,20,Masculino,bruno.ramirez665@alumnos.tup.edu.ar,B1,Tarde,2026-02-22,Quiz_02,Quiz,2026-04-27,2026-04-27,8.4,A tiempo
A00681,Antonella Herrera,24,F,antonella.herrera681@alumnos.tup.edu.ar,A3,Mañana,25-02-2026,Quiz_02,Quiz,27/04/2026,,,no entregó
A00238,Olivia Castro,17,F,olivia.castro238@alumnos.tup.edu.ar,C2,Noche,04/03/2026,TP_03,TP,2026-05-11,,,NO ENTREGO
A00208,Thiago Sosa,23,Masculino,thiago.sosa208@alumnos.tup.edu.ar,B2,Tarde,2026-03-02,Parcial_01,Parcial,2026-06-22,,,
A00506,Renata Rojas,18,F,renata.rojas506@alumnos.tup.edu.ar,A3,Mañana,2026-02-15,Quiz_02,Quiz,2026-04-27,2026-04-23,6.9,a tiempo
A00474,Lautaro Rodriguez,26,femenino,lautaro.rodriguez474@alumnos.tup.edu.ar,A2,Mañana,2026-03-02,Quiz_03,Quiz,2026-05-25,,,No entrego
A00236,Valentino Silva,17,F,valentino.silva236@alumnos.tup.edu.ar,C2,Noche,05-03-2026,Quiz_02,Quiz,2026-04-27,,,
A00056,Victoria Rodriguez,18,M,victoria.rodriguez56@alumnos.tup.edu.ar,B1,Tarde,08/03/2026,TP_01,TP,2026-03-16,11/03/2026,"7,7",A TIEMPO
A00463,Maximo Ortiz,19,F,maximo.ortiz463@alumnos.tup.edu.ar,A2,Mañana,2026-03-03,TP_02,TP,2026-04-13,2026-04-09,7.7,A TIEMPO
A00614,Ignacio Gonzalez,17,M,ignacio.gonzalez614@alumnos.tup.edu.ar,A2,Mañana,2026-02-27,Quiz_01,Quiz,30/03/2026,2026-03-28,6.7,A TIEMPO
A00258,Bruno Sanchez,24,M,bruno.sanchez258@alumnos.tup.edu.ar,A1,Mañana,2026-02-15,Quiz_03,Quiz,25/05/2026,,,no entregó
A00591,Lucia Sanchez,17,F,lucia.sanchez591@alumnos.tup.edu.ar,C1,Noche,2026-03-04,Quiz_01,Quiz,30/03/2026,,,NO ENTREGO
A00350,Pilar Gonzalez,21,Masculino,pilar.gonzalez350@alumnos.tup.edu.ar,C4,Noche,2026-02-27,TP_01,TP,2026-03-16,2026-03-24,5.1,Tarde
A00520,Camila Torres,26,F,camila.torres520@alumnos.tup.edu.ar,C4,Noche,2026-03-10,Quiz_01,Quiz,2026-03-30,,,NO ENTREGO
A00078,  Florencia Ruiz ,18,M,florencia.ruiz78@alumnos.tup.edu.ar,A2,Mañana,2026-02-24,Quiz_03,Quiz,2026-05-25,,,No entrego
A00341,Nicolas Gonzalez,25,M,nicolas.gonzalez341@alumnos.tup.edu.ar,C4,Noche,2026-02-28,TP_04,TP,08-06-2026,,,No entrego
A00512,Bautista Ortiz,24,M,bautista.ortiz512@alumnos.tup.edu.ar,B2,Tarde,2026-02-20,TP_03,TP,2026-05-11,2026-05-07,7.9,A tiempo
A00196,Manuel Martinez,25,Femenino,manuel.martinez196@alumnos.tup.edu.ar,A3,Mañana,2026-02-19,Quiz_03,Quiz,2026-05-25,22-05-2026,10.0,A TIEMPO
A00345,Lucia Castro,20,F,lucia.castro345@alumnos.tup.edu.ar,C4,Noche,2026-03-07,Quiz_02,Quiz,27/04/2026,,,No entrego
A00039,Emma Perez,23,M,emma.perez39@alumnos.tup.edu.ar,C3,Noche,2026-03-08,TP_01,TP,2026-03-16,2026-03-14,7.7,A TIEMPO
A00496,Valentina Silva,23,M,valentina.silva496@alumnos.tup.edu.ar,C1,Noche,2026-02-24,TP_03,TP,2026-05-11,2026-05-09,"8,7",a tiempo
A00472,Mora Sanchez,27,Femenino,mora.sanchez472@alumnos.tup.edu.ar,C4,Noche,19-02-2026,Quiz_03,Quiz,25/05/2026,,,no entregó
A00146,  Camila Gonzalez ,17,F,camila.gonzalez146@alumnos.tup.edu.ar,B2,Tarde,2026-02-27,Quiz_03,Quiz,25/05/2026,2026-05-25,"7,4",A tiempo
A00103,Manuel Ramirez,20,Masculino,manuel.ramirez103@alumnos.tup.edu.ar,A1,Mañana,06-03-2026,Parcial_01,Parcial,2026-06-22,2026-06-22,7.1,A TIEMPO
A00194,Agustin Garcia,22,Masculino,agustin.garcia194@alumnos.tup.edu.ar,A3,Mañana,2026-02-23,Parcial_01,Parcial,2026-06-22,2026-07-01,6.3,TARDE
A00027,Joaquin Sosa,22,M,joaquin.sosa27@alumnos.tup.edu.ar,A3,Mañana,2026-03-06,TP_02,TP,2026-04-13,20/04/2026,"1,7",tarde
A00552,Thiago Garcia,26,Masculino,thiago.garcia552@alumnos.tup.edu.ar,A1,Mañana,08/03/2026,TP_04,TP,2026-06-08,,,no entregó
A00322,Federico Suarez,25,M,federico.suarez322@alumnos.tup.edu.ar,B2,Tarde,2026-03-03,Quiz_03,Quiz,2026-05-25,25/05/2026,8.6,a tiempo
A00528,Santino Herrera,33,F,santino.herrera528@alumnos.tup.edu.ar,A3,Mañana,01/03/2026,TP_01,TP,2026-03-16,13/03/2026,5.9,A tiempo
A00479,Manuel Medina,27,Masculino,manuel.medina479@alumnos.tup.edu.ar,A2,Mañana,2026-03-07,Quiz_01,Quiz,30/03/2026,2026-04-09,"8,7",tarde
A00541,Agustin Cabrera,17,Femenino,agustin.cabrera541@alumnos.tup.edu.ar,B1,Tarde,2026-02-25,Quiz_02,Quiz,27/04/2026,,,
A00645,Paula Herrera,25,F,paula.herrera645@alumnos.tup.edu.ar,B1,TARDE,06-03-2026,Quiz_03,Quiz,2026-05-25,,,NO ENTREGO
A00395,Ignacio Castro,17,F,ignacio.castro395@alumnos.tup.edu.ar,A2,Mañana,2026-02-25,Quiz_01,Quiz,2026-03-30,2026-03-27,"8,2",a tiempo
A00056,Victoria Rodriguez,18,M,victoria.rodriguez56@alumnos.tup.edu.ar,B1,Tarde,2026-03-08,TP_02,TP,2026-04-13,2026-04-19,8.3,TARDE
A00554,Mia Lopez,20,X,mia.lopez554@alumnos.tup.edu.ar,C3,Noche,2026-03-11,Quiz_02,Quiz,27/04/2026,2026-05-03,7.2,Tarde
A00435,Bruno Flores,19,Masculino,bruno.flores435@alumnos.tup.edu.ar,A1,Mañana,2026-02-20,TP_01,TP,2026-03-16,,,No entrego
A00260,bruno flores,25,F,bruno.flores260@alumnos.tup.edu.ar,A2,Mañana,2026-03-08,Parcial_01,Parcial,2026-06-22,,,No entrego
A00433,Agustin Lopez,17,F,agustin.lopez433@alumnos.tup.edu.ar,B2,Tarde,2026-03-01,TP_02,TP,2026-04-13,20-04-2026,5.2,Tarde
A00229,Tomas Aguirre,26,Femenino,tomas.aguirre229@alumnos.tup.edu.ar,A2,MAÑANA,2026-02-24,Parcial_01,Parcial,22/06/2026,,,NO ENTREGO
A00108,Bruno Lopez,23,F,bruno.lopez108@alumnos.tup.edu.ar,A2,Mañana,2026-02-27,TP_01,TP,16/03/2026,11/03/2026,8.0,a tiempo
A00099,Florencia Acosta,24,M,florencia.acosta99@alumnos.tup.edu.ar,A3,Mañana,18-02-2026,Quiz_02,Quiz,2026-04-27,,,
A00507,Joaquin Herrera,22,Femenino,joaquin.herrera507@alumnos.tup.edu.ar,C2,Noche,2026-02-27,TP_04,TP,2026-06-08,07/06/2026,5.4,A TIEMPO
A00061,Mateo Nuñez,24,M,mateo.nuñez61@alumnos.tup.edu.ar,A2,Mañana,2026-02-19,TP_02,TP,2026-04-13,2026-04-13,"5,4",A TIEMPO
A00311,Martina Martinez,22,Femenino,martina.martinez311@alumnos.tup.edu.ar,B1,Tarde,2026-02-21,TP_03,TP,2026-05-11,,,No entrego
A00565,Pilar Flores,20,M,pilar.flores565@alumnos.tup.edu.ar,C2,Noche,18/02/2026,Quiz_01,Quiz,2026-03-30,30-03-2026,7.6,A TIEMPO
A00655,Emma Fernandez,20,M,emma.fernandez655@alumnos.tup.edu.ar,C2,Noche,2026-02-16,TP_02,TP,13-04-2026,2026-04-08,5.3,A tiempo
A00074,Paula Garcia,21,M,paula.garcia74@alumnos.tup.edu.ar,A1,Mañana,2026-03-07,Quiz_01,Quiz,2026-03-30,26/03/2026,5.1,A TIEMPO
A00484,Maximo Sosa,20,M,maximo.sosa484@alumnos.tup.edu.ar,A3,Mañana,2026-03-11,Quiz_03,Quiz,2026-05-25,01/06/2026,4.6,tarde
A00229,Tomas Aguirre,26,Femenino,tomas.aguirre229@alumnos.tup.edu.ar,A2,MAÑANA,24-02-2026,Quiz_02,Quiz,27/04/2026,2026-04-25,6.8,a tiempo
A00132,  Pilar Flores ,21,F,pilar.flores132@alumnos.tup.edu.ar,B2,Tarde,2026-03-01,Quiz_03,Quiz,2026-05-25,06-06-2026,"6,8",TARDE
A00117,Julieta Fernandez,20,F,julieta.fernandez117@alumnos.tup.edu.ar,B2,Tarde,2026-03-01,Quiz_02,Quiz,2026-04-27,,,
A00425,Bautista Castro,28,Femenino,bautista.castro425@alumnos.tup.edu.ar,C3,NOCHE,2026-03-06,Quiz_02,Quiz,2026-04-27,,,
A00022,Emma Garcia,27,Masculino,emma.garcia22@alumnos.tup.edu.ar,B1,Tarde,2026-02-28,TP_04,TP,2026-06-08,2026-06-06,7.3,a tiempo
A00041,Thiago Ortiz,20,M,thiago.ortiz41@alumnos.tup.edu.ar,C2,Noche,2026-02-23,TP_01,TP,2026-03-16,2026-03-16,"5,1",A TIEMPO
A00585,Antonella Silva,28,Masculino,antonella.silva585@alumnos.tup.edu.ar, a2 ,Mañana,2026-03-10,Quiz_03,Quiz,25/05/2026,,,no entregó
A00297,Felipe Castro,27,F,felipe.castro297@alumnos.tup.edu.ar,B2,Tarde,2026-02-25,Parcial_01,Parcial,2026-06-22,,,no entregó
A00542,Manuel Molina,23,F,manuel.molina542@alumnos.tup.edu.ar,B1,Tarde,06/03/2026,Quiz_01,Quiz,2026-03-30,2026-03-28,7.3,A tiempo
A00375,Pilar Perez,25,M,pilar.perez375@alumnos.tup.edu.ar,A2,Mañana,2026-02-28,Parcial_01,Parcial,2026-06-22,2026-06-17,8.7,A tiempo
A00513,Agustin Garcia,19,F,agustin.garcia513@alumnos.tup.edu.ar,B1,Tarde,17/02/2026,Quiz_02,Quiz,2026-04-27,2026-04-26,3.6,A tiempo
A00523,Joaquin Silva,19,Masculino,joaquin.silva523@alumnos.tup.edu.ar,C3,Noche,15/02/2026,Quiz_02,Quiz,2026-04-27,,,No entrego
A00182,Lucia Silva,19,F,lucia.silva182@alumnos.tup.edu.ar,A1,Mañana,2026-02-16,TP_03,TP,2026-05-11,07-05-2026,7.8,a tiempo
A00243,Ignacio Martinez,17,Masculino,ignacio.martinez243@alumnos.tup.edu.ar, c2 ,Noche,2026-03-03,TP_01,TP,16/03/2026,,,no entregó
A00307,Renata Ortiz,24,Femenino,renata.ortiz307@alumnos.tup.edu.ar,B2,Tarde,2026-03-06,TP_03,TP,2026-05-11,2026-05-08,3.6,A TIEMPO
A00104,Delfina Alvarez,17,Masculino,delfina.alvarez104@alumnos.tup.edu.ar,C2,Noche,23-02-2026,TP_03,TP,11-05-2026,2026-05-11,7.5,A TIEMPO
A00416,Antonella Medina,26,Femenino,antonella.medina416@alumnos.tup.edu.ar,B2,Tarde,2026-03-06,TP_01,TP,2026-03-16,2026-03-14,7.5,A tiempo
A00011,lucia medina,23,M,lucia.medina11@alumnos.tup.edu.ar,C1,Noche,2026-03-04,TP_02,TP,13/04/2026,,,no entregó
A00202,Delfina Sanchez,29,femenino,delfina.sanchez202@alumnos.tup.edu.ar,C1,Noche,26/02/2026,Quiz_01,Quiz,2026-03-30,,,no entregó
A00294,Ignacio Suarez,23,F,ignacio.suarez294@alumnos.tup.edu.ar,C2,Noche,2026-02-26,Quiz_03,Quiz,25-05-2026,,,no entregó
A00102,Benjamin Benitez,25,F,benjamin.benitez102@alumnos.tup.edu.ar,C2,Noche,2026-02-14,Quiz_03,Quiz,2026-05-25,2026-05-22,5.7,a tiempo
A00197,  Valentina Ramirez ,23,M,valentina.ramirez197@alumnos.tup.edu.ar,A1,Mañana,2026-02-27,Quiz_01,Quiz,2026-03-30,30/03/2026,6.8,A tiempo
A00634,Lucia Lopez,17,Femenino,,A1,Mañana,2026-02-25,TP_04,TP,2026-06-08,,,
A00157,Pilar Garcia,23,F,pilar.garcia157@alumnos.tup.edu.ar,A3,Mañana,2026-03-06,TP_02,TP,2026-04-13,2026-04-12,"6,3",a tiempo
A00648,Lautaro Torres,23,M,lautaro.torres648@alumnos.tup.edu.ar,A1,Mañana,2026-02-27,Quiz_01,Quiz,2026-03-30,2026-03-25,8.4,a tiempo
A00380,Benjamin Herrera,27,Femenino,benjamin.herrera380@alumnos.tup.edu.ar,B1,Tarde,2026-03-07,Quiz_03,Quiz,2026-05-25,20/05/2026,8.0,a tiempo
A00494,Olivia Nuñez,25,M,olivia.nuñez494@alumnos.tup.edu.ar,C4,Noche,2026-02-25,Quiz_03,Quiz,2026-05-25,30/05/2026,4.9,TARDE
A00524,Camila Castro,17,Masculino,,C2,Noche,2026-03-10,TP_03,TP,2026-05-11,11-05-2026,"8,2",A tiempo
A00152,Maximo Flores,25,Masculino,maximo.flores152@alumnos.tup.edu.ar,C4,Noche,2026-02-16,TP_01,TP,16/03/2026,13/03/2026,8.6,A tiempo
A00418,FLORENCIA FERNANDEZ,18,Masculino,florencia.fernandez418@alumnos.tup.edu.ar,B2,Tarde,2026-02-14,Quiz_02,Quiz,2026-04-27,24/04/2026,"5,7",a tiempo
A00181,Manuel Ortiz,22,F,manuel.ortiz181@alumnos.tup.edu.ar,B1,Tarde,2026-03-08,Parcial_01,Parcial,22-06-2026,,,no entregó
A00027,Joaquin Sosa,22,M,joaquin.sosa27@alumnos.tup.edu.ar,A3,Mañana,2026-03-06,Quiz_03,Quiz,25-05-2026,2026-05-25,0.0,a tiempo
A00332,Lucas Garcia,22,M,lucas.garcia332@@alumnos.tup.edu.ar,A3,Mañana,2026-02-20,TP_02,TP,2026-04-13,,,
A00311,Martina Martinez,22,Femenino,martina.martinez311@alumnos.tup.edu.ar,B1,Tarde,21/02/2026,Quiz_02,Quiz,27/04/2026,,,No entrego
A00432,Florencia Lopez,17,F,florencia.lopez432@alumnos.tup.edu.ar,B1,Tarde,18/02/2026,Parcial_01,Parcial,2026-06-22,2026-07-03,7.8,TARDE
A00226,Delfina Romero,19,F,delfina.romero226@alumnos.tup.edu.ar,A2,Mañana,14/02/2026,TP_03,TP,2026-05-11,,,
A00426,Manuel Fernandez,24,F,manuel.fernandez426@alumnos.tup.edu.ar,C2,Noche,22-02-2026,Quiz_03,Quiz,2026-05-25,2026-05-20,6.8,A tiempo
A00567,BRUNO SANCHEZ,23,F,bruno.sanchez567@alumnos.tup.edu.ar,A1,Mañana,2026-02-25,Quiz_01,Quiz,30/03/2026,2026-03-25,8.1,A tiempo
A00399,Diego Silva,24,F,diego.silva399@alumnos.tup.edu.ar,C1,Noche,2026-03-11,TP_04,TP,08/06/2026,05/06/2026,8.8,A tiempo
A00691,Victoria Rojas,22,Masculino,victoria.rojas691@alumnos.tup.edu.ar,A2,Mañana,2026-02-26,TP_02,TP,2026-04-13,2026-04-13,"3,0",A tiempo
A00100,Camila Ramirez,24,Femenino,camila.ramirez100@alumnos.tup.edu.ar,B2,Tarde,2026-03-03,Parcial_01,Parcial,22/06/2026,2026-06-17,"8,9",a tiempo
A00321,Benjamin Aguirre,17,Masculino,benjamin.aguirre321@alumnos.tup.edu.ar,C3,Noche,2026-03-09,Quiz_03,Quiz,2026-05-25,2026-05-24,6.9,a tiempo
A00338,  Tomas Ortiz ,17,M,tomas.ortiz338@alumnos.tup.edu.ar, b1 ,Tarde,2026-02-15,Quiz_01,Quiz,30-03-2026,2026-03-26,7.6,a tiempo
A00164,Felipe Medina,25,F,felipe.medina164@alumnos.tup.edu.ar,C1,Noche,2026-03-08,TP_01,TP,16/03/2026,,,no entregó
A00357,nicolas romero,21,M,nicolas.romero357@alumnos.tup.edu.ar,B2,Tarde,2026-03-06,Quiz_02,Quiz,2026-04-27,,,NO ENTREGO
A00581,Catalina Martinez,17,F,catalina.martinez581@alumnos.tup.edu.ar,B2,Tarde,2026-02-24,TP_01,TP,16-03-2026,2026-03-13,4.8,a tiempo
A00342,Valentina Fernandez,17,M,valentina.fernandez342@alumnos.tup.edu.ar,B2,Tarde,2026-03-08,TP_02,TP,2026-04-13,,,No entrego
A00413,Mora Diaz,17,F,mora.diaz413@alumnos.tup.edu.ar,B1,Tarde,20/02/2026,Quiz_02,Quiz,2026-04-27,06/05/2026,4.7,tarde
A00619,Benjamin Martinez,27,F,benjamin.martinez619@alumnos.tup.edu.ar,B2,Tarde,19/02/2026,TP_01,TP,16/03/2026,15/03/2026,8.3,a tiempo
A00082,Delfina Rodriguez,23,Masculino,delfina.rodriguez82@alumnos.tup.edu.ar,A3,Mañana,11/03/2026,Quiz_03,Quiz,2026-05-25,2026-05-28,4.2,TARDE
A00109,Joaquin Aguirre,33,Masculino,joaquin.aguirre109@alumnos.tup.edu.ar,B2,Tarde,15-02-2026,Quiz_02,Quiz,2026-04-27,,,
A00259,Agustin Castro,18,Masculino,agustin.castro259@alumnos.tup.edu.ar,C3,Noche,21-02-2026,Quiz_03,Quiz,25-05-2026,2026-05-23,8.3,a tiempo
A00027,Joaquin Sosa,22,M,joaquin.sosa27@alumnos.tup.edu.ar,A3,Mañana,2026-03-06,Parcial_01,Parcial,2026-06-22,,,NO ENTREGO
A00265,PILAR RUIZ,23,Femenino,pilar.ruiz265@alumnos.tup.edu.ar,C4,Noche,2026-02-17,TP_01,TP,2026-03-16,2026-03-16,7.3,A TIEMPO
A00370,BAUTISTA TORRES,23,M,bautista.torres370@alumnos.tup.edu.ar, b1 ,Tarde,11/03/2026,Quiz_03,Quiz,2026-05-25,2026-05-24,6.9,a tiempo
A00174,Federico Silva,18,Masculino,federico.silva174@alumnos.tup.edu.ar, c1 ,Noche,2026-03-08,Quiz_02,Quiz,27-04-2026,2026-04-22,5.6,a tiempo
A00024,Ignacio Fernandez,17,X,,B1,Tarde,11/03/2026,Quiz_03,Quiz,25-05-2026,2026-05-31,8.3,TARDE
A00699,Isabella Garcia,30,M,isabella.garcia699@alumnos.tup.edu.ar,C1,Noche,2026-02-18,TP_01,TP,2026-03-16,2026-03-18,3.2,TARDE
A00112,Lucia Acosta,32,F,lucia.acosta112@alumnos.tup.edu.ar,B2,Tarde,2026-03-03,Quiz_01,Quiz,2026-03-30,2026-03-31,6.1,TARDE
A00191,Antonella Silva,24,Masculino,antonella.silva191@alumnos.tup.edu.ar,A3,Mañana,2026-02-26,Quiz_02,Quiz,2026-04-27,26/04/2026,5.5,A TIEMPO
A00412,Mora Aguirre,25,M,mora.aguirre412@alumnos.tup.edu.ar,A1,MAÑANA,14-02-2026,TP_01,TP,2026-03-16,2026-03-14,"4,0",A TIEMPO
A00662,DIEGO MOLINA,31,X,diego.molina662@alumnos.tup.edu.ar,B1,Tarde,2026-02-17,TP_01,TP,16-03-2026,2026-03-25,5.0,tarde
A00267,Agustin Alvarez,27,M,agustin.alvarez267@alumnos.tup.edu.ar,B2,Tarde,2026-03-03,Quiz_01,Quiz,2026-03-30,,,no entregó
A00170,Valentino Sanchez,24,Femenino,valentino.sanchez170@alumnos.tup.edu.ar,B2,Tarde,2026-02-18,Quiz_01,Quiz,2026-03-30,28/03/2026,8.8,a tiempo
A00104,Delfina Alvarez,17,Masculino,delfina.alvarez104@alumnos.tup.edu.ar,C2,Noche,23/02/2026,TP_04,TP,2026-06-08,2026-06-07,"7,7",a tiempo
A00646,Diego Luna,17,F,diego.luna646@alumnos.tup.edu.ar,A1,Mañana,09/03/2026,Quiz_02,Quiz,2026-04-27,,,No entrego
A00031,Federico Ruiz,21,Femenino,federico.ruiz31@alumnos.tup.edu.ar,C1,Noche,2026-02-27,TP_02,TP,2026-04-13,2026-04-12,6.0,A tiempo
A00145,Maximo Sanchez,24,F,maximo.sanchez145@alumnos.tup.edu.ar,C4,Noche,2026-03-09,Quiz_02,Quiz,27-04-2026,2026-04-27,7.0,A tiempo
A00610,Manuel Sanchez,22,M,manuel.sanchez610@alumnos.tup.edu.ar,B1,Tarde,2026-02-24,Parcial_01,Parcial,2026-06-22,2026-06-19,"7,2",A tiempo
A00328,Bruno Lopez,22,F,bruno.lopez328@alumnos.tup.edu.ar,B2,Tarde,08-03-2026,Quiz_01,Quiz,30/03/2026,28-03-2026,3.3,a tiempo
A00649,Martina Lopez,17,M,martina.lopez649@alumnos.tup.edu.ar,C2,Noche,2026-02-17,TP_03,TP,11/05/2026,2026-05-08,5.1,A TIEMPO
A00255,Bruno Flores,21,Masculino,bruno.flores255@alumnos.tup.edu.ar,B1,Tarde,2026-03-04,Quiz_01,Quiz,2026-03-30,,,no entregó
A00140,Felipe Acosta,18,M,felipe.acosta140@alumnos.tup.edu.ar,A1,Mañana,2026-03-11,TP_04,TP,2026-06-08,,,no entregó
A00628,Benjamin Rodriguez,23,Femenino,benjamin.rodriguez628@alumnos.tup.edu.ar,B1,Tarde,23/02/2026,Quiz_02,Quiz,27/04/2026,2026-05-02,6.4,tarde
A00524,Camila Castro,17,Masculino,,C2,Noche,2026-03-10,Parcial_01,Parcial,2026-06-22,2026-06-20,8.1,A TIEMPO
A00223,Gabriel Torres,19,M,gabriel.torres223@alumnos.tup.edu.ar,A3,MAÑANA,2026-02-17,Quiz_02,Quiz,27/04/2026,2026-04-26,8.5,a tiempo
A00134,santino romero,24,F,santino.romero134@alumnos.tup.edu.ar,A1,Mañana,2026-02-23,Parcial_01,Parcial,2026-06-22,,,
A00316,Martina Vega,25,M,martina.vega316@alumnos.tup.edu.ar,C2,Noche,2026-02-21,TP_02,TP,2026-04-13,,,NO ENTREGO
A00441,Mia Acosta,23,Masculino,mia.acosta441@alumnos.tup.edu.ar,B1,Tarde,15/02/2026,Quiz_02,Quiz,27-04-2026,,,no entregó
A00256,  Mora Aguirre ,17,Masculino,mora.aguirre256@alumnos.tup.edu.ar,B2,Tarde,2026-02-18,Parcial_01,Parcial,2026-06-22,2026-06-18,8.0,A tiempo
A00026,emma medina,26,M,emma.medina26@alumnos.tup.edu.ar,B1,Tarde,2026-03-01,Quiz_02,Quiz,2026-04-27,,,No entrego
A00015,Guadalupe Lopez,17,F,guadalupe.lopez15@alumnos.tup.edu.ar,C1,Noche,2026-02-19,TP_01,TP,16/03/2026,2026-03-12,"7,5",a tiempo
A00646,Diego Luna,17,F,diego.luna646@alumnos.tup.edu.ar,A1,Mañana,2026-03-09,Quiz_03,Quiz,2026-05-25,,,no entregó
A00184,Florencia Diaz,20,F,florencia.diaz184@alumnos.tup.edu.ar,A3,Mañana,2026-03-10,Quiz_01,Quiz,2026-03-30,2026-03-29,6.3,A TIEMPO
A00577,Emma Medina,17,F,emma.medina577@alumnos.tup.edu.ar,A2,Mañana,26-02-2026,Quiz_02,Quiz,27/04/2026,2026-04-24,7.2,a tiempo
A00048,  Martina Medina ,17,femenino,martina.medina48@alumnos.tup.edu.ar,A2,Mañana,2026-02-16,TP_03,TP,2026-05-11,23-05-2026,6.0,TARDE
A00592,valentino rodriguez,19,M,valentino.rodriguez592@alumnos.tup.edu.ar,B2,Tarde,2026-03-07,TP_03,TP,11/05/2026,2026-05-07,8.2,a tiempo
A00412,Mora Aguirre,25,M,mora.aguirre412@alumnos.tup.edu.ar,A1,MAÑANA,14/02/2026,TP_02,TP,2026-04-13,2026-04-12,7.5,a tiempo
A00482,Lucia Gonzalez,21,F,lucia.gonzalez482@alumnos.tup.edu.ar,A3,Mañana,2026-02-15,Quiz_01,Quiz,30/03/2026,,,NO ENTREGO
A00483,Antonella Vega,33,Masculino,antonella.vega483@alumnos.tup.edu.ar,A3,Mañana,2026-02-15,TP_02,TP,2026-04-13,,,
A00459,Valentina Benitez,21,M,valentina.benitez459@alumnos.tup.edu.ar,A1,Mañana,2026-02-25,Quiz_03,Quiz,2026-05-25,,,no entregó
A00082,Delfina Rodriguez,23,Masculino,delfina.rodriguez82@alumnos.tup.edu.ar,A3,Mañana,2026-03-11,TP_01,TP,2026-03-16,11/03/2026,6.1,A TIEMPO
A00030,Victoria Romero,17,M,victoria.romero30@alumnos.tup.edu.ar,B2,Tarde,2026-02-27,Quiz_02,Quiz,2026-04-27,2026-04-27,5.0,A tiempo
A00048,  Martina Medina ,17,femenino,martina.medina48@alumnos.tup.edu.ar,A2,Mañana,2026-02-16,TP_01,TP,2026-03-16,,,
A00118,Federico Aguirre,25,M,federico.aguirre118@alumnos.tup.edu.ar,C2,Noche,2026-03-08,Quiz_01,Quiz,2026-03-30,2026-04-11,5.7,tarde
A00587,Pilar Rodriguez,23,Femenino,pilar.rodriguez587@alumnos.tup.edu.ar, c2 ,Noche,2026-03-09,Quiz_03,Quiz,25/05/2026,22/05/2026,"8,6",a tiempo
A00502,Manuel Torres,17,Masculino,manuel.torres502@alumnos.tup.edu.ar,A2,Mañana,03-03-2026,Parcial_01,Parcial,2026-06-22,2026-06-20,"7,0",A tiempo
A00045,Olivia Romero,18,X,olivia.romero45@alumnos.tup.edu.ar, a1 ,Mañana,2026-03-07,TP_03,TP,2026-05-11,,,No entrego
A00554,Mia Lopez,20,X,mia.lopez554@alumnos.tup.edu.ar,C3,Noche,11/03/2026,TP_03,TP,2026-05-11,09/05/2026,7.0,A tiempo
A00420,Valentina Vega,19,Masculino,valentina.vega420@alumnos.tup.edu.ar,C1,Noche,2026-02-21,TP_03,TP,11/05/2026,,,no entregó
A00612,Mia Rojas,28,M,mia.rojas612@alumnos.tup.edu.ar,B1,Tarde,2026-02-21,Quiz_02,Quiz,2026-04-27,2026-04-23,6.9,A TIEMPO
A00575,Lucas Sanchez,28,M,lucas.sanchez575@alumnos.tup.edu.ar,A3,Mañana,06/03/2026,TP_03,TP,11/05/2026,2026-05-07,6.0,a tiempo
A00514,Manuel Romero,18,F,manuel.romero514@alumnos.tup.edu.ar,C4,Noche,2026-02-24,TP_01,TP,2026-03-16,,,NO ENTREGO
A00616,Martina Garcia,35,F,martina.garcia616@alumnos.tup.edu.ar,B1,TARDE,2026-02-22,TP_04,TP,2026-06-08,07/06/2026,6.8,a tiempo
A00483,Antonella Vega,33,Masculino,antonella.vega483@alumnos.tup.edu.ar,A3,Mañana,2026-02-15,Quiz_03,Quiz,25-05-2026,,,No entrego
A00258,Bruno Sanchez,24,M,bruno.sanchez258@alumnos.tup.edu.ar,A1,Mañana,15/02/2026,Quiz_01,Quiz,30/03/2026,,,no entregó
A00471,Catalina Perez,19,F,catalina.perez471@alumnos.tup.edu.ar,C4,Noche,2026-02-14,TP_02,TP,13/04/2026,,,
A00423,Sofia Romero,21,Masculino,sofia.romero423@alumnos.tup.edu.ar,B1,Tarde,2026-03-10,TP_04,TP,2026-06-08,2026-06-03,6.4,A tiempo
A00698,Martina Romero,28,M,martina.romero698@alumnos.tup.edu.ar,C4,Noche,2026-03-08,Parcial_01,Parcial,2026-06-22,2026-06-17,7.3,A TIEMPO
A00652,Tomas Nuñez,23,M,tomas.nuñez652@alumnos.tup.edu.ar,C4,Noche,02-03-2026,Quiz_01,Quiz,2026-03-30,27/03/2026,"6,8",a tiempo
A00398,Antonella Castro,31,F,antonella.castro398@alumnos.tup.edu.ar,B1,Tarde,2026-02-28,Quiz_03,Quiz,2026-05-25,,,NO ENTREGO
A00275,Lucas Sanchez,20,F,lucas.sanchez275@alumnos.tup.edu.ar,B1,Tarde,2026-02-20,TP_02,TP,2026-04-13,2026-04-13,4.0,A tiempo
A00444,  Bautista Benitez ,17,M,bautista.benitez444@alumnos.tup.edu.ar, b1 ,Tarde,09/03/2026,Quiz_03,Quiz,25-05-2026,2026-05-22,8.0,a tiempo
A00137,Gabriel Lopez,17,Femenino,gabriel.lopez137@alumnos.tup.edu.ar,A2,Mañana,2026-03-09,TP_03,TP,2026-05-11,2026-05-08,5.0,A tiempo
A00050,Lucas Ramirez,17,Masculino,lucas.ramirez50@alumnos.tup.edu.ar,B2,Tarde,2026-02-17,Quiz_01,Quiz,2026-03-30,2026-03-25,9.2,a tiempo
A00159,Catalina Alvarez,17,femenino,catalina.alvarez159@alumnos.tup.edu.ar,A3,Mañana,18/02/2026,TP_01,TP,16/03/2026,2026-03-14,6.6,a tiempo
A00672,Maximo Romero,19,F,maximo.romero672@alumnos.tup.edu.ar,A1,Mañana,07/03/2026,Quiz_02,Quiz,2026-04-27,24/04/2026,7.2,a tiempo
A00698,Martina Romero,28,M,martina.romero698@alumnos.tup.edu.ar,C4,Noche,08/03/2026,Quiz_02,Quiz,2026-04-27,2026-05-04,"5,4",TARDE
A00330,Julieta Acosta,17,F,julieta.acosta330@alumnos.tup.edu.ar,A1,Mañana,11-03-2026,Quiz_03,Quiz,2026-05-25,,,NO ENTREGO
A00027,Joaquin Sosa,22,M,joaquin.sosa27@alumnos.tup.edu.ar,A3,Mañana,2026-03-06,Quiz_02,Quiz,2026-04-27,2026-05-04,3.3,tarde
A00468,manuel perez,28,Masculino,manuel.perez468@alumnos.tup.edu.ar,C2,Noche,2026-02-16,Parcial_01,Parcial,2026-06-22,,,NO ENTREGO
A00692,Valentino Rojas,27,Femenino,valentino.rojas692@alumnos.tup.edu.ar,C2,Noche,2026-02-26,Parcial_01,Parcial,2026-06-22,,,NO ENTREGO
A00269,Paula Martinez,25,F,paula.martinez269@alumnos.tup.edu.ar,A2,Mañana,2026-03-05,Quiz_01,Quiz,2026-03-30,,,
A00567,BRUNO SANCHEZ,23,F,bruno.sanchez567@alumnos.tup.edu.ar,A1,Mañana,2026-02-25,TP_01,TP,16/03/2026,2026-03-13,8.6,a tiempo
A00323,Sofia Sosa,28,M,sofia.sosa323@alumnos.tup.edu.ar,B2,Tarde,2026-03-02,Quiz_03,Quiz,25/05/2026,2026-05-21,7.0,a tiempo
A00215,Mateo Castro,17,F,mateo.castro215@alumnos.tup.edu.ar,C2,Noche,03-03-2026,Quiz_03,Quiz,25/05/2026,2026-05-25,6.6,a tiempo
A00455,Gabriel Suarez,31,M,gabriel.suarez455@alumnos.tup.edu.ar,B1,Tarde,28/02/2026,Parcial_01,Parcial,22/06/2026,2026-06-22,8.5,a tiempo
A00172,Agustin Sanchez,23,M,agustin.sanchez172@alumnos.tup.edu.ar,C3,Noche,02-03-2026,TP_03,TP,2026-05-11,2026-05-06,7.6,a tiempo
A00304,Agustin Sanchez,25,F,agustin.sanchez304@alumnos.tup.edu.ar,C3,Noche,2026-02-14,TP_03,TP,2026-05-11,07-05-2026,"6,9",a tiempo
A00456,Lucas Vega,17,M,lucas.vega456@alumnos.tup.edu.ar,A2,Mañana,2026-03-06,TP_01,TP,2026-03-16,2026-03-12,7.5,a tiempo
A00599,Federico Fernandez,17,X,federico.fernandez599@alumnos.tup.edu.ar,B2,Tarde,2026-02-15,Quiz_02,Quiz,2026-04-27,,,NO ENTREGO
A00375,Pilar Perez,25,M,pilar.perez375@alumnos.tup.edu.ar,A2,Mañana,2026-02-28,TP_01,TP,2026-03-16,20-03-2026,7.3,TARDE
A00572,Federico Gonzalez,12,M,,B2,Tarde,11-03-2026,Quiz_01,Quiz,2026-03-30,,,
A00261,Thiago Nuñez,18,M,thiago.nuñez261@alumnos.tup.edu.ar,B1,Tarde,04/03/2026,Parcial_01,Parcial,22/06/2026,2026-06-22,9.5,a tiempo
A00415,Antonella Ruiz,23,M,antonella.ruiz415@alumnos.tup.edu.ar,B2,Tarde,2026-02-14,Parcial_01,Parcial,2026-06-22,,,No entrego
A00467,Mateo Ortiz,19,F,mateo.ortiz467@alumnos.tup.edu.ar,A3,Mañana,2026-03-10,TP_01,TP,2026-03-16,2026-03-13,8.1,A tiempo
A00080,Lautaro Herrera,26,M,lautaro.herrera80@alumnos.tup.edu.ar,C2,Noche,2026-02-19,TP_03,TP,2026-05-11,,,NO ENTREGO
A00405,Camila Garcia,17,Masculino,camila.garcia405@alumnos.tup.edu.ar,B1,Tarde,20-02-2026,TP_04,TP,2026-06-08,06/06/2026,"7,3",A TIEMPO
A00192,Emma Sanchez,17,F,emma.sanchez192@alumnos.tup.edu.ar,C1,Noche,2026-03-11,Quiz_03,Quiz,2026-05-25,,,
A00700,Valentina Benitez,23,Femenino,valentina.benitez700@alumnos.tup.edu.ar,A1,Mañana,2026-03-10,TP_04,TP,2026-06-08,2026-06-07,8.1,A tiempo
A00026,emma medina,26,M,emma.medina26@alumnos.tup.edu.ar,B1,Tarde,2026-03-01,Parcial_01,Parcial,2026-06-22,,,
A00272,Valentina Sosa,21,M,,B2,Tarde,19/02/2026,Quiz_02,Quiz,27/04/2026,,,
A00535,Valentino Molina,17,F,valentino.molina535@alumnos.tup.edu.ar,A3,Mañana,2026-03-09,TP_03,TP,11/05/2026,2026-05-17,5.1,TARDE
A00203,Gabriel Molina,20,Femenino,gabriel.molina203@alumnos.tup.edu.ar,B2,Tarde,2026-02-17,Quiz_02,Quiz,2026-04-27,2026-04-25,3.4,A tiempo
A00180,Lautaro Martinez,19,F,lautaro.martinez180@alumnos.tup.edu.ar,B1,Tarde,2026-02-25,TP_04,TP,2026-06-08,2026-06-18,7.8,tarde
A00202,Delfina Sanchez,29,femenino,delfina.sanchez202@alumnos.tup.edu.ar,C1,Noche,2026-02-26,TP_04,TP,2026-06-08,,,NO ENTREGO
A00206,Bautista Medina,17,M,bautista.medina206@alumnos.tup.edu.ar,B2,Tarde,05-03-2026,Parcial_01,Parcial,2026-06-22,,,NO ENTREGO
A00543,Pilar Suarez,25,femenino,pilar.suarez543@alumnos.tup.edu.ar,B2,Tarde,2026-02-28,Quiz_03,Quiz,2026-05-25,,,No entrego
A00558,Antonella Martinez,19,F,antonella.martinez558@alumnos.tup.edu.ar,A2,Mañana,2026-03-10,TP_03,TP,2026-05-11,,,
A00224,Paula Sosa,23,M,paula.sosa224@alumnos.tup.edu.ar,A2,Mañana,2026-02-20,Quiz_03,Quiz,2026-05-25,,,
A00306,Ignacio Gonzalez,19,Masculino,ignacio.gonzalez306@alumnos.tup.edu.ar,A3,Mañana,2026-02-17,Parcial_01,Parcial,2026-06-22,,,No entrego
A00054,Gabriel Diaz,20,M,gabriel.diaz54@alumnos.tup.edu.ar,B1,TARDE,2026-02-28,Quiz_03,Quiz,25-05-2026,2026-06-03,"6,1",TARDE
A00510,Federico Martinez,24,M,federico.martinez510@alumnos.tup.edu.ar,A2,Mañana,2026-03-06,TP_04,TP,2026-06-08,,,
A00364,Valentino Medina,22,M,valentino.medina364@alumnos.tup.edu.ar,B2,Tarde,2026-02-28,Quiz_02,Quiz,2026-04-27,2026-04-24,"6,3",A tiempo
A00414,BENJAMIN PEREZ,22,X,benjamin.perez414@alumnos.tup.edu.ar,C4,Noche,2026-02-22,TP_01,TP,2026-03-16,2026-03-13,7.0,a tiempo
A00188,  Pilar Flores ,29,F,pilar.flores188@alumnos.tup.edu.ar,C4,Noche,2026-03-05,TP_03,TP,2026-05-11,2026-05-09,9.7,A TIEMPO
A00420,Valentina Vega,19,Masculino,valentina.vega420@alumnos.tup.edu.ar,C1,Noche,2026-02-21,TP_01,TP,2026-03-16,2026-03-16,5.5,A tiempo
A00408,Benjamin Silva,25,M,,B2,Tarde,2026-03-10,TP_03,TP,2026-05-11,08-05-2026,9.4,a tiempo
A00444,  Bautista Benitez ,17,M,bautista.benitez444@alumnos.tup.edu.ar, b1 ,Tarde,09/03/2026,TP_02,TP,13/04/2026,2026-04-22,"6,7",TARDE
A00654,Isabella Herrera,29,Femenino,isabella.herrera654@alumnos.tup.edu.ar,B1,Tarde,2026-03-06,Parcial_01,Parcial,2026-06-22,,,No entrego
A00653,Agustin Vega,22,M,agustin.vega653@alumnos.tup.edu.ar, a1 ,Mañana,10/03/2026,TP_02,TP,2026-04-13,,,NO ENTREGO
A00648,Lautaro Torres,23,M,lautaro.torres648@alumnos.tup.edu.ar,A1,Mañana,27/02/2026,TP_04,TP,2026-06-08,2026-06-06,"8,7",A TIEMPO
A00095,Bruno Diaz,29,F,bruno.diaz95@alumnos.tup.edu.ar,B2,Tarde,15-02-2026,Quiz_03,Quiz,2026-05-25,2026-05-25,7.7,A tiempo
A00648,Lautaro Torres,23,M,lautaro.torres648@alumnos.tup.edu.ar,A1,Mañana,2026-02-27,TP_02,TP,13-04-2026,2026-04-12,7.6,a tiempo
A00424,Olivia Aguirre,22,Femenino,olivia.aguirre424@alumnos.tup.edu.ar,C4,Noche,2026-02-24,Quiz_01,Quiz,2026-03-30,2026-04-09,4.6,tarde
A00086,antonella suarez,25,F,antonella.suarez86@alumnos.tup.edu.ar,B1,Tarde,23-02-2026,Quiz_02,Quiz,2026-04-27,,,no entregó
A00444,  Bautista Benitez ,17,M,bautista.benitez444@alumnos.tup.edu.ar, b1 ,Tarde,09/03/2026,TP_03,TP,2026-05-11,,,No entrego
A00398,Antonella Castro,31,F,antonella.castro398@alumnos.tup.edu.ar,B1,Tarde,2026-02-28,Quiz_01,Quiz,30/03/2026,,,NO ENTREGO
A00590,Guadalupe Luna,20,M,guadalupe.luna590@alumnos.tup.edu.ar,C4,Noche,2026-02-16,Quiz_01,Quiz,30/03/2026,2026-03-26,8.4,A TIEMPO
A00690,Olivia Rodriguez,20,F,olivia.rodriguez690@alumnos.tup.edu.ar,C2,Noche,2026-02-23,Quiz_01,Quiz,30/03/2026,10/04/2026,6.8,tarde
A00184,Florencia Diaz,20,F,florencia.diaz184@alumnos.tup.edu.ar,A3,Mañana,10/03/2026,TP_04,TP,2026-06-08,04/06/2026,"7,1",a tiempo
A00175,Gabriel Castro,33,F,gabriel.castro175@alumnos.tup.edu.ar,A2,Mañana,2026-03-06,Parcial_01,Parcial,2026-06-22,,,No entrego
A00149,Tomas Garcia,30,F,tomas.garcia149@alumnos.tup.edu.ar,B2,Tarde,2026-02-24,Quiz_01,Quiz,30/03/2026,2026-03-29,9.1,A TIEMPO
A00681,Antonella Herrera,24,F,antonella.herrera681@alumnos.tup.edu.ar,A3,Mañana,25/02/2026,TP_02,TP,2026-04-13,,,NO ENTREGO
A00575,Lucas Sanchez,28,M,lucas.sanchez575@alumnos.tup.edu.ar,A3,Mañana,2026-03-06,Quiz_02,Quiz,2026-04-27,26-04-2026,4.3,a tiempo
A00135,Lucas Aguirre,19,F,lucas.aguirre135@alumnos.tup.edu.ar,B1,Tarde,2026-02-23,TP_02,TP,2026-04-13,2026-04-10,7.4,a tiempo
A00656,Bautista Rodriguez,18,Femenino,bautista.rodriguez656@alumnos.tup.edu.ar,B1,Tarde,2026-02-20,Quiz_03,Quiz,25-05-2026,,,No entrego
A00566,Paula Gonzalez,19,M,paula.gonzalez566@alumnos.tup.edu.ar,C2,Noche,2026-02-25,TP_03,TP,2026-05-11,2026-05-07,6.2,A tiempo
A00176,Benjamin Castro,17,F,benjamin.castro176@alumnos.tup.edu.ar,A1,Mañana,2026-02-19,Quiz_01,Quiz,2026-03-30,27/03/2026,7.6,A tiempo
A00042,Emma Garcia,28,Femenino,emma.garcia42@@alumnos.tup.edu.ar,A3,Mañana,2026-02-23,TP_01,TP,2026-03-16,16-03-2026,6.9,a tiempo
A00268,Ignacio Medina,21,F,ignacio.medina268@alumnos.tup.edu.ar,C1,Noche,2026-02-24,Quiz_01,Quiz,2026-03-30,,,no entregó
A00437,Mia Gonzalez,29,F,mia.gonzalez437@alumnos.tup.edu.ar,C3,NOCHE,2026-03-11,Quiz_03,Quiz,2026-05-25,,,NO ENTREGO
A00581,Catalina Martinez,17,F,catalina.martinez581@alumnos.tup.edu.ar,B2,Tarde,24/02/2026,TP_03,TP,11/05/2026,,,no entregó
A00071,Guadalupe Ruiz,17,F,guadalupe.ruiz71@alumnos.tup.edu.ar,B2,Tarde,16-02-2026,TP_02,TP,2026-04-13,2026-04-09,6.9,A TIEMPO
A00425,Bautista Castro,28,Femenino,bautista.castro425@alumnos.tup.edu.ar,C3,NOCHE,2026-03-06,Quiz_01,Quiz,2026-03-30,07/04/2026,7.0,tarde
A00611,Pilar Fernandez,21,F,pilar.fernandez611@alumnos.tup.edu.ar,C4,Noche,06/03/2026,Quiz_02,Quiz,27/04/2026,24-04-2026,2.7,A TIEMPO
A00179,Lucas Rodriguez,20,Masculino,lucas.rodriguez179@alumnos.tup.edu.ar,A3,Mañana,04-03-2026,TP_02,TP,2026-04-13,,,NO ENTREGO
A00640,Felipe Nuñez,20,M,,C1,Noche,2026-02-22,Quiz_01,Quiz,2026-03-30,2026-03-29,8.5,A tiempo
A00697,Benjamin Acosta,26,F,benjamin.acosta697@alumnos.tup.edu.ar,A3,Mañana,2026-02-24,TP_02,TP,2026-04-13,2026-04-12,6.8,a tiempo
A00412,Mora Aguirre,25,M,mora.aguirre412@alumnos.tup.edu.ar,A1,MAÑANA,2026-02-14,Quiz_03,Quiz,2026-05-25,2026-05-22,5.0,a tiempo
A00550,Valentina Molina,29,F,valentina.molina550@alumnos.tup.edu.ar,A3,Mañana,2026-03-02,Parcial_01,Parcial,2026-06-22,18-06-2026,"4,7",A tiempo
A00515,  Valentino Diaz ,22,F,valentino.diaz515@alumnos.tup.edu.ar,C4,Noche,23-02-2026,TP_03,TP,2026-05-11,2026-05-23,"7,1",TARDE
A00495,Valentino Flores,18,M,valentino.flores495@alumnos.tup.edu.ar,C1,Noche,25/02/2026,Parcial_01,Parcial,2026-06-22,2026-06-26,7.6,TARDE
A00510,Federico Martinez,24,M,federico.martinez510@alumnos.tup.edu.ar,A2,Mañana,2026-03-06,Quiz_01,Quiz,2026-03-30,2026-03-25,5.4,A TIEMPO
A00013,Bautista Perez,17,F,bautista.perez13@alumnos.tup.edu.ar,B2,Tarde,16-02-2026,TP_02,TP,2026-04-13,,,No entrego
A00481,Mateo Rodriguez,20,femenino,mateo.rodriguez481@alumnos.tup.edu.ar,A2,Mañana,2026-02-21,Quiz_02,Quiz,2026-04-27,2026-05-06,5.9,tarde
A00005,Thiago Luna,31,M,thiago.luna5@alumnos.tup.edu.ar,B2,Tarde,2026-02-28,TP_03,TP,2026-05-11,2026-05-06,7.5,a tiempo
A00135,Lucas Aguirre,19,F,lucas.aguirre135@alumnos.tup.edu.ar,B1,Tarde,23/02/2026,Quiz_01,Quiz,2026-03-30,2026-03-30,6.9,A tiempo
A00660,Sofia Flores,31,Femenino,sofia.flores660@alumnos.tup.edu.ar,C1,Noche,2026-03-01,Quiz_02,Quiz,2026-04-27,,,NO ENTREGO
A00699,Isabella Garcia,30,M,isabella.garcia699@alumnos.tup.edu.ar,C1,Noche,18/02/2026,Parcial_01,Parcial,2026-06-22,,,no entregó
A00325,Catalina Suarez,23,M,catalina.suarez325@alumnos.tup.edu.ar,C2,Noche,2026-02-19,Parcial_01,Parcial,22-06-2026,,,No entrego
A00471,Catalina Perez,19,F,catalina.perez471@alumnos.tup.edu.ar,C4,Noche,2026-02-14,Quiz_02,Quiz,2026-04-27,2026-04-27,5.3,A tiempo
A00068,Martina Garcia,19,F,martina.garcia68@alumnos.tup.edu.ar,A1,Mañana,25/02/2026,Parcial_01,Parcial,2026-06-22,2026-06-18,8.3,A TIEMPO
A00101,Ignacio Perez,17,F,ignacio.perez101@alumnos.tup.edu.ar,B1,Tarde,2026-02-24,TP_01,TP,16/03/2026,26-03-2026,6.0,tarde
A00053,Renata Medina,17,F,renata.medina53@alumnos.tup.edu.ar,C4,Noche,2026-02-21,TP_01,TP,2026-03-16,,,No entrego
A00513,Agustin Garcia,19,F,agustin.garcia513@alumnos.tup.edu.ar,B1,Tarde,2026-02-17,TP_03,TP,2026-05-11,,,no entregó
A00237,Isabella Torres,21,Masculino,isabella.torres237@alumnos.tup.edu.ar,A1,Mañana,2026-03-06,Parcial_01,Parcial,22-06-2026,17-06-2026,7.6,a tiempo
A00523,Joaquin Silva,19,Masculino,joaquin.silva523@alumnos.tup.edu.ar,C3,Noche,2026-02-15,TP_03,TP,2026-05-11,,,
A00201,Olivia Suarez,21,M,olivia.suarez201@alumnos.tup.edu.ar,B2,Tarde,2026-02-15,Quiz_02,Quiz,27/04/2026,2026-04-22,"5,8",A tiempo
A00117,Julieta Fernandez,20,F,julieta.fernandez117@alumnos.tup.edu.ar,B2,Tarde,01/03/2026,Parcial_01,Parcial,2026-06-22,2026-06-24,"7,0",tarde
A00283,Felipe Suarez,23,F,felipe.suarez283@alumnos.tup.edu.ar,B2,Tarde,2026-02-22,TP_02,TP,2026-04-13,2026-04-20,5.0,TARDE
A00677,Guadalupe Benitez,18,F,guadalupe.benitez677@alumnos.tup.edu.ar,A3,Mañana,10-03-2026,TP_02,TP,2026-04-13,,,
A00010,Antonella Ruiz,22,M,antonella.ruiz10@alumnos.tup.edu.ar,C2,Noche,21/02/2026,TP_02,TP,2026-04-13,10/04/2026,5.5,A tiempo
A00263,Joaquin Luna,21,M,joaquin.luna263@alumnos.tup.edu.ar,A3,Mañana,17/02/2026,Parcial_01,Parcial,22/06/2026,2026-06-22,8.6,A TIEMPO
A00012,Isabella Nuñez,20,M,isabella.nuñez12@alumnos.tup.edu.ar,B2,Tarde,2026-03-09,Quiz_02,Quiz,27/04/2026,2026-04-22,"8,0",A TIEMPO
A00377,Delfina Garcia,19,F,delfina.garcia377@alumnos.tup.edu.ar,B2,Tarde,2026-03-01,TP_03,TP,2026-05-11,2026-05-23,5.0,Tarde
A00370,BAUTISTA TORRES,23,M,bautista.torres370@alumnos.tup.edu.ar, b1 ,Tarde,11/03/2026,Parcial_01,Parcial,2026-06-22,,,NO ENTREGO
A00464,Catalina Cabrera,17,F,catalina.cabrera464@alumnos.tup.edu.ar,A3,Mañana,2026-02-18,Quiz_03,Quiz,25/05/2026,,,no entregó
A00019,Mia Sosa,23,Masculino,mia.sosa19@alumnos.tup.edu.ar,C3,Noche,2026-02-18,Parcial_01,Parcial,2026-06-22,,,No entrego
A00012,Isabella Nuñez,20,M,isabella.nuñez12@alumnos.tup.edu.ar,B2,Tarde,09-03-2026,Quiz_03,Quiz,25-05-2026,2026-05-21,8.1,A TIEMPO
A00661,  Julieta Fernandez ,18,F,julieta.fernandez661@alumnos.tup.edu.ar,C2,Noche,2026-03-11,Parcial_01,Parcial,2026-06-22,2026-06-20,6.6,A tiempo
A00673,  Maximo Diaz ,21,Masculino,maximo.diaz673@alumnos.tup.edu.ar,C2,Noche,05/03/2026,Quiz_03,Quiz,2026-05-25,2026-05-31,7.0,TARDE
A00487,Renata Herrera,17,F,renata.herrera487@alumnos.tup.edu.ar,C3,Noche,2026-02-15,TP_03,TP,2026-05-11,2026-05-06,7.6,a tiempo
A00132,  Pilar Flores ,21,F,pilar.flores132@alumnos.tup.edu.ar,B2,Tarde,2026-03-01,Quiz_01,Quiz,2026-03-30,27-03-2026,8.2,A tiempo
A00382,Olivia Diaz,18,M,olivia.diaz382@alumnos.tup.edu.ar,B1,Tarde,07/03/2026,TP_01,TP,16/03/2026,,,
A00236,Valentino Silva,17,F,valentino.silva236@alumnos.tup.edu.ar,C2,Noche,2026-03-05,TP_04,TP,08/06/2026,,,NO ENTREGO
A00395,Ignacio Castro,17,F,ignacio.castro395@alumnos.tup.edu.ar,A2,Mañana,2026-02-25,Parcial_01,Parcial,2026-06-22,17/06/2026,9.1,a tiempo
A00385,Antonella Ruiz,25,F,antonella.ruiz385@alumnos.tup.edu.ar,B2,Tarde,2026-02-15,Quiz_01,Quiz,30/03/2026,2026-03-28,8.1,A tiempo
A00611,Pilar Fernandez,21,F,pilar.fernandez611@alumnos.tup.edu.ar,C4,Noche,2026-03-06,TP_02,TP,2026-04-13,2026-04-13,"6,4",a tiempo
A00686,Lucas Luna,20,F,lucas.luna686@alumnos.tup.edu.ar,C4,Noche,2026-02-17,Parcial_01,Parcial,2026-06-22,,,No entrego
A00464,Catalina Cabrera,17,F,catalina.cabrera464@alumnos.tup.edu.ar,A3,Mañana,2026-02-18,TP_04,TP,2026-06-08,03/06/2026,5.9,A tiempo
A00502,Manuel Torres,17,Masculino,manuel.torres502@alumnos.tup.edu.ar,A2,Mañana,2026-03-03,Quiz_03,Quiz,25/05/2026,,,No entrego
A00438,Olivia Nuñez,20,F,olivia.nuñez438@alumnos.tup.edu.ar,A3,Mañana,2026-02-16,TP_01,TP,16/03/2026,2026-03-15,7.7,A TIEMPO
A00619,Benjamin Martinez,27,F,benjamin.martinez619@alumnos.tup.edu.ar,B2,Tarde,2026-02-19,Quiz_03,Quiz,2026-05-25,2026-05-25,9.0,a tiempo
A00393,Delfina Silva,24,M,delfina.silva393@@alumnos.tup.edu.ar,B2,Tarde,22-02-2026,Quiz_02,Quiz,27/04/2026,04/05/2026,6.1,tarde
A00650,Pilar Garcia,17,M,pilar.garcia650@alumnos.tup.edu.ar, c3 ,Noche,2026-02-18,TP_01,TP,2026-03-16,2026-03-14,7.7,A TIEMPO
A00404,Victoria Torres,23,F,victoria.torres404@alumnos.tup.edu.ar,B1,Tarde,2026-03-01,Quiz_01,Quiz,2026-03-30,28/03/2026,"5,8",a tiempo
A00584,Gabriel Nuñez,19,M,gabriel.nuñez584@alumnos.tup.edu.ar,A2,Mañana,2026-03-04,Quiz_01,Quiz,30/03/2026,2026-03-27,4.3,A tiempo
A00136,Lautaro Ramirez,24,F,lautaro.ramirez136@alumnos.tup.edu.ar,B1,Tarde,2026-03-04,Parcial_01,Parcial,2026-06-22,,,
A00588,Antonella Flores,22,F,antonella.flores588@alumnos.tup.edu.ar,C1,Noche,2026-02-14,Quiz_01,Quiz,2026-03-30,29/03/2026,7.1,A TIEMPO
A00456,Lucas Vega,17,M,lucas.vega456@alumnos.tup.edu.ar,A2,Mañana,2026-03-06,TP_03,TP,11/05/2026,,,no entregó
A00558,Antonella Martinez,19,F,antonella.martinez558@alumnos.tup.edu.ar,A2,Mañana,2026-03-10,Quiz_03,Quiz,2026-05-25,,,No entrego
A00656,Bautista Rodriguez,18,Femenino,bautista.rodriguez656@alumnos.tup.edu.ar,B1,Tarde,2026-02-20,Parcial_01,Parcial,2026-06-22,,,No entrego
A00158,Nicolas Torres,26,M,nicolas.torres158@alumnos.tup.edu.ar,C2,Noche,2026-02-17,Parcial_01,Parcial,22/06/2026,2026-06-18,8.4,a tiempo
A00422,Agustin Ruiz,25,M,agustin.ruiz422@alumnos.tup.edu.ar,A2,Mañana,2026-03-09,Quiz_02,Quiz,2026-04-27,,,
A00398,Antonella Castro,31,F,antonella.castro398@alumnos.tup.edu.ar,B1,Tarde,2026-02-28,TP_02,TP,13/04/2026,,,no entregó
A00102,Benjamin Benitez,25,F,benjamin.benitez102@alumnos.tup.edu.ar,C2,Noche,14/02/2026,TP_03,TP,2026-05-11,2026-05-07,6.4,A TIEMPO
A00409,Pilar Torres,23,M,pilar.torres409@alumnos.tup.edu.ar,A1,Mañana,2026-03-10,Quiz_01,Quiz,2026-03-30,2026-03-28,"8,9",A TIEMPO
A00240,Felipe Silva,23,Femenino,felipe.silva240@alumnos.tup.edu.ar,C2,Noche,2026-03-07,Quiz_03,Quiz,2026-05-25,2026-05-25,"8,0",A TIEMPO
A00168,Lucas Perez,17,M,lucas.perez168@alumnos.tup.edu.ar,B1,Tarde,2026-03-06,TP_03,TP,2026-05-11,07-05-2026,"6,9",a tiempo
A00468,manuel perez,28,Masculino,manuel.perez468@alumnos.tup.edu.ar,C2,Noche,16/02/2026,TP_03,TP,11-05-2026,,,no entregó
A00268,Ignacio Medina,21,F,ignacio.medina268@alumnos.tup.edu.ar,C1,Noche,24/02/2026,TP_02,TP,13-04-2026,,,
A00460,  Lautaro Fernandez ,95,femenino,lautaro.fernandez460@alumnos.tup.edu.ar,C1,Noche,04/03/2026,TP_01,TP,2026-03-16,,,No entrego
A00302,Nicolas Perez,22,M,nicolas.perez302@alumnos.tup.edu.ar,A3,Mañana,2026-03-07,Quiz_01,Quiz,2026-03-30,25/03/2026,5.1,A TIEMPO
A00038,Federico Ramirez,17,M,federico.ramirez38@alumnos.tup.edu.ar,A1,Mañana,2026-03-01,Quiz_03,Quiz,2026-05-25,,,NO ENTREGO
A00003,Mateo Benitez,25,F,mateo.benitez3@alumnos.tup.edu.ar,B2,Tarde,22/02/2026,TP_01,TP,16/03/2026,,,NO ENTREGO
A00630,Isabella Herrera,24,M,isabella.herrera630@alumnos.tup.edu.ar,C4,Noche,2026-02-27,Quiz_01,Quiz,30/03/2026,2026-03-26,10.0,A TIEMPO
A00536,Guadalupe Nuñez,17,Masculino,guadalupe.nuñez536@alumnos.tup.edu.ar,A1,Mañana,2026-02-24,Parcial_01,Parcial,2026-06-22,,,no entregó
A00422,Agustin Ruiz,25,M,agustin.ruiz422@alumnos.tup.edu.ar,A2,Mañana,2026-03-09,TP_04,TP,2026-06-08,2026-06-06,5.2,A TIEMPO
A00695,Federico Cabrera,22,Femenino,federico.cabrera695@alumnos.tup.edu.ar,B2,Tarde,2026-03-11,TP_02,TP,2026-04-13,,,NO ENTREGO
A00307,Renata Ortiz,24,Femenino,renata.ortiz307@alumnos.tup.edu.ar,B2,Tarde,2026-03-06,TP_01,TP,2026-03-16,11-03-2026,7.0,A TIEMPO
A00218,Manuel Lopez,27,F,manuel.lopez218@alumnos.tup.edu.ar,B2,Tarde,2026-02-19,TP_02,TP,2026-04-13,16/04/2026,4.5,tarde
A00474,Lautaro Rodriguez,26,femenino,lautaro.rodriguez474@alumnos.tup.edu.ar,A2,Mañana,2026-03-02,TP_02,TP,2026-04-13,,,
A00362,Mia Silva,19,F,mia.silva362@alumnos.tup.edu.ar,B2,Tarde,18/02/2026,Quiz_03,Quiz,25-05-2026,22/05/2026,5.7,A tiempo
A00050,Lucas Ramirez,17,Masculino,lucas.ramirez50@alumnos.tup.edu.ar,B2,Tarde,17/02/2026,TP_01,TP,16-03-2026,2026-03-14,8.5,A TIEMPO
A00120,Mateo Ruiz,25,F,mateo.ruiz120@alumnos.tup.edu.ar,B2,Tarde,2026-03-05,Parcial_01,Parcial,22-06-2026,2026-06-22,9.2,A tiempo
A00337,Mateo Aguirre,21,F,mateo.aguirre337@alumnos.tup.edu.ar,C2,Noche,2026-03-02,Quiz_01,Quiz,30/03/2026,2026-03-30,2.7,A tiempo
A00226,Delfina Romero,19,F,delfina.romero226@alumnos.tup.edu.ar,A2,Mañana,2026-02-14,Quiz_01,Quiz,30/03/2026,,,No entrego
A00619,Benjamin Martinez,27,F,benjamin.martinez619@alumnos.tup.edu.ar,B2,Tarde,2026-02-19,Quiz_01,Quiz,2026-03-30,2026-03-26,6.0,a tiempo
A00489,Lucia Fernandez,18,Femenino,lucia.fernandez489@alumnos.tup.edu.ar,A1,Mañana,26/02/2026,TP_04,TP,2026-06-08,06-06-2026,7.5,A tiempo
A00539,Olivia Sosa,21,F,olivia.sosa539@alumnos.tup.edu.ar,B1,Tarde,2026-03-01,TP_03,TP,2026-05-11,2026-05-10,5.2,a tiempo
A00588,Antonella Flores,22,F,antonella.flores588@alumnos.tup.edu.ar,C1,Noche,2026-02-14,TP_02,TP,13/04/2026,09-04-2026,5.4,a tiempo
A00393,Delfina Silva,24,M,delfina.silva393@@alumnos.tup.edu.ar,B2,Tarde,22/02/2026,TP_02,TP,2026-04-13,19-04-2026,"4,9",Tarde
A00146,  Camila Gonzalez ,17,F,camila.gonzalez146@alumnos.tup.edu.ar,B2,Tarde,2026-02-27,Quiz_02,Quiz,2026-04-27,2026-04-27,8.2,a tiempo
A00394,Valentino Suarez,18,femenino,valentino.suarez394@alumnos.tup.edu.ar, c2 ,Noche,2026-03-01,TP_02,TP,13/04/2026,2026-04-11,6.3,A TIEMPO
A00106,Paula Diaz,28,M,paula.diaz106@alumnos.tup.edu.ar,A1,Mañana,06/03/2026,Parcial_01,Parcial,2026-06-22,2026-06-22,9.2,A TIEMPO
A00568,  Catalina Molina ,27,Femenino,catalina.molina568@alumnos.tup.edu.ar,C2,Noche,2026-03-06,Quiz_02,Quiz,2026-04-27,2026-04-23,"6,7",a tiempo
A00465,Gabriel Aguirre,23,F,gabriel.aguirre465@alumnos.tup.edu.ar, c4 ,Noche,26-02-2026,Quiz_03,Quiz,2026-05-25,,,
A00516,Pilar Rojas,28,Femenino,pilar.rojas516@alumnos.tup.edu.ar,A1,Mañana,2026-02-24,Quiz_03,Quiz,2026-05-25,22-05-2026,9.3,A TIEMPO
A00112,Lucia Acosta,32,F,lucia.acosta112@alumnos.tup.edu.ar,B2,Tarde,2026-03-03,TP_01,TP,2026-03-16,2026-03-13,"9,9",A tiempo
A00077,Diego Garcia,21,X,diego.garcia77@alumnos.tup.edu.ar,B2,TARDE,11-03-2026,TP_01,TP,2026-03-16,2026-03-26,6.0,tarde
A00190,Bruno Benitez,18,F,bruno.benitez190@alumnos.tup.edu.ar,B2,TARDE,11-03-2026,TP_03,TP,2026-05-11,,,NO ENTREGO
A00227,Joaquin Alvarez,25,Masculino,joaquin.alvarez227@alumnos.tup.edu.ar,C1,Noche,2026-02-27,TP_02,TP,2026-04-13,2026-04-11,5.8,A TIEMPO
A00429,Thiago Perez,22,Femenino,thiago.perez429@alumnos.tup.edu.ar,C4,Noche,2026-03-11,TP_04,TP,2026-06-08,07/06/2026,6.8,a tiempo
A00374,Mora Ruiz,20,F,mora.ruiz374@alumnos.tup.edu.ar,A2,Mañana,2026-03-04,Quiz_03,Quiz,2026-05-25,2026-05-21,6.5,A tiempo
A00210,Camila Acosta,30,M,camila.acosta210@alumnos.tup.edu.ar,A2,Mañana,2026-02-22,Quiz_02,Quiz,2026-04-27,,,no entregó
A00503,Diego Garcia,23,F,diego.garcia503@alumnos.tup.edu.ar,B1,Tarde,19/02/2026,Quiz_02,Quiz,27/04/2026,,,No entrego
A00513,Agustin Garcia,19,F,agustin.garcia513@alumnos.tup.edu.ar,B1,Tarde,2026-02-17,TP_01,TP,16-03-2026,2026-03-11,4.6,A tiempo
A00486,Santino Lopez,22,F,santino.lopez486@alumnos.tup.edu.ar,C4,Noche,06/03/2026,TP_02,TP,2026-04-13,13-04-2026,5.6,a tiempo
A00079,Paula Luna,30,F,paula.luna79@alumnos.tup.edu.ar,A1,Mañana,2026-03-06,TP_01,TP,16/03/2026,2026-03-12,9.1,A tiempo
A00569,Mora Gonzalez,20,Masculino,mora.gonzalez569@alumnos.tup.edu.ar,A1,Mañana,2026-02-24,Parcial_01,Parcial,22/06/2026,2026-06-22,8.0,A tiempo
A00222,lautaro fernandez,18,F,lautaro.fernandez222@alumnos.tup.edu.ar,C3,Noche,2026-02-15,TP_02,TP,2026-04-13,13-04-2026,7.8,A tiempo
A00213,Bautista Acosta,35,Masculino,bautista.acosta213@alumnos.tup.edu.ar,C3,Noche,06/03/2026,TP_04,TP,2026-06-08,2026-06-12,"5,2",Tarde
A00178,Ignacio Suarez,18,M,ignacio.suarez178@alumnos.tup.edu.ar,B1,Tarde,2026-03-02,TP_01,TP,2026-03-16,2026-03-14,6.8,A tiempo
A00544,Nicolas Suarez,29,F,nicolas.suarez544@alumnos.tup.edu.ar,A1,Mañana,2026-02-22,Quiz_02,Quiz,2026-04-27,,,No entrego
A00477,Nicolas Alvarez,18,F,nicolas.alvarez477@alumnos.tup.edu.ar,A1,Mañana,2026-02-16,Parcial_01,Parcial,2026-06-22,,,no entregó
A00595,Nicolas Perez,22,Femenino,nicolas.perez595@alumnos.tup.edu.ar,C4,NOCHE,2026-02-28,Quiz_03,Quiz,2026-05-25,29-05-2026,7.2,Tarde
A00040,Martina Sosa,25,Femenino,martina.sosa40@alumnos.tup.edu.ar,C3,Noche,22/02/2026,TP_03,TP,2026-05-11,2026-05-15,5.4,TARDE
A00227,Joaquin Alvarez,25,Masculino,joaquin.alvarez227@alumnos.tup.edu.ar,C1,Noche,2026-02-27,TP_01,TP,2026-03-16,12/03/2026,4.3,a tiempo
A00411,Martina Rodriguez,18,M,martina.rodriguez411@alumnos.tup.edu.ar,C1,Noche,2026-02-21,TP_03,TP,2026-05-11,,,NO ENTREGO
A00052,Valentino Sanchez,22,M,valentino.sanchez52@alumnos.tup.edu.ar,C2,Noche,2026-02-14,Quiz_01,Quiz,2026-03-30,28/03/2026,5.8,a tiempo
A00420,Valentina Vega,19,Masculino,valentina.vega420@alumnos.tup.edu.ar,C1,Noche,21/02/2026,Quiz_01,Quiz,2026-03-30,2026-03-27,"4,2",a tiempo
A00590,Guadalupe Luna,20,M,guadalupe.luna590@alumnos.tup.edu.ar,C4,Noche,2026-02-16,Quiz_02,Quiz,2026-04-27,2026-05-04,5.1,TARDE
A00251,Camila Benitez,19,F,camila.benitez251@alumnos.tup.edu.ar,C4,Noche,2026-03-02,TP_03,TP,2026-05-11,2026-05-11,"9,4",a tiempo
A00280,Julieta Benitez,29,F,julieta.benitez280@alumnos.tup.edu.ar,C2,NOCHE,2026-03-03,TP_04,TP,08/06/2026,,,No entrego
A00154,Maximo Torres,19,Masculino,maximo.torres154@alumnos.tup.edu.ar,A2,Mañana,2026-03-09,Parcial_01,Parcial,2026-06-22,20-06-2026,8.2,A tiempo
A00409,Pilar Torres,23,M,pilar.torres409@alumnos.tup.edu.ar,A1,Mañana,10/03/2026,TP_02,TP,2026-04-13,08-04-2026,"8,0",A TIEMPO
A00472,Mora Sanchez,27,Femenino,mora.sanchez472@alumnos.tup.edu.ar,C4,Noche,2026-02-19,Quiz_01,Quiz,2026-03-30,26/03/2026,6.3,A tiempo
A00141,Camila Ramirez,22,M,camila.ramirez141@@alumnos.tup.edu.ar,C1,Noche,2026-02-19,Parcial_01,Parcial,2026-06-22,2026-06-26,10.0,Tarde
A00446,Federico Gonzalez,22,Masculino,federico.gonzalez446@alumnos.tup.edu.ar,A1,Mañana,2026-03-04,Quiz_03,Quiz,2026-05-25,20/05/2026,5.7,a tiempo
A00104,Delfina Alvarez,17,Masculino,delfina.alvarez104@alumnos.tup.edu.ar,C2,Noche,2026-02-23,Quiz_03,Quiz,2026-05-25,2026-05-22,7.3,A TIEMPO
A00468,manuel perez,28,Masculino,manuel.perez468@alumnos.tup.edu.ar,C2,Noche,16/02/2026,TP_02,TP,2026-04-13,2026-04-19,"5,0",TARDE
A00397,camila benitez,17,F,camila.benitez397@alumnos.tup.edu.ar,C3,Noche,03-03-2026,TP_03,TP,11-05-2026,,,no entregó
A00454,Bautista Suarez,110,F,bautista.suarez454@alumnos.tup.edu.ar,A2,Mañana,2026-02-25,TP_01,TP,2026-03-16,2026-03-16,4.5,a tiempo
A00230,Paula Ruiz,17,M,,C4,Noche,2026-02-19,Quiz_01,Quiz,2026-03-30,30/03/2026,6.9,A tiempo
A00231,Valentino Cabrera,18,M,valentino.cabrera231@alumnos.tup.edu.ar,B2,Tarde,2026-03-01,Parcial_01,Parcial,2026-06-22,,,
A00350,Pilar Gonzalez,21,Masculino,pilar.gonzalez350@alumnos.tup.edu.ar,C4,Noche,27/02/2026,TP_04,TP,2026-06-08,,,
A00621,Diego Acosta,19,F,diego.acosta621@alumnos.tup.edu.ar,C1,Noche,15-02-2026,TP_03,TP,2026-05-11,,,NO ENTREGO
A00680,Emma Garcia,24,M,emma.garcia680@alumnos.tup.edu.ar,C4,Noche,2026-02-18,TP_01,TP,2026-03-16,,,NO ENTREGO
A00183,Thiago Ruiz,22,M,thiago.ruiz183@alumnos.tup.edu.ar,A3,Mañana,2026-02-22,TP_03,TP,2026-05-11,,,no entregó
A00491,Felipe Sanchez,28,M,felipe.sanchez491@alumnos.tup.edu.ar,C2,NOCHE,17/02/2026,Quiz_03,Quiz,2026-05-25,20/05/2026,7.4,A tiempo
A00499,Bruno Vega,21,M,bruno.vega499@alumnos.tup.edu.ar,B1,Tarde,28/02/2026,Quiz_01,Quiz,30-03-2026,28/03/2026,5.3,a tiempo
A00657,Valentino Alvarez,23,F,valentino.alvarez657@alumnos.tup.edu.ar,A2,Mañana,2026-03-05,TP_01,TP,16/03/2026,2026-03-14,9.3,A TIEMPO
A00306,Ignacio Gonzalez,19,Masculino,ignacio.gonzalez306@alumnos.tup.edu.ar,A3,Mañana,17/02/2026,Quiz_03,Quiz,25/05/2026,2026-05-24,4.7,A tiempo
A00069,Bautista Acosta,27,M,bautista.acosta69@alumnos.tup.edu.ar,C3,Noche,2026-02-16,TP_03,TP,2026-05-11,2026-05-18,5.5,Tarde
A00284,Florencia Herrera,20,Femenino,florencia.herrera284@alumnos.tup.edu.ar,C4,Noche,2026-03-08,TP_03,TP,2026-05-11,,,NO ENTREGO
A00630,Isabella Herrera,24,M,isabella.herrera630@alumnos.tup.edu.ar,C4,Noche,2026-02-27,TP_02,TP,2026-04-13,12/04/2026,6.0,a tiempo
A00614,Ignacio Gonzalez,17,M,ignacio.gonzalez614@alumnos.tup.edu.ar,A2,Mañana,2026-02-27,TP_01,TP,16/03/2026,2026-03-15,8.8,a tiempo
A00469,Diego Torres,17,femenino,diego.torres469@alumnos.tup.edu.ar,B2,TARDE,2026-02-19,TP_03,TP,2026-05-11,2026-05-08,7.5,A TIEMPO
A00124,Felipe Rojas,24,M,felipe.rojas124@alumnos.tup.edu.ar,B2,Tarde,2026-02-21,Quiz_01,Quiz,30/03/2026,,,No entrego
A00146,  Camila Gonzalez ,17,F,camila.gonzalez146@alumnos.tup.edu.ar,B2,Tarde,2026-02-27,TP_04,TP,2026-06-08,03-06-2026,9.2,a tiempo
A00191,Antonella Silva,24,Masculino,antonella.silva191@alumnos.tup.edu.ar,A3,Mañana,2026-02-26,TP_04,TP,2026-06-08,,,No entrego
A00225,  Valentino Sanchez ,20,M,valentino.sanchez225@alumnos.tup.edu.ar,C1,Noche,2026-02-22,TP_01,TP,2026-03-16,2026-03-11,5.4,a tiempo
A00450,Gabriel Nuñez,27,F,gabriel.nuñez450@alumnos.tup.edu.ar,A2,Mañana,2026-03-11,TP_04,TP,08-06-2026,08/06/2026,5.2,A tiempo
A00397,camila benitez,17,F,camila.benitez397@alumnos.tup.edu.ar,C3,Noche,2026-03-03,Quiz_03,Quiz,2026-05-25,,,No entrego
A00423,Sofia Romero,21,Masculino,sofia.romero423@alumnos.tup.edu.ar,B1,Tarde,2026-03-10,TP_02,TP,2026-04-13,2026-04-20,8.7,TARDE
A00095,Bruno Diaz,29,F,bruno.diaz95@alumnos.tup.edu.ar,B2,Tarde,15/02/2026,Quiz_02,Quiz,27-04-2026,2026-04-23,6.2,a tiempo
A00598,SOFIA CASTRO,18,F,sofia.castro598@alumnos.tup.edu.ar,A2,Mañana,25-02-2026,Quiz_01,Quiz,2026-03-30,2026-03-27,7.4,A tiempo
A00659,Florencia Rodriguez,25,F,florencia.rodriguez659@alumnos.tup.edu.ar, b1 ,Tarde,10/03/2026,Quiz_02,Quiz,2026-04-27,2026-05-07,4.1,tarde
A00442,Mateo Fernandez,24,F,mateo.fernandez442@alumnos.tup.edu.ar,C3,Noche,11/03/2026,Quiz_02,Quiz,2026-04-27,23-04-2026,8.4,A tiempo
A00214,Mia Silva,27,M,mia.silva214@alumnos.tup.edu.ar,C4,Noche,2026-02-27,TP_03,TP,11/05/2026,2026-05-07,6.2,a tiempo
A00092,Mia Vega,23,Femenino,mia.vega92@alumnos.tup.edu.ar,B1,Tarde,2026-03-01,Parcial_01,Parcial,22-06-2026,,,no entregó
A00063,Florencia Romero,24,F,florencia.romero63@alumnos.tup.edu.ar,C3,Noche,2026-03-05,Parcial_01,Parcial,2026-06-22,2026-06-21,8.7,A tiempo
A00490,  Emma Alvarez ,22,M,emma.alvarez490@alumnos.tup.edu.ar,B1,Tarde,14/02/2026,TP_01,TP,2026-03-16,2026-03-20,5.0,TARDE
A00420,Valentina Vega,19,Masculino,valentina.vega420@alumnos.tup.edu.ar,C1,Noche,21/02/2026,TP_02,TP,2026-04-13,08/04/2026,4.1,a tiempo
A00162,Mateo Benitez,17,F,mateo.benitez162@alumnos.tup.edu.ar,C2,Noche,2026-02-17,TP_04,TP,2026-06-08,2026-06-14,4.2,tarde
A00552,Thiago Garcia,26,Masculino,thiago.garcia552@alumnos.tup.edu.ar,A1,Mañana,2026-03-08,TP_03,TP,2026-05-11,,,no entregó
A00539,Olivia Sosa,21,F,olivia.sosa539@alumnos.tup.edu.ar,B1,Tarde,2026-03-01,Quiz_01,Quiz,2026-03-30,2026-03-28,6.3,a tiempo
A00647,Tomas Herrera,22,Masculino,tomas.herrera647@alumnos.tup.edu.ar,B1,Tarde,17/02/2026,Quiz_01,Quiz,2026-03-30,2026-03-29,"8,0",A tiempo
A00466,Diego Silva,22,M,diego.silva466@alumnos.tup.edu.ar,C4,Noche,2026-02-26,Quiz_02,Quiz,2026-04-27,2026-04-22,7.9,A tiempo
A00424,Olivia Aguirre,22,Femenino,olivia.aguirre424@alumnos.tup.edu.ar,C4,Noche,2026-02-24,TP_03,TP,2026-05-11,2026-05-09,5.7,a tiempo
A00137,Gabriel Lopez,17,Femenino,gabriel.lopez137@alumnos.tup.edu.ar,A2,Mañana,2026-03-09,Quiz_03,Quiz,25/05/2026,,,NO ENTREGO
A00427,Mora Nuñez,23,M,mora.nuñez427@alumnos.tup.edu.ar,B2,Tarde,28/02/2026,TP_04,TP,08-06-2026,2026-06-15,5.2,Tarde
A00154,Maximo Torres,19,Masculino,maximo.torres154@alumnos.tup.edu.ar,A2,Mañana,09/03/2026,Quiz_01,Quiz,2026-03-30,2026-03-29,8.1,A tiempo
A00639,Antonella Luna,24,M,antonella.luna639@alumnos.tup.edu.ar,B2,TARDE,2026-02-19,TP_04,TP,2026-06-08,2026-06-05,7.2,A tiempo
A00333,Ignacio Sosa,17,F,ignacio.sosa333@alumnos.tup.edu.ar,A3,Mañana,01/03/2026,Quiz_02,Quiz,2026-04-27,,,No entrego
A00108,Bruno Lopez,23,F,bruno.lopez108@alumnos.tup.edu.ar,A2,Mañana,2026-02-27,Quiz_03,Quiz,25/05/2026,2026-05-28,5.8,Tarde
A00168,Lucas Perez,17,M,lucas.perez168@alumnos.tup.edu.ar,B1,Tarde,2026-03-06,TP_04,TP,08/06/2026,,,no entregó
A00399,Diego Silva,24,F,diego.silva399@alumnos.tup.edu.ar,C1,Noche,11/03/2026,Parcial_01,Parcial,22/06/2026,2026-06-22,5.5,A TIEMPO
A00345,Lucia Castro,20,F,lucia.castro345@alumnos.tup.edu.ar,C4,Noche,2026-03-07,TP_01,TP,2026-03-16,2026-03-14,5.8,A tiempo
A00225,  Valentino Sanchez ,20,M,valentino.sanchez225@alumnos.tup.edu.ar,C1,Noche,2026-02-22,Quiz_01,Quiz,30/03/2026,2026-03-26,5.7,A TIEMPO
A00373,Joaquin Rodriguez,24,M,joaquin.rodriguez373@alumnos.tup.edu.ar,B2,Tarde,2026-03-09,TP_03,TP,2026-05-11,2026-05-11,5.7,A tiempo
A00202,Delfina Sanchez,29,femenino,delfina.sanchez202@alumnos.tup.edu.ar,C1,Noche,2026-02-26,TP_01,TP,2026-03-16,,,
A00487,Renata Herrera,17,F,renata.herrera487@alumnos.tup.edu.ar,C3,Noche,15/02/2026,TP_04,TP,2026-06-08,2026-06-06,"7,0",a tiempo
A00669,Bautista Torres,22,M,bautista.torres669@alumnos.tup.edu.ar,C4,Noche,2026-02-14,Parcial_01,Parcial,2026-06-22,2026-06-21,7.8,a tiempo
A00401,Diego Medina,26,M,diego.medina401@alumnos.tup.edu.ar,A1,Mañana,2026-03-04,TP_03,TP,11-05-2026,2026-05-07,"9,9",A TIEMPO
A00622,Gabriel Fernandez,17,M,, a3 ,MAÑANA,2026-02-28,TP_02,TP,2026-04-13,2026-04-12,8.4,A TIEMPO
A00209,Sofia Nuñez,25,F,sofia.nuñez209@alumnos.tup.edu.ar,A3,MAÑANA,2026-03-08,Quiz_02,Quiz,2026-04-27,2026-04-22,"7,9",a tiempo
A00600,Valentino Suarez,37,M,valentino.suarez600@alumnos.tup.edu.ar,B1,Tarde,2026-03-10,Quiz_01,Quiz,30/03/2026,2026-04-09,6.7,tarde
A00217,Mora Ramirez,27,M,mora.ramirez217@alumnos.tup.edu.ar,C1,Noche,2026-02-20,Parcial_01,Parcial,2026-06-22,2026-06-20,5.9,a tiempo
A00004,Camila Alvarez,23,F,camila.alvarez4@alumnos.tup.edu.ar,C1,Noche,2026-03-06,TP_04,TP,08/06/2026,08-06-2026,5.8,a tiempo
A00623,Florencia Herrera,18,F,florencia.herrera623@alumnos.tup.edu.ar,A1,Mañana,01/03/2026,Parcial_01,Parcial,2026-06-22,,,No entrego
A00468,manuel perez,28,Masculino,manuel.perez468@alumnos.tup.edu.ar,C2,Noche,16/02/2026,TP_01,TP,2026-03-16,13/03/2026,2.0,A TIEMPO
A00520,Camila Torres,26,F,camila.torres520@alumnos.tup.edu.ar,C4,Noche,2026-03-10,TP_04,TP,2026-06-08,,,no entregó
A00171,Manuel Rojas,18,F,manuel.rojas171@alumnos.tup.edu.ar,C2,Noche,25-02-2026,Parcial_01,Parcial,2026-06-22,,,NO ENTREGO
A00048,  Martina Medina ,17,femenino,martina.medina48@alumnos.tup.edu.ar,A2,Mañana,16-02-2026,TP_02,TP,2026-04-13,2026-04-09,6.2,A TIEMPO
A00306,Ignacio Gonzalez,19,Masculino,ignacio.gonzalez306@alumnos.tup.edu.ar,A3,Mañana,2026-02-17,TP_01,TP,2026-03-16,2026-03-22,4.2,tarde
A00254,  Agustin Martinez ,27,M,agustin.martinez254@alumnos.tup.edu.ar,A1,Mañana,2026-03-01,TP_01,TP,16/03/2026,2026-03-15,"8,9",A tiempo
A00533,Santino Cabrera,19,Masculino,santino.cabrera533@alumnos.tup.edu.ar,C1,Noche,2026-02-17,TP_04,TP,2026-06-08,2026-06-05,4.5,a tiempo
A00667,Mora Sosa,20,F,mora.sosa667@alumnos.tup.edu.ar,C4,Noche,2026-02-23,TP_01,TP,2026-03-16,16/03/2026,8.8,A TIEMPO
A00410,Victoria Molina,17,M,victoria.molina410@alumnos.tup.edu.ar,A3,Mañana,2026-02-23,Quiz_03,Quiz,25/05/2026,2026-05-25,6.8,A tiempo
A00624,Florencia Castro,24,Masculino,florencia.castro624@alumnos.tup.edu.ar,A2,Mañana,08-03-2026,TP_02,TP,13/04/2026,2026-04-10,4.3,A tiempo
A00148,Julieta Romero,27,F,julieta.romero148@alumnos.tup.edu.ar,B2,Tarde,20/02/2026,Quiz_01,Quiz,2026-03-30,2026-03-28,7.6,a tiempo
A00623,Florencia Herrera,18,F,florencia.herrera623@alumnos.tup.edu.ar,A1,Mañana,01/03/2026,TP_03,TP,2026-05-11,,,
A00234,Antonella Castro,22,Masculino,antonella.castro234@alumnos.tup.edu.ar,C4,Noche,2026-03-11,TP_02,TP,13/04/2026,2026-04-09,6.1,A TIEMPO
A00631,SOFIA ROMERO,23,M,sofia.romero631@alumnos.tup.edu.ar,B2,Tarde,21-02-2026,TP_02,TP,2026-04-13,,,no entregó
A00403,Bautista Luna,23,Femenino,bautista.luna403@alumnos.tup.edu.ar,A2,Mañana,2026-02-15,Parcial_01,Parcial,22-06-2026,2026-06-18,8.4,A TIEMPO
A00406,Diego Fernandez,17,M,diego.fernandez406@alumnos.tup.edu.ar,C3,Noche,2026-03-01,TP_02,TP,13/04/2026,2026-04-12,7.0,a tiempo
A00205,Benjamin Torres,19,F,benjamin.torres205@alumnos.tup.edu.ar,C4,NOCHE,2026-03-04,Parcial_01,Parcial,2026-06-22,24-06-2026,5.8,tarde
A00299,Paula Diaz,22,F,paula.diaz299@alumnos.tup.edu.ar,C1,Noche,2026-02-26,Quiz_01,Quiz,2026-03-30,2026-03-25,8.2,a tiempo
A00271,  Paula Molina ,30,M,paula.molina271@alumnos.tup.edu.ar, a3 ,Mañana,09-03-2026,TP_03,TP,2026-05-11,21-05-2026,5.7,Tarde
A00489,Lucia Fernandez,18,Femenino,lucia.fernandez489@alumnos.tup.edu.ar,A1,Mañana,26-02-2026,TP_03,TP,2026-05-11,09-05-2026,8.0,A tiempo
A00289,Lucas Alvarez,23,M,lucas.alvarez289@alumnos.tup.edu.ar,A1,Mañana,2026-03-05,TP_01,TP,2026-03-16,2026-03-15,3.4,a tiempo
A00510,Federico Martinez,24,M,federico.martinez510@alumnos.tup.edu.ar,A2,Mañana,2026-03-06,TP_01,TP,2026-03-16,2026-03-13,5.0,A TIEMPO
A00328,Bruno Lopez,22,F,bruno.lopez328@alumnos.tup.edu.ar,B2,Tarde,2026-03-08,Quiz_02,Quiz,2026-04-27,2026-04-23,5.4,A TIEMPO
A00368,Sofia Luna,27,Femenino,sofia.luna368@alumnos.tup.edu.ar,C1,Noche,2026-02-27,TP_03,TP,2026-05-11,10/05/2026,5.8,A TIEMPO
A00414,BENJAMIN PEREZ,22,X,benjamin.perez414@alumnos.tup.edu.ar,C4,Noche,2026-02-22,TP_02,TP,13/04/2026,09/04/2026,"8,7",A TIEMPO
A00182,Lucia Silva,19,F,lucia.silva182@alumnos.tup.edu.ar,A1,Mañana,16/02/2026,TP_02,TP,2026-04-13,08/04/2026,"7,3",A tiempo
A00678,Thiago Diaz,23,Masculino,thiago.diaz678@alumnos.tup.edu.ar,C4,Noche,2026-02-28,Quiz_01,Quiz,2026-03-30,2026-03-26,6.7,a tiempo
A00688,Benjamin Herrera,18,M,benjamin.herrera688@alumnos.tup.edu.ar,C3,Noche,21-02-2026,Quiz_01,Quiz,2026-03-30,26/03/2026,8.2,a tiempo
A00246,NICOLAS BENITEZ,18,F,nicolas.benitez246@alumnos.tup.edu.ar,C3,Noche,16-02-2026,Quiz_02,Quiz,2026-04-27,,,
A00153,ISABELLA MARTINEZ,22,F,isabella.martinez153@alumnos.tup.edu.ar,C4,Noche,2026-03-08,TP_04,TP,08/06/2026,11-06-2026,5.0,Tarde
A00666,Tomas Sanchez,17,Femenino,tomas.sanchez666@alumnos.tup.edu.ar, c2 ,Noche,2026-02-15,Parcial_01,Parcial,2026-06-22,2026-06-19,7.7,A TIEMPO
A00402,Mora Acosta,20,M,mora.acosta402@alumnos.tup.edu.ar,C1,Noche,2026-03-04,Parcial_01,Parcial,2026-06-22,19/06/2026,4.5,a tiempo
A00553,Felipe Romero,28,Masculino,felipe.romero553@alumnos.tup.edu.ar,B1,Tarde,2026-02-14,Quiz_01,Quiz,2026-03-30,2026-04-03,4.8,Tarde
A00176,Benjamin Castro,17,F,benjamin.castro176@alumnos.tup.edu.ar,A1,Mañana,2026-02-19,TP_04,TP,2026-06-08,2026-06-04,9.8,A tiempo
A00264,Antonella Molina,17,F,antonella.molina264@alumnos.tup.edu.ar,B1,Tarde,2026-03-03,Quiz_02,Quiz,2026-04-27,,,
A00022,Emma Garcia,27,Masculino,emma.garcia22@alumnos.tup.edu.ar,B1,Tarde,2026-02-28,Quiz_01,Quiz,2026-03-30,2026-03-25,4.7,a tiempo
A00212,Diego Sanchez,27,F,diego.sanchez212@alumnos.tup.edu.ar,C3,Noche,2026-03-05,TP_01,TP,16/03/2026,2026-03-16,8.1,A tiempo
A00544,Nicolas Suarez,29,F,nicolas.suarez544@alumnos.tup.edu.ar,A1,Mañana,2026-02-22,Quiz_01,Quiz,30-03-2026,,,NO ENTREGO
A00337,Mateo Aguirre,21,F,mateo.aguirre337@alumnos.tup.edu.ar,C2,Noche,02/03/2026,TP_03,TP,2026-05-11,2026-05-07,6.1,A tiempo
A00684,Mia Luna,17,F,mia.luna684@alumnos.tup.edu.ar,B2,Tarde,2026-02-28,TP_04,TP,2026-06-08,,,NO ENTREGO
A00062,Valentino Ortiz,30,M,valentino.ortiz62@alumnos.tup.edu.ar,A1,Mañana,2026-03-03,Quiz_02,Quiz,27-04-2026,22-04-2026,5.9,A TIEMPO
A00512,Bautista Ortiz,24,M,bautista.ortiz512@alumnos.tup.edu.ar,B2,Tarde,2026-02-20,TP_01,TP,2026-03-16,2026-03-11,8.6,A tiempo
A00055,Delfina Ortiz,18,F,delfina.ortiz55@alumnos.tup.edu.ar,A2,Mañana,24/02/2026,TP_02,TP,2026-04-13,25-04-2026,3.5,tarde
A00250,MAXIMO TORRES,20,Masculino,maximo.torres250@alumnos.tup.edu.ar,A3,Mañana,2026-02-23,TP_04,TP,2026-06-08,2026-06-16,6.6,tarde
A00632,Thiago Rodriguez,25,M,thiago.rodriguez632@alumnos.tup.edu.ar,C1,Noche,2026-03-08,TP_03,TP,2026-05-11,2026-05-09,6.1,A TIEMPO
A00300,ANTONELLA CASTRO,23,M,antonella.castro300@alumnos.tup.edu.ar,A3,MAÑANA,2026-02-28,TP_01,TP,16/03/2026,2026-03-14,4.6,a tiempo
A00101,Ignacio Perez,17,F,ignacio.perez101@alumnos.tup.edu.ar,B1,Tarde,2026-02-24,Quiz_02,Quiz,27-04-2026,2026-04-26,5.5,a tiempo
A00186,Florencia Benitez,28,F,florencia.benitez186@alumnos.tup.edu.ar, a1 ,Mañana,2026-03-06,TP_01,TP,2026-03-16,14/03/2026,3.5,a tiempo
A00669,Bautista Torres,22,M,bautista.torres669@alumnos.tup.edu.ar,C4,Noche,2026-02-14,Quiz_02,Quiz,2026-04-27,2026-04-29,"8,3",TARDE
A00508,  Ignacio Acosta ,19,F,ignacio.acosta508@alumnos.tup.edu.ar,A1,Mañana,15/02/2026,TP_02,TP,13-04-2026,13/04/2026,10.0,A tiempo
A00237,Isabella Torres,21,Masculino,isabella.torres237@alumnos.tup.edu.ar,A1,Mañana,06-03-2026,Quiz_01,Quiz,30/03/2026,2026-03-30,7.7,A tiempo
A00636,Bruno Romero,27,Masculino,bruno.romero636@alumnos.tup.edu.ar,B2,Tarde,2026-02-17,TP_03,TP,2026-05-11,2026-05-07,5.1,A TIEMPO
A00207,Florencia Torres,31,F,florencia.torres207@alumnos.tup.edu.ar,C4,Noche,17/02/2026,TP_01,TP,16/03/2026,,,No entrego
A00296,Bautista Flores,17,Femenino,bautista.flores296@alumnos.tup.edu.ar,B2,TARDE,2026-03-08,Quiz_02,Quiz,27/04/2026,23-04-2026,6.7,A tiempo
A00426,Manuel Fernandez,24,F,manuel.fernandez426@alumnos.tup.edu.ar,C2,Noche,2026-02-22,Quiz_02,Quiz,2026-04-27,2026-04-25,"7,9",a tiempo
A00667,Mora Sosa,20,F,mora.sosa667@alumnos.tup.edu.ar,C4,Noche,2026-02-23,Quiz_02,Quiz,2026-04-27,2026-04-22,8.5,a tiempo
A00487,Renata Herrera,17,F,renata.herrera487@alumnos.tup.edu.ar,C3,Noche,2026-02-15,Quiz_02,Quiz,2026-04-27,2026-05-08,6.5,TARDE
A00233,Lucia Luna,19,F,lucia.luna233@alumnos.tup.edu.ar,C4,Noche,2026-03-11,TP_02,TP,13/04/2026,2026-04-13,5.7,a tiempo
A00195,Joaquin Nuñez,23,F,joaquin.nuñez195@alumnos.tup.edu.ar,C3,Noche,2026-03-04,Parcial_01,Parcial,2026-06-22,18-06-2026,7.2,A tiempo
A00440,Victoria Herrera,25,M,victoria.herrera440@alumnos.tup.edu.ar,A2,Mañana,2026-02-28,Quiz_03,Quiz,2026-05-25,2026-05-21,7.3,A TIEMPO
A00500,Valentina Cabrera,18,M,valentina.cabrera500@alumnos.tup.edu.ar,A2,Mañana,2026-02-14,TP_03,TP,2026-05-11,2026-05-06,7.0,a tiempo
A00019,Mia Sosa,23,Masculino,mia.sosa19@alumnos.tup.edu.ar,C3,Noche,2026-02-18,Quiz_01,Quiz,2026-03-30,2026-04-08,3.7,TARDE
A00381,Sofia Torres,21,F,sofia.torres381@alumnos.tup.edu.ar,A3,Mañana,2026-03-10,TP_02,TP,2026-04-13,,,No entrego
A00154,Maximo Torres,19,Masculino,maximo.torres154@alumnos.tup.edu.ar,A2,Mañana,2026-03-09,TP_04,TP,2026-06-08,2026-06-08,8.0,A TIEMPO
A00596,Felipe Gonzalez,17,F,felipe.gonzalez596@alumnos.tup.edu.ar,A3,Mañana,2026-02-18,Quiz_02,Quiz,27/04/2026,,,No entrego
A00358,Lucia Romero,20,F,lucia.romero358@alumnos.tup.edu.ar,B1,Tarde,2026-03-03,TP_02,TP,2026-04-13,2026-04-10,8.7,a tiempo
A00422,Agustin Ruiz,25,M,agustin.ruiz422@alumnos.tup.edu.ar,A2,Mañana,09-03-2026,TP_02,TP,13/04/2026,,,No entrego
A00383,Felipe Rojas,31,Masculino,felipe.rojas383@alumnos.tup.edu.ar,A1,Mañana,2026-03-08,TP_01,TP,16/03/2026,2026-03-12,7.6,A TIEMPO
A00282,Martina Fernandez,23,M,martina.fernandez282@alumnos.tup.edu.ar,C2,Noche,16/02/2026,TP_04,TP,2026-06-08,2026-06-07,"8,4",A TIEMPO
A00668,Bruno Aguirre,22,M,bruno.aguirre668@alumnos.tup.edu.ar,B1,Tarde,2026-03-09,Quiz_02,Quiz,27/04/2026,25/04/2026,5.1,a tiempo
A00325,Catalina Suarez,23,M,catalina.suarez325@alumnos.tup.edu.ar,C2,Noche,2026-02-19,Quiz_03,Quiz,25-05-2026,2026-05-20,"4,1",A tiempo
A00285,Olivia Torres,22,F,olivia.torres285@alumnos.tup.edu.ar, c1 ,Noche,2026-02-23,TP_04,TP,2026-06-08,,,NO ENTREGO
A00459,Valentina Benitez,21,M,valentina.benitez459@alumnos.tup.edu.ar,A1,Mañana,25/02/2026,TP_03,TP,2026-05-11,2026-05-10,8.2,A TIEMPO
A00185,Renata Romero,26,M,renata.romero185@alumnos.tup.edu.ar,B1,Tarde,2026-02-19,TP_04,TP,08/06/2026,06/06/2026,"9,7",a tiempo
A00525,Nicolas Castro,19,Masculino,nicolas.castro525@alumnos.tup.edu.ar,A2,Mañana,10/03/2026,TP_04,TP,2026-06-08,,,no entregó
A00001,Catalina Ortiz,25,M,catalina.ortiz1@alumnos.tup.edu.ar,C1,NOCHE,2026-02-27,TP_01,TP,2026-03-16,2026-03-15,8.8,A tiempo
A00608,Delfina Torres,20,Femenino,,B2,Tarde,25/02/2026,Quiz_03,Quiz,2026-05-25,2026-06-02,3.9,Tarde
A00689,Nicolas Molina,20,Femenino,nicolas.molina689@alumnos.tup.edu.ar,A3,Mañana,2026-03-01,Quiz_01,Quiz,2026-03-30,2026-03-30,"3,5",A TIEMPO
A00266,Ignacio Silva,17,F,ignacio.silva266@alumnos.tup.edu.ar,C4,NOCHE,26/02/2026,Quiz_01,Quiz,2026-03-30,2026-03-25,7.4,a tiempo
A00108,Bruno Lopez,23,F,bruno.lopez108@alumnos.tup.edu.ar,A2,Mañana,27-02-2026,TP_03,TP,2026-05-11,2026-05-10,"8,2",a tiempo
A00375,Pilar Perez,25,M,pilar.perez375@alumnos.tup.edu.ar,A2,Mañana,2026-02-28,Quiz_02,Quiz,2026-04-27,2026-04-25,"7,5",A tiempo
A00546,Antonella Gonzalez,17,F,antonella.gonzalez546@alumnos.tup.edu.ar,C1,Noche,2026-02-14,Quiz_01,Quiz,2026-03-30,2026-03-30,3.2,A tiempo
A00140,Felipe Acosta,18,M,felipe.acosta140@alumnos.tup.edu.ar,A1,Mañana,2026-03-11,Parcial_01,Parcial,2026-06-22,2026-06-20,8.5,A tiempo
A00664,Benjamin Lopez,17,M,benjamin.lopez664@alumnos.tup.edu.ar,C2,Noche,03/03/2026,TP_04,TP,08/06/2026,2026-06-03,"6,8",A TIEMPO
A00629,Mia Fernandez,21,Masculino,mia.fernandez629@alumnos.tup.edu.ar,B1,Tarde,2026-02-17,TP_02,TP,2026-04-13,,,NO ENTREGO
A00440,Victoria Herrera,25,M,victoria.herrera440@alumnos.tup.edu.ar,A2,Mañana,2026-02-28,TP_01,TP,2026-03-16,2026-03-15,4.5,A tiempo
A00194,Agustin Garcia,22,Masculino,agustin.garcia194@alumnos.tup.edu.ar,A3,Mañana,23/02/2026,TP_01,TP,2026-03-16,2026-03-16,"7,4",A tiempo
A00148,Julieta Romero,27,F,julieta.romero148@alumnos.tup.edu.ar,B2,Tarde,2026-02-20,Quiz_02,Quiz,2026-04-27,2026-04-24,8.2,A TIEMPO
A00139,Thiago Castro,28,M,thiago.castro139@@alumnos.tup.edu.ar,A3,Mañana,2026-03-09,TP_02,TP,2026-04-13,2026-04-08,"6,3",A TIEMPO
A00579,Lucas Benitez,19,F,lucas.benitez579@alumnos.tup.edu.ar,A1,Mañana,06/03/2026,TP_01,TP,2026-03-16,2026-03-16,0.0,A tiempo
A00258,Bruno Sanchez,24,M,bruno.sanchez258@alumnos.tup.edu.ar,A1,Mañana,2026-02-15,TP_04,TP,2026-06-08,,,No entrego
A00461,Federico Sanchez,22,Masculino,federico.sanchez461@alumnos.tup.edu.ar,C2,Noche,2026-03-08,Parcial_01,Parcial,22/06/2026,2026-06-19,"8,0",A TIEMPO
A00667,Mora Sosa,20,F,mora.sosa667@alumnos.tup.edu.ar,C4,Noche,23-02-2026,TP_02,TP,13/04/2026,2026-04-13,"9,9",A tiempo
A00632,Thiago Rodriguez,25,M,thiago.rodriguez632@alumnos.tup.edu.ar,C1,Noche,08-03-2026,TP_04,TP,2026-06-08,2026-06-06,6.9,A TIEMPO
A00114,Sofia Flores,20,X,sofia.flores114@alumnos.tup.edu.ar,B1,Tarde,2026-02-27,Quiz_02,Quiz,27/04/2026,2026-04-24,6.2,A TIEMPO
A00466,Diego Silva,22,M,diego.silva466@alumnos.tup.edu.ar,C4,Noche,26/02/2026,TP_02,TP,2026-04-13,,,NO ENTREGO
A00475,Agustin Suarez,17,M,agustin.suarez475@@alumnos.tup.edu.ar,A3,Mañana,01/03/2026,Quiz_02,Quiz,2026-04-27,2026-04-24,7.2,a tiempo
A00362,Mia Silva,19,F,mia.silva362@alumnos.tup.edu.ar,B2,Tarde,2026-02-18,Parcial_01,Parcial,2026-06-22,2026-06-19,"8,6",A tiempo
A00118,Federico Aguirre,25,M,federico.aguirre118@alumnos.tup.edu.ar,C2,Noche,2026-03-08,TP_02,TP,2026-04-13,17-04-2026,7.1,Tarde
A00272,Valentina Sosa,21,M,,B2,Tarde,2026-02-19,TP_03,TP,2026-05-11,,,no entregó
A00123,Maximo Vega,25,M,maximo.vega123@alumnos.tup.edu.ar,B2,Tarde,2026-02-23,TP_03,TP,2026-05-11,2026-05-07,8.3,A TIEMPO
A00563,Victoria Flores,22,F,victoria.flores563@alumnos.tup.edu.ar,B2,Tarde,2026-02-24,TP_03,TP,11/05/2026,2026-05-08,6.9,a tiempo
A00298,LAUTARO ORTIZ,18,Femenino,lautaro.ortiz298@alumnos.tup.edu.ar,B1,Tarde,2026-03-10,TP_04,TP,08/06/2026,2026-06-03,5.6,a tiempo
A00196,Manuel Martinez,25,Femenino,manuel.martinez196@alumnos.tup.edu.ar,A3,Mañana,19/02/2026,TP_03,TP,2026-05-11,,,
A00401,Diego Medina,26,M,diego.medina401@alumnos.tup.edu.ar,A1,Mañana,04/03/2026,TP_01,TP,2026-03-16,2026-03-18,"8,2",tarde
A00356,Maximo Perez,23,M,maximo.perez356@alumnos.tup.edu.ar,B1,Tarde,2026-02-21,Quiz_02,Quiz,27/04/2026,2026-04-26,5.1,a tiempo
A00689,Nicolas Molina,20,Femenino,nicolas.molina689@alumnos.tup.edu.ar,A3,Mañana,2026-03-01,Quiz_03,Quiz,2026-05-25,,,no entregó
A00675,Lucia Herrera,31,M,lucia.herrera675@alumnos.tup.edu.ar,C1,Noche,2026-03-10,TP_02,TP,13-04-2026,18/04/2026,4.1,Tarde
A00173,Florencia Suarez,17,femenino,florencia.suarez173@alumnos.tup.edu.ar,B2,Tarde,2026-03-04,TP_04,TP,2026-06-08,2026-06-03,"8,0",a tiempo
A00061,Mateo Nuñez,24,M,mateo.nuñez61@alumnos.tup.edu.ar,A2,Mañana,19-02-2026,Quiz_01,Quiz,30/03/2026,29/03/2026,7.0,A tiempo
A00484,Maximo Sosa,20,M,maximo.sosa484@alumnos.tup.edu.ar,A3,Mañana,2026-03-11,Quiz_02,Quiz,27/04/2026,2026-04-25,3.8,A TIEMPO
A00254,  Agustin Martinez ,27,M,agustin.martinez254@alumnos.tup.edu.ar,A1,Mañana,2026-03-01,Quiz_01,Quiz,30/03/2026,2026-03-27,7.7,a tiempo
A00194,Agustin Garcia,22,Masculino,agustin.garcia194@alumnos.tup.edu.ar,A3,Mañana,2026-02-23,Quiz_03,Quiz,2026-05-25,25/05/2026,8.3,A tiempo
A00449,Pilar Martinez,18,M,pilar.martinez449@alumnos.tup.edu.ar,A3,Mañana,08/03/2026,TP_02,TP,2026-04-13,2026-04-11,5.6,a tiempo
A00267,Agustin Alvarez,27,M,agustin.alvarez267@alumnos.tup.edu.ar,B2,Tarde,2026-03-03,Parcial_01,Parcial,2026-06-22,,,NO ENTREGO
A00360,Catalina Cabrera,23,M,catalina.cabrera360@alumnos.tup.edu.ar,C2,Noche,22/02/2026,TP_03,TP,2026-05-11,2026-05-11,4.6,A TIEMPO
A00222,lautaro fernandez,18,F,lautaro.fernandez222@alumnos.tup.edu.ar,C3,Noche,15/02/2026,TP_04,TP,08/06/2026,2026-06-12,4.7,TARDE
A00238,Olivia Castro,17,F,olivia.castro238@alumnos.tup.edu.ar,C2,Noche,2026-03-04,Parcial_01,Parcial,2026-06-22,,,NO ENTREGO
A00098,Maximo Castro,25,F,maximo.castro98@alumnos.tup.edu.ar,A3,Mañana,2026-02-16,Quiz_01,Quiz,2026-03-30,2026-04-07,3.2,tarde
A00419,JULIETA MARTINEZ,25,F,julieta.martinez419@alumnos.tup.edu.ar,C4,Noche,2026-03-07,Parcial_01,Parcial,22/06/2026,,,
A00292,Mateo Gonzalez,26,F,mateo.gonzalez292@@alumnos.tup.edu.ar,B1,Tarde,2026-03-10,TP_04,TP,2026-06-08,06/06/2026,7.0,A TIEMPO
A00074,Paula Garcia,21,M,paula.garcia74@alumnos.tup.edu.ar,A1,Mañana,07/03/2026,Quiz_02,Quiz,27/04/2026,26/04/2026,5.7,a tiempo
A00154,Maximo Torres,19,Masculino,maximo.torres154@alumnos.tup.edu.ar,A2,Mañana,2026-03-09,Quiz_02,Quiz,27/04/2026,27/04/2026,8.8,A TIEMPO
A00417,Santino Ramirez,28,F,santino.ramirez417@alumnos.tup.edu.ar,B2,Tarde,2026-03-07,Quiz_01,Quiz,2026-03-30,2026-03-27,6.5,A TIEMPO
A00040,Martina Sosa,25,Femenino,martina.sosa40@alumnos.tup.edu.ar,C3,Noche,2026-02-22,TP_01,TP,2026-03-16,2026-03-16,8.6,A TIEMPO
A00304,Agustin Sanchez,25,F,agustin.sanchez304@alumnos.tup.edu.ar,C3,Noche,2026-02-14,TP_02,TP,13/04/2026,2026-04-12,7.7,A TIEMPO
A00148,Julieta Romero,27,F,julieta.romero148@alumnos.tup.edu.ar,B2,Tarde,2026-02-20,Quiz_03,Quiz,2026-05-25,01-06-2026,8.6,Tarde
A00207,Florencia Torres,31,F,florencia.torres207@alumnos.tup.edu.ar,C4,Noche,17/02/2026,Quiz_03,Quiz,25-05-2026,,,
A00068,Martina Garcia,19,F,martina.garcia68@alumnos.tup.edu.ar,A1,Mañana,2026-02-25,TP_03,TP,2026-05-11,2026-05-06,5.7,A tiempo
A00547,Agustin Rodriguez,27,M,agustin.rodriguez547@alumnos.tup.edu.ar,C3,NOCHE,2026-02-14,Parcial_01,Parcial,2026-06-22,2026-06-17,8.5,A tiempo
A00094,Nicolas Rodriguez,20,M,nicolas.rodriguez94@alumnos.tup.edu.ar,A2,Mañana,2026-02-24,TP_02,TP,13/04/2026,2026-04-10,8.2,A TIEMPO
A00510,Federico Martinez,24,M,federico.martinez510@alumnos.tup.edu.ar,A2,Mañana,2026-03-06,TP_02,TP,2026-04-13,21/04/2026,1.6,TARDE
A00287,Federico Medina,20,Femenino,federico.medina287@alumnos.tup.edu.ar,C4,Noche,2026-02-22,TP_04,TP,2026-06-08,2026-06-06,7.5,A TIEMPO
A00678,Thiago Diaz,23,Masculino,thiago.diaz678@alumnos.tup.edu.ar,C4,Noche,28/02/2026,Quiz_02,Quiz,2026-04-27,2026-04-26,"7,6",A TIEMPO
A00587,Pilar Rodriguez,23,Femenino,pilar.rodriguez587@alumnos.tup.edu.ar, c2 ,Noche,2026-03-09,Parcial_01,Parcial,22/06/2026,2026-06-18,"7,5",a tiempo
A00601,Julieta Suarez,18,F,julieta.suarez601@alumnos.tup.edu.ar,A2,Mañana,2026-02-27,TP_02,TP,2026-04-13,,,no entregó
A00698,Martina Romero,28,M,martina.romero698@alumnos.tup.edu.ar,C4,Noche,2026-03-08,Quiz_03,Quiz,2026-05-25,2026-05-22,7.2,A tiempo
A00593,gabriel fernandez,21,Masculino,gabriel.fernandez593@alumnos.tup.edu.ar,B2,Tarde,20-02-2026,TP_01,TP,16-03-2026,,,no entregó
A00273,Bautista Gonzalez,17,M,bautista.gonzalez273@alumnos.tup.edu.ar,C3,Noche,10-03-2026,Parcial_01,Parcial,2026-06-22,2026-06-22,8.0,A TIEMPO
A00500,Valentina Cabrera,18,M,valentina.cabrera500@alumnos.tup.edu.ar,A2,Mañana,14/02/2026,TP_04,TP,2026-06-08,2026-06-15,4.9,TARDE
A00231,Valentino Cabrera,18,M,valentino.cabrera231@alumnos.tup.edu.ar,B2,Tarde,2026-03-01,TP_04,TP,2026-06-08,2026-06-04,6.7,A TIEMPO
A00486,Santino Lopez,22,F,santino.lopez486@alumnos.tup.edu.ar,C4,Noche,2026-03-06,TP_01,TP,2026-03-16,2026-03-13,5.9,a tiempo
A00181,Manuel Ortiz,22,F,manuel.ortiz181@alumnos.tup.edu.ar,B1,Tarde,2026-03-08,TP_01,TP,2026-03-16,2026-03-24,"7,1",Tarde
A00535,Valentino Molina,17,F,valentino.molina535@alumnos.tup.edu.ar,A3,Mañana,2026-03-09,Quiz_02,Quiz,2026-04-27,,,no entregó
A00529,Bautista Rodriguez,17,F,bautista.rodriguez529@alumnos.tup.edu.ar,A1,Mañana,2026-03-05,TP_03,TP,2026-05-11,,,
A00638,Julieta Herrera,17,M,julieta.herrera638@alumnos.tup.edu.ar,A2,Mañana,20-02-2026,Quiz_03,Quiz,25/05/2026,25-05-2026,7.8,A tiempo
A00260,bruno flores,25,F,bruno.flores260@alumnos.tup.edu.ar,A2,Mañana,2026-03-08,Quiz_01,Quiz,2026-03-30,2026-03-31,2.9,TARDE
A00096,Renata Torres,25,M,renata.torres96@alumnos.tup.edu.ar,C2,Noche,2026-02-27,Quiz_01,Quiz,2026-03-30,,,NO ENTREGO
A00334,Mateo Flores,17,Masculino,mateo.flores334@alumnos.tup.edu.ar,B2,Tarde,24-02-2026,TP_03,TP,2026-05-11,2026-05-10,"5,8",A tiempo
A00025,Santino Ruiz,20,F,santino.ruiz25@alumnos.tup.edu.ar,B1,Tarde,2026-02-26,Quiz_02,Quiz,2026-04-27,2026-04-24,6.0,a tiempo
A00550,Valentina Molina,29,F,valentina.molina550@alumnos.tup.edu.ar,A3,Mañana,2026-03-02,Quiz_01,Quiz,30-03-2026,2026-04-02,"2,8",tarde
A00287,Federico Medina,20,Femenino,federico.medina287@alumnos.tup.edu.ar,C4,Noche,2026-02-22,TP_01,TP,2026-03-16,13-03-2026,6.3,A tiempo
A00363,Lucas Molina,17,Femenino,lucas.molina363@alumnos.tup.edu.ar,B1,Tarde,14-02-2026,TP_04,TP,08/06/2026,03/06/2026,6.3,a tiempo
A00517,Agustin Acosta,22,M,agustin.acosta517@alumnos.tup.edu.ar,A1,Mañana,2026-03-09,Quiz_02,Quiz,2026-04-27,2026-04-26,"7,4",a tiempo
A00658,Martina Luna,22,F,martina.luna658@alumnos.tup.edu.ar,C3,Noche,05/03/2026,TP_01,TP,2026-03-16,2026-03-11,"5,1",A tiempo
A00520,Camila Torres,26,F,camila.torres520@alumnos.tup.edu.ar,C4,Noche,10/03/2026,Parcial_01,Parcial,2026-06-22,,,NO ENTREGO
A00684,Mia Luna,17,F,mia.luna684@alumnos.tup.edu.ar,B2,Tarde,2026-02-28,Quiz_01,Quiz,30/03/2026,2026-04-07,6.7,TARDE
A00124,Felipe Rojas,24,M,felipe.rojas124@alumnos.tup.edu.ar,B2,Tarde,2026-02-21,TP_03,TP,2026-05-11,2026-05-15,"4,5",TARDE
A00254,  Agustin Martinez ,27,M,agustin.martinez254@alumnos.tup.edu.ar,A1,Mañana,2026-03-01,TP_04,TP,08-06-2026,2026-06-04,6.4,A tiempo
A00242,Mora Ortiz,17,F,mora.ortiz242@alumnos.tup.edu.ar,B2,Tarde,27/02/2026,TP_02,TP,2026-04-13,2026-04-08,9.0,A TIEMPO
A00170,Valentino Sanchez,24,Femenino,valentino.sanchez170@alumnos.tup.edu.ar,B2,Tarde,18/02/2026,Quiz_02,Quiz,2026-04-27,2026-04-25,8.2,a tiempo
A00052,Valentino Sanchez,22,M,valentino.sanchez52@alumnos.tup.edu.ar,C2,Noche,2026-02-14,TP_03,TP,2026-05-11,2026-05-11,7.5,A TIEMPO
A00574,Isabella Benitez,23,Femenino,isabella.benitez574@alumnos.tup.edu.ar,B2,Tarde,2026-02-24,Quiz_01,Quiz,2026-03-30,,,
A00376,Joaquin Sanchez,21,M,joaquin.sanchez376@alumnos.tup.edu.ar,C2,Noche,20/02/2026,TP_03,TP,11/05/2026,2026-05-11,4.6,a tiempo
A00269,Paula Martinez,25,F,paula.martinez269@alumnos.tup.edu.ar,A2,Mañana,2026-03-05,TP_03,TP,2026-05-11,06-05-2026,7.1,A tiempo
A00185,Renata Romero,26,M,renata.romero185@alumnos.tup.edu.ar,B1,Tarde,2026-02-19,Parcial_01,Parcial,22/06/2026,2026-06-21,6.9,A tiempo
A00332,Lucas Garcia,22,M,lucas.garcia332@@alumnos.tup.edu.ar,A3,Mañana,2026-02-20,Quiz_02,Quiz,2026-04-27,2026-04-25,5.1,a tiempo
A00563,Victoria Flores,22,F,victoria.flores563@alumnos.tup.edu.ar,B2,Tarde,2026-02-24,TP_04,TP,2026-06-08,03-06-2026,"8,3",A tiempo
A00352,Julieta Acosta,22,M,julieta.acosta352@alumnos.tup.edu.ar,B1,Tarde,2026-02-14,TP_01,TP,2026-03-16,14-03-2026,6.5,A tiempo
A00362,Mia Silva,19,F,mia.silva362@alumnos.tup.edu.ar,B2,Tarde,18-02-2026,TP_01,TP,2026-03-16,11/03/2026,6.5,A TIEMPO
A00389,Manuel Diaz,17,F,manuel.diaz389@alumnos.tup.edu.ar,A3,Mañana,2026-03-04,TP_04,TP,2026-06-08,,,No entrego
A00164,Felipe Medina,25,F,felipe.medina164@alumnos.tup.edu.ar,C1,Noche,2026-03-08,TP_04,TP,2026-06-08,,,no entregó
A00030,Victoria Romero,17,M,victoria.romero30@alumnos.tup.edu.ar,B2,Tarde,2026-02-27,TP_01,TP,2026-03-16,15/03/2026,"7,6",A TIEMPO
A00300,ANTONELLA CASTRO,23,M,antonella.castro300@alumnos.tup.edu.ar,A3,MAÑANA,2026-02-28,TP_03,TP,2026-05-11,,,
A00489,Lucia Fernandez,18,Femenino,lucia.fernandez489@alumnos.tup.edu.ar,A1,Mañana,2026-02-26,TP_02,TP,2026-04-13,2026-04-08,5.3,A tiempo
A00144,Tomas Acosta,23,M,tomas.acosta144@alumnos.tup.edu.ar,A1,Mañana,2026-02-22,Parcial_01,Parcial,22/06/2026,,,NO ENTREGO
A00639,Antonella Luna,24,M,antonella.luna639@alumnos.tup.edu.ar,B2,TARDE,2026-02-19,TP_03,TP,2026-05-11,,,no entregó
A00268,Ignacio Medina,21,F,ignacio.medina268@alumnos.tup.edu.ar,C1,Noche,24/02/2026,TP_04,TP,2026-06-08,,,NO ENTREGO
A00625,Thiago Gonzalez,21,Masculino,thiago.gonzalez625@alumnos.tup.edu.ar,C1,Noche,2026-03-05,Quiz_01,Quiz,30/03/2026,2026-03-29,5.7,A tiempo
A00320,Camila Cabrera,19,Masculino,camila.cabrera320@alumnos.tup.edu.ar,A1,Mañana,2026-02-20,Quiz_03,Quiz,2026-05-25,,,No entrego
A00063,Florencia Romero,24,F,florencia.romero63@alumnos.tup.edu.ar,C3,Noche,2026-03-05,TP_01,TP,2026-03-16,2026-03-14,5.7,A TIEMPO
A00494,Olivia Nuñez,25,M,olivia.nuñez494@alumnos.tup.edu.ar,C4,Noche,2026-02-25,TP_01,TP,2026-03-16,2026-03-13,9.0,a tiempo
A00130,  Benjamin Rojas ,31,M,benjamin.rojas130@alumnos.tup.edu.ar,C1,Noche,18/02/2026,TP_04,TP,2026-06-08,06/06/2026,5.0,a tiempo
A00159,Catalina Alvarez,17,femenino,catalina.alvarez159@alumnos.tup.edu.ar,A3,Mañana,2026-02-18,Quiz_03,Quiz,25/05/2026,25-05-2026,6.4,a tiempo
A00229,Tomas Aguirre,26,Femenino,tomas.aguirre229@alumnos.tup.edu.ar,A2,MAÑANA,2026-02-24,TP_02,TP,13/04/2026,2026-04-11,7.9,A tiempo
A00538,Felipe Flores,20,F,felipe.flores538@alumnos.tup.edu.ar,C1,Noche,2026-03-01,Parcial_01,Parcial,22/06/2026,23-06-2026,5.0,TARDE
A00205,Benjamin Torres,19,F,benjamin.torres205@alumnos.tup.edu.ar,C4,NOCHE,2026-03-04,Quiz_01,Quiz,30/03/2026,,,No entrego
A00171,Manuel Rojas,18,F,manuel.rojas171@alumnos.tup.edu.ar,C2,Noche,25-02-2026,TP_04,TP,2026-06-08,,,
A00215,Mateo Castro,17,F,mateo.castro215@alumnos.tup.edu.ar,C2,Noche,2026-03-03,TP_02,TP,13/04/2026,08/04/2026,7.0,a tiempo
A00054,Gabriel Diaz,20,M,gabriel.diaz54@alumnos.tup.edu.ar,B1,TARDE,2026-02-28,TP_04,TP,2026-06-08,2026-06-06,9.3,A TIEMPO
A00182,Lucia Silva,19,F,lucia.silva182@alumnos.tup.edu.ar,A1,Mañana,2026-02-16,Quiz_02,Quiz,2026-04-27,2026-04-22,8.9,A tiempo
A00455,Gabriel Suarez,31,M,gabriel.suarez455@alumnos.tup.edu.ar,B1,Tarde,28/02/2026,TP_03,TP,11/05/2026,09/05/2026,7.5,A tiempo
A00677,Guadalupe Benitez,18,F,guadalupe.benitez677@alumnos.tup.edu.ar,A3,Mañana,2026-03-10,Quiz_01,Quiz,2026-03-30,,,no entregó
A00220,Antonella Garcia,22,F,antonella.garcia220@alumnos.tup.edu.ar,C3,Noche,2026-02-23,TP_04,TP,2026-06-08,2026-06-05,7.7,A tiempo
A00425,Bautista Castro,28,Femenino,bautista.castro425@alumnos.tup.edu.ar,C3,NOCHE,06/03/2026,TP_01,TP,2026-03-16,13-03-2026,7.7,A TIEMPO
A00533,Santino Cabrera,19,Masculino,santino.cabrera533@alumnos.tup.edu.ar,C1,Noche,2026-02-17,Quiz_01,Quiz,2026-03-30,2026-03-28,"7,0",A tiempo
A00657,Valentino Alvarez,23,F,valentino.alvarez657@alumnos.tup.edu.ar,A2,Mañana,2026-03-05,TP_04,TP,2026-06-08,08/06/2026,8.1,a tiempo
A00313,Mia Torres,20,F,mia.torres313@alumnos.tup.edu.ar,A1,Mañana,2026-03-07,TP_04,TP,08/06/2026,2026-06-04,"7,9",a tiempo
A00547,Agustin Rodriguez,27,M,agustin.rodriguez547@alumnos.tup.edu.ar,C3,NOCHE,2026-02-14,TP_04,TP,2026-06-08,2026-06-08,6.7,A TIEMPO
A00146,  Camila Gonzalez ,17,F,camila.gonzalez146@alumnos.tup.edu.ar,B2,Tarde,2026-02-27,Parcial_01,Parcial,2026-06-22,2026-06-21,"10,0",A TIEMPO
A00302,Nicolas Perez,22,M,nicolas.perez302@alumnos.tup.edu.ar,A3,Mañana,2026-03-07,TP_02,TP,2026-04-13,09/04/2026,7.1,A TIEMPO
A00665,Bruno Ramirez,20,Masculino,bruno.ramirez665@alumnos.tup.edu.ar,B1,Tarde,22/02/2026,TP_03,TP,2026-05-11,2026-05-11,10.0,A TIEMPO
A00358,Lucia Romero,20,F,lucia.romero358@alumnos.tup.edu.ar,B1,Tarde,2026-03-03,TP_01,TP,2026-03-16,15-03-2026,"10,0",A TIEMPO
A00229,Tomas Aguirre,26,Femenino,tomas.aguirre229@alumnos.tup.edu.ar,A2,MAÑANA,2026-02-24,TP_03,TP,2026-05-11,2026-05-09,"7,6",A tiempo
A00390,Julieta Garcia,27,M,julieta.garcia390@alumnos.tup.edu.ar,A3,Mañana,26/02/2026,Parcial_01,Parcial,2026-06-22,19/06/2026,9.0,a tiempo
A00315,Martina Sanchez,19,femenino,martina.sanchez315@alumnos.tup.edu.ar, c2 ,Noche,2026-02-22,Parcial_01,Parcial,22/06/2026,,,no entregó
A00125,Diego Acosta,17,F,diego.acosta125@alumnos.tup.edu.ar,C1,Noche,20-02-2026,Parcial_01,Parcial,2026-06-22,19/06/2026,7.8,a tiempo
A00497,Martina Ramirez,17,F,martina.ramirez497@alumnos.tup.edu.ar,A2,Mañana,2026-02-20,Quiz_01,Quiz,2026-03-30,2026-03-26,8.6,A tiempo
A00147,Valentina Benitez,31,femenino,valentina.benitez147@alumnos.tup.edu.ar,B1,Tarde,2026-02-26,Parcial_01,Parcial,2026-06-22,2026-06-17,7.8,A TIEMPO
A00656,Bautista Rodriguez,18,Femenino,bautista.rodriguez656@alumnos.tup.edu.ar,B1,Tarde,20/02/2026,Quiz_02,Quiz,2026-04-27,,,no entregó
A00503,Diego Garcia,23,F,diego.garcia503@alumnos.tup.edu.ar,B1,Tarde,2026-02-19,TP_02,TP,13/04/2026,,,no entregó
A00030,Victoria Romero,17,M,victoria.romero30@alumnos.tup.edu.ar,B2,Tarde,2026-02-27,TP_03,TP,11/05/2026,15/05/2026,7.8,tarde
A00664,Benjamin Lopez,17,M,benjamin.lopez664@alumnos.tup.edu.ar,C2,Noche,03/03/2026,Quiz_03,Quiz,2026-05-25,2026-05-20,7.2,A tiempo
A00528,Santino Herrera,33,F,santino.herrera528@alumnos.tup.edu.ar,A3,Mañana,2026-03-01,TP_04,TP,2026-06-08,2026-06-06,5.9,A TIEMPO
A00335,Martina Medina,36,Masculino,martina.medina335@alumnos.tup.edu.ar,B1,Tarde,05/03/2026,Parcial_01,Parcial,2026-06-22,2026-06-21,8.5,a tiempo
A00596,Felipe Gonzalez,17,F,felipe.gonzalez596@alumnos.tup.edu.ar,A3,Mañana,2026-02-18,Quiz_01,Quiz,2026-03-30,,,No entrego
A00088,Gabriel Molina,20,Femenino,gabriel.molina88@alumnos.tup.edu.ar,C4,Noche,2026-03-07,TP_02,TP,2026-04-13,,,no entregó
A00469,Diego Torres,17,femenino,diego.torres469@alumnos.tup.edu.ar,B2,TARDE,19/02/2026,Quiz_01,Quiz,2026-03-30,2026-03-25,5.3,A TIEMPO
A00675,Lucia Herrera,31,M,lucia.herrera675@alumnos.tup.edu.ar,C1,Noche,2026-03-10,Quiz_03,Quiz,2026-05-25,,,no entregó
A00083,Santino Rojas,21,femenino,santino.rojas83@alumnos.tup.edu.ar,A2,Mañana,2026-02-25,TP_01,TP,2026-03-16,2026-03-13,10.0,A tiempo
A00404,Victoria Torres,23,F,victoria.torres404@alumnos.tup.edu.ar,B1,Tarde,2026-03-01,TP_03,TP,2026-05-11,,,
A00100,Camila Ramirez,24,Femenino,camila.ramirez100@alumnos.tup.edu.ar,B2,Tarde,2026-03-03,TP_04,TP,2026-06-08,2026-06-05,"7,1",A tiempo
A00572,Federico Gonzalez,12,M,,B2,Tarde,2026-03-11,Quiz_03,Quiz,2026-05-25,2026-05-20,6.3,A TIEMPO
A00686,Lucas Luna,20,F,lucas.luna686@alumnos.tup.edu.ar,C4,Noche,2026-02-17,Quiz_03,Quiz,2026-05-25,,,No entrego
A00541,Agustin Cabrera,17,Femenino,agustin.cabrera541@alumnos.tup.edu.ar,B1,Tarde,25-02-2026,Parcial_01,Parcial,22/06/2026,2026-06-24,6.7,tarde
A00149,Tomas Garcia,30,F,tomas.garcia149@alumnos.tup.edu.ar,B2,Tarde,2026-02-24,Parcial_01,Parcial,2026-06-22,04/07/2026,6.3,Tarde
A00568,  Catalina Molina ,27,Femenino,catalina.molina568@alumnos.tup.edu.ar,C2,Noche,06/03/2026,Parcial_01,Parcial,22-06-2026,,,NO ENTREGO
A00235,Lucia Silva,17,M,lucia.silva235@alumnos.tup.edu.ar,C1,Noche,2026-02-27,Quiz_03,Quiz,2026-05-25,,,NO ENTREGO
A00152,Maximo Flores,25,Masculino,maximo.flores152@alumnos.tup.edu.ar,C4,Noche,16/02/2026,TP_02,TP,2026-04-13,15-04-2026,6.0,Tarde
A00528,Santino Herrera,33,F,santino.herrera528@alumnos.tup.edu.ar,A3,Mañana,01/03/2026,Quiz_01,Quiz,2026-03-30,2026-03-28,"7,9",a tiempo
A00638,Julieta Herrera,17,M,julieta.herrera638@alumnos.tup.edu.ar,A2,Mañana,2026-02-20,TP_03,TP,2026-05-11,2026-05-11,7.4,A tiempo
A00364,Valentino Medina,22,M,valentino.medina364@alumnos.tup.edu.ar,B2,Tarde,2026-02-28,TP_01,TP,2026-03-16,2026-03-27,"4,7",TARDE
A00345,Lucia Castro,20,F,lucia.castro345@alumnos.tup.edu.ar,C4,Noche,2026-03-07,Quiz_03,Quiz,2026-05-25,,,no entregó
A00491,Felipe Sanchez,28,M,felipe.sanchez491@alumnos.tup.edu.ar,C2,NOCHE,17/02/2026,TP_02,TP,2026-04-13,09/04/2026,3.7,A TIEMPO
A00268,Ignacio Medina,21,F,ignacio.medina268@alumnos.tup.edu.ar,C1,Noche,24/02/2026,TP_01,TP,2026-03-16,27-03-2026,6.3,Tarde
A00309,Felipe Lopez,17,F,felipe.lopez309@alumnos.tup.edu.ar,A3,Mañana,2026-03-06,Quiz_02,Quiz,2026-04-27,2026-04-27,6.7,A TIEMPO
A00219,Joaquin Nuñez,20,M,,C4,Noche,2026-02-24,Quiz_02,Quiz,2026-04-27,2026-05-03,"6,3",Tarde
A00342,Valentina Fernandez,17,M,valentina.fernandez342@alumnos.tup.edu.ar,B2,Tarde,2026-03-08,TP_03,TP,2026-05-11,,,
A00061,Mateo Nuñez,24,M,mateo.nuñez61@alumnos.tup.edu.ar,A2,Mañana,19/02/2026,TP_04,TP,2026-06-08,2026-06-05,"6,6",A tiempo
A00240,Felipe Silva,23,Femenino,felipe.silva240@alumnos.tup.edu.ar,C2,Noche,07-03-2026,Parcial_01,Parcial,22/06/2026,03/07/2026,7.1,Tarde
A00295,Lucas Medina,20,Femenino,lucas.medina295@alumnos.tup.edu.ar,B1,Tarde,2026-02-18,TP_04,TP,2026-06-08,,,
A00313,Mia Torres,20,F,mia.torres313@alumnos.tup.edu.ar,A1,Mañana,2026-03-07,Parcial_01,Parcial,2026-06-22,,,No entrego
A00519,Olivia Acosta,22,M,olivia.acosta519@alumnos.tup.edu.ar,C2,Noche,2026-02-16,TP_01,TP,2026-03-16,21/03/2026,4.5,Tarde
A00259,Agustin Castro,18,Masculino,agustin.castro259@alumnos.tup.edu.ar,C3,Noche,21/02/2026,Quiz_02,Quiz,2026-04-27,2026-04-26,6.4,a tiempo
A00221,Antonella Acosta,32,F,antonella.acosta221@alumnos.tup.edu.ar,B2,Tarde,2026-03-09,TP_01,TP,2026-03-16,2026-03-13,"9,4",A tiempo
A00427,Mora Nuñez,23,M,mora.nuñez427@alumnos.tup.edu.ar,B2,Tarde,2026-02-28,TP_02,TP,2026-04-13,2026-04-13,6.4,A TIEMPO
A00074,Paula Garcia,21,M,paula.garcia74@alumnos.tup.edu.ar,A1,Mañana,2026-03-07,TP_03,TP,2026-05-11,2026-05-12,"5,8",TARDE
A00173,Florencia Suarez,17,femenino,florencia.suarez173@alumnos.tup.edu.ar,B2,Tarde,2026-03-04,TP_02,TP,2026-04-13,2026-04-11,7.7,a tiempo
A00448,VICTORIA CASTRO,17,Masculino,victoria.castro448@alumnos.tup.edu.ar,C3,Noche,2026-03-06,Quiz_02,Quiz,2026-04-27,25/04/2026,6.7,A TIEMPO
A00551,gabriel diaz,26,M,gabriel.diaz551@alumnos.tup.edu.ar,C2,Noche,22/02/2026,Quiz_02,Quiz,2026-04-27,2026-04-24,"9,4",A TIEMPO
A00480,Ignacio Herrera,17,M,ignacio.herrera480@alumnos.tup.edu.ar,C1,Noche,2026-03-01,Quiz_02,Quiz,2026-04-27,2026-04-26,7.6,a tiempo
A00585,Antonella Silva,28,Masculino,antonella.silva585@alumnos.tup.edu.ar, a2 ,Mañana,10/03/2026,TP_04,TP,2026-06-08,,,no entregó
A00383,Felipe Rojas,31,Masculino,felipe.rojas383@alumnos.tup.edu.ar,A1,Mañana,2026-03-08,Quiz_03,Quiz,2026-05-25,20/05/2026,9.5,a tiempo
A00353,Lautaro Medina,18,F,lautaro.medina353@alumnos.tup.edu.ar,B2,Tarde,2026-03-04,TP_03,TP,2026-05-11,2026-05-09,9.7,A tiempo
A00504,Tomas Ruiz,22,M,tomas.ruiz504@alumnos.tup.edu.ar,A1,Mañana,2026-02-23,TP_02,TP,2026-04-13,,,no entregó
A00013,Bautista Perez,17,F,bautista.perez13@alumnos.tup.edu.ar,B2,Tarde,16-02-2026,TP_04,TP,2026-06-08,,,No entrego
A00307,Renata Ortiz,24,Femenino,renata.ortiz307@alumnos.tup.edu.ar,B2,Tarde,2026-03-06,TP_04,TP,08-06-2026,2026-06-08,5.4,a tiempo
A00119,Tomas Vega,21,Femenino,tomas.vega119@alumnos.tup.edu.ar,B2,Tarde,09/03/2026,Parcial_01,Parcial,2026-06-22,,,NO ENTREGO
A00072,Bautista Nuñez,25,Masculino,bautista.nuñez72@alumnos.tup.edu.ar,C3,Noche,15/02/2026,Parcial_01,Parcial,2026-06-22,,,No entrego
A00690,Olivia Rodriguez,20,F,olivia.rodriguez690@alumnos.tup.edu.ar,C2,Noche,23/02/2026,Quiz_03,Quiz,2026-05-25,,,
A00622,Gabriel Fernandez,17,M,, a3 ,MAÑANA,2026-02-28,TP_04,TP,2026-06-08,2026-06-04,4.2,A TIEMPO
A00228,Joaquin Lopez,25,M,joaquin.lopez228@alumnos.tup.edu.ar,A1,Mañana,2026-02-25,Quiz_02,Quiz,27/04/2026,24/04/2026,5.0,A TIEMPO
A00008,Ignacio Silva,17,Femenino,ignacio.silva8@@alumnos.tup.edu.ar,B1,Tarde,2026-02-24,TP_03,TP,2026-05-11,2026-05-16,5.9,tarde
A00109,Joaquin Aguirre,33,Masculino,joaquin.aguirre109@alumnos.tup.edu.ar,B2,Tarde,2026-02-15,TP_04,TP,2026-06-08,04/06/2026,"6,7",A TIEMPO
A00559,Felipe Flores,28,F,felipe.flores559@alumnos.tup.edu.ar,C4,Noche,01-03-2026,TP_01,TP,2026-03-16,2026-03-12,8.9,A tiempo
A00052,Valentino Sanchez,22,M,valentino.sanchez52@alumnos.tup.edu.ar,C2,Noche,2026-02-14,TP_04,TP,2026-06-08,2026-06-07,"5,6",A tiempo
A00021,renata herrera,18,femenino,renata.herrera21@alumnos.tup.edu.ar,B1,Tarde,21/02/2026,TP_03,TP,11/05/2026,,,no entregó
A00233,Lucia Luna,19,F,lucia.luna233@alumnos.tup.edu.ar,C4,Noche,2026-03-11,TP_04,TP,08/06/2026,,,No entrego
A00022,Emma Garcia,27,Masculino,emma.garcia22@alumnos.tup.edu.ar,B1,Tarde,2026-02-28,TP_03,TP,2026-05-11,2026-05-06,"7,8",a tiempo
A00624,Florencia Castro,24,Masculino,florencia.castro624@alumnos.tup.edu.ar,A2,Mañana,2026-03-08,Parcial_01,Parcial,22/06/2026,,,no entregó
A00147,Valentina Benitez,31,femenino,valentina.benitez147@alumnos.tup.edu.ar,B1,Tarde,26/02/2026,Quiz_01,Quiz,2026-03-30,04/04/2026,7.1,tarde
A00012,Isabella Nuñez,20,M,isabella.nuñez12@alumnos.tup.edu.ar,B2,Tarde,09/03/2026,TP_03,TP,2026-05-11,2026-05-21,"6,0",Tarde
A00270,Felipe Rodriguez,23,F,felipe.rodriguez270@alumnos.tup.edu.ar,B1,Tarde,2026-03-02,Quiz_02,Quiz,2026-04-27,22-04-2026,"4,7",a tiempo
A00115,Olivia Acosta,17,M,olivia.acosta115@alumnos.tup.edu.ar,C1,Noche,2026-03-03,TP_01,TP,2026-03-16,2026-03-13,"6,8",A TIEMPO
A00212,Diego Sanchez,27,F,diego.sanchez212@alumnos.tup.edu.ar,C3,Noche,05-03-2026,Quiz_01,Quiz,2026-03-30,2026-03-27,"7,3",a tiempo
A00505,Lautaro Romero,26,Femenino,lautaro.romero505@alumnos.tup.edu.ar,B1,Tarde,2026-02-28,TP_02,TP,2026-04-13,2026-04-10,"10,0",A tiempo
A00245,Paula Flores,27,Masculino,paula.flores245@alumnos.tup.edu.ar,A1,Mañana,11/03/2026,TP_04,TP,2026-06-08,,,no entregó
A00226,Delfina Romero,19,F,delfina.romero226@alumnos.tup.edu.ar,A2,Mañana,2026-02-14,TP_04,TP,2026-06-08,,,no entregó
A00299,Paula Diaz,22,F,paula.diaz299@alumnos.tup.edu.ar,C1,Noche,2026-02-26,TP_01,TP,2026-03-16,2026-03-28,4.3,TARDE
A00300,ANTONELLA CASTRO,23,M,antonella.castro300@alumnos.tup.edu.ar,A3,MAÑANA,28/02/2026,Quiz_03,Quiz,2026-05-25,,,No entrego
A00482,Lucia Gonzalez,21,F,lucia.gonzalez482@alumnos.tup.edu.ar,A3,Mañana,2026-02-15,Quiz_03,Quiz,2026-05-25,,,
A00529,Bautista Rodriguez,17,F,bautista.rodriguez529@alumnos.tup.edu.ar,A1,Mañana,2026-03-05,Parcial_01,Parcial,2026-06-22,2026-07-03,6.3,TARDE
A00399,Diego Silva,24,F,diego.silva399@alumnos.tup.edu.ar,C1,Noche,2026-03-11,Quiz_02,Quiz,2026-04-27,2026-04-24,7.5,A TIEMPO
A00147,Valentina Benitez,31,femenino,valentina.benitez147@alumnos.tup.edu.ar,B1,Tarde,2026-02-26,Quiz_02,Quiz,2026-04-27,27/04/2026,6.9,a tiempo
A00524,Camila Castro,17,Masculino,,C2,Noche,2026-03-10,TP_04,TP,2026-06-08,03-06-2026,9.3,A tiempo
A00576,Guadalupe Luna,19,M,guadalupe.luna576@alumnos.tup.edu.ar,C4,Noche,2026-02-19,TP_04,TP,2026-06-08,2026-06-09,5.8,tarde
A00581,Catalina Martinez,17,F,catalina.martinez581@alumnos.tup.edu.ar,B2,Tarde,24/02/2026,Quiz_03,Quiz,25/05/2026,2026-05-20,4.4,a tiempo
A00371,Valentino Perez,24,M,valentino.perez371@alumnos.tup.edu.ar,A1,MAÑANA,2026-02-14,TP_02,TP,2026-04-13,2026-04-11,5.2,A TIEMPO
A00115,Olivia Acosta,17,M,olivia.acosta115@alumnos.tup.edu.ar,C1,Noche,2026-03-03,TP_02,TP,2026-04-13,2026-04-09,7.4,a tiempo
A00569,Mora Gonzalez,20,Masculino,mora.gonzalez569@alumnos.tup.edu.ar,A1,Mañana,24/02/2026,TP_03,TP,11-05-2026,2026-05-09,5.4,A tiempo
A00279,Ignacio Romero,17,F,ignacio.romero279@alumnos.tup.edu.ar,B2,Tarde,21/02/2026,Parcial_01,Parcial,2026-06-22,,,No entrego
A00639,Antonella Luna,24,M,antonella.luna639@alumnos.tup.edu.ar,B2,TARDE,2026-02-19,Quiz_02,Quiz,2026-04-27,26-04-2026,8.4,A tiempo
A00257,LAUTARO TORRES,23,M,lautaro.torres257@alumnos.tup.edu.ar,A3,Mañana,09/03/2026,Quiz_01,Quiz,2026-03-30,,,no entregó
A00225,  Valentino Sanchez ,20,M,valentino.sanchez225@alumnos.tup.edu.ar,C1,Noche,2026-02-22,Quiz_02,Quiz,27-04-2026,,,NO ENTREGO
A00297,Felipe Castro,27,F,felipe.castro297@alumnos.tup.edu.ar,B2,Tarde,25/02/2026,Quiz_02,Quiz,2026-04-27,27/04/2026,8.2,A tiempo
A00012,Isabella Nuñez,20,M,isabella.nuñez12@alumnos.tup.edu.ar,B2,Tarde,2026-03-09,TP_02,TP,2026-04-13,2026-04-08,7.0,A tiempo
A00237,Isabella Torres,21,Masculino,isabella.torres237@alumnos.tup.edu.ar,A1,Mañana,2026-03-06,TP_03,TP,2026-05-11,,,
A00194,Agustin Garcia,22,Masculino,agustin.garcia194@alumnos.tup.edu.ar,A3,Mañana,2026-02-23,TP_02,TP,13/04/2026,,,NO ENTREGO
A00364,Valentino Medina,22,M,valentino.medina364@alumnos.tup.edu.ar,B2,Tarde,2026-02-28,TP_03,TP,11/05/2026,2026-05-09,2.4,A tiempo
A00258,Bruno Sanchez,24,M,bruno.sanchez258@alumnos.tup.edu.ar,A1,Mañana,2026-02-15,TP_01,TP,2026-03-16,,,
A00656,Bautista Rodriguez,18,Femenino,bautista.rodriguez656@alumnos.tup.edu.ar,B1,Tarde,2026-02-20,TP_01,TP,2026-03-16,2026-03-16,5.3,a tiempo
A00477,Nicolas Alvarez,18,F,nicolas.alvarez477@alumnos.tup.edu.ar,A1,Mañana,2026-02-16,Quiz_02,Quiz,2026-04-27,,,No entrego
A00376,Joaquin Sanchez,21,M,joaquin.sanchez376@alumnos.tup.edu.ar,C2,Noche,2026-02-20,Quiz_03,Quiz,25-05-2026,2026-05-22,"3,7",A TIEMPO
A00083,Santino Rojas,21,femenino,santino.rojas83@alumnos.tup.edu.ar,A2,Mañana,25/02/2026,Quiz_02,Quiz,2026-04-27,2026-04-27,7.7,A TIEMPO
A00378,Lautaro Ruiz,20,M,lautaro.ruiz378@alumnos.tup.edu.ar,A2,Mañana,2026-02-25,TP_03,TP,2026-05-11,2026-05-10,5.3,a tiempo
A00355,Maximo Nuñez,24,F,maximo.nuñez355@alumnos.tup.edu.ar,A3,Mañana,10/03/2026,Quiz_01,Quiz,2026-03-30,2026-03-28,9.1,a tiempo
A00006,Tomas Ortiz,18,M,tomas.ortiz6@alumnos.tup.edu.ar,C4,Noche,18/02/2026,TP_04,TP,08/06/2026,2026-06-03,"5,9",a tiempo
A00155,Renata Ramirez,23,F,renata.ramirez155@alumnos.tup.edu.ar,A2,Mañana,2026-03-11,TP_02,TP,2026-04-13,2026-04-15,"6,0",TARDE
A00633,Olivia Nuñez,20,Masculino,olivia.nuñez633@alumnos.tup.edu.ar,B1,Tarde,2026-02-16,Quiz_02,Quiz,2026-04-27,28/04/2026,6.5,Tarde
A00204,Maximo Vega,17,femenino,maximo.vega204@alumnos.tup.edu.ar,A1,Mañana,2026-02-22,TP_03,TP,11-05-2026,2026-05-09,8.5,A TIEMPO
A00627,Isabella Flores,21,Masculino,isabella.flores627@alumnos.tup.edu.ar,C4,Noche,2026-02-20,TP_04,TP,08-06-2026,2026-06-04,3.9,A TIEMPO
A00427,Mora Nuñez,23,M,mora.nuñez427@alumnos.tup.edu.ar,B2,Tarde,28/02/2026,TP_01,TP,2026-03-16,2026-03-13,6.5,A tiempo
A00637,Antonella Lopez,21,Femenino,antonella.lopez637@alumnos.tup.edu.ar,A2,Mañana,2026-03-06,Quiz_02,Quiz,27/04/2026,2026-04-27,"7,8",a tiempo
A00497,Martina Ramirez,17,F,martina.ramirez497@alumnos.tup.edu.ar,A2,Mañana,2026-02-20,TP_03,TP,11/05/2026,2026-05-08,6.6,a tiempo
A00686,Lucas Luna,20,F,lucas.luna686@alumnos.tup.edu.ar,C4,Noche,2026-02-17,Quiz_02,Quiz,2026-04-27,2026-04-26,7.7,A tiempo
A00606,Delfina Alvarez,23,F,delfina.alvarez606@alumnos.tup.edu.ar,B2,Tarde,17/02/2026,Quiz_03,Quiz,2026-05-25,,,No entrego
A00480,Ignacio Herrera,17,M,ignacio.herrera480@alumnos.tup.edu.ar,C1,Noche,2026-03-01,TP_03,TP,11-05-2026,2026-05-10,"6,6",a tiempo
A00503,Diego Garcia,23,F,diego.garcia503@alumnos.tup.edu.ar,B1,Tarde,2026-02-19,Parcial_01,Parcial,22/06/2026,,,NO ENTREGO
A00293,NICOLAS SANCHEZ,17,F,nicolas.sanchez293@alumnos.tup.edu.ar,B1,Tarde,03/03/2026,TP_02,TP,2026-04-13,12/04/2026,6.1,A tiempo
A00286,Felipe Suarez,19,M,felipe.suarez286@alumnos.tup.edu.ar,A3,Mañana,2026-03-03,TP_01,TP,16-03-2026,2026-03-11,7.8,A TIEMPO
A00239,gabriel sosa,25,femenino,gabriel.sosa239@alumnos.tup.edu.ar,A1,Mañana,2026-02-15,TP_01,TP,2026-03-16,2026-03-14,5.1,A TIEMPO
A00397,camila benitez,17,F,camila.benitez397@alumnos.tup.edu.ar,C3,Noche,2026-03-03,Parcial_01,Parcial,2026-06-22,,,no entregó
A00075,Mia Gonzalez,23,F,mia.gonzalez75@alumnos.tup.edu.ar,B1,Tarde,2026-03-07,Quiz_02,Quiz,2026-04-27,27/04/2026,8.9,a tiempo
A00305,Renata Sosa,17,M,renata.sosa305@alumnos.tup.edu.ar,C3,Noche,2026-03-04,TP_01,TP,2026-03-16,2026-03-24,5.5,TARDE
A00523,Joaquin Silva,19,Masculino,joaquin.silva523@alumnos.tup.edu.ar,C3,Noche,2026-02-15,TP_04,TP,2026-06-08,,,
A00546,Antonella Gonzalez,17,F,antonella.gonzalez546@alumnos.tup.edu.ar,C1,Noche,2026-02-14,TP_02,TP,2026-04-13,,,no entregó
A00143,Manuel Martinez,20,F,manuel.martinez143@alumnos.tup.edu.ar,C2,Noche,2026-03-03,TP_04,TP,2026-06-08,2026-06-13,5.3,tarde
A00600,Valentino Suarez,37,M,valentino.suarez600@alumnos.tup.edu.ar,B1,Tarde,2026-03-10,Quiz_02,Quiz,2026-04-27,24/04/2026,3.1,A tiempo
A00309,Felipe Lopez,17,F,felipe.lopez309@alumnos.tup.edu.ar,A3,Mañana,06-03-2026,TP_04,TP,2026-06-08,2026-06-09,"3,9",TARDE
A00114,Sofia Flores,20,X,sofia.flores114@alumnos.tup.edu.ar,B1,Tarde,2026-02-27,Quiz_01,Quiz,2026-03-30,2026-03-30,7.0,A tiempo
A00186,Florencia Benitez,28,F,florencia.benitez186@alumnos.tup.edu.ar, a1 ,Mañana,2026-03-06,TP_03,TP,2026-05-11,,,No entrego
A00319,julieta silva,19,F,julieta.silva319@alumnos.tup.edu.ar,C3,Noche,2026-03-05,TP_02,TP,2026-04-13,10/04/2026,7.2,A TIEMPO
A00445,Paula Alvarez,22,Masculino,paula.alvarez445@alumnos.tup.edu.ar,B1,TARDE,2026-03-06,Quiz_01,Quiz,2026-03-30,26-03-2026,9.4,A tiempo
A00164,Felipe Medina,25,F,felipe.medina164@alumnos.tup.edu.ar,C1,Noche,2026-03-08,Parcial_01,Parcial,22-06-2026,,,
A00039,Emma Perez,23,M,emma.perez39@alumnos.tup.edu.ar,C3,Noche,2026-03-08,Parcial_01,Parcial,2026-06-22,2026-06-19,"7,7",A TIEMPO
A00575,Lucas Sanchez,28,M,lucas.sanchez575@alumnos.tup.edu.ar,A3,Mañana,2026-03-06,Quiz_03,Quiz,2026-05-25,,,NO ENTREGO
A00644,DELFINA VEGA,23,M,delfina.vega644@alumnos.tup.edu.ar,C1,Noche,2026-03-02,TP_02,TP,13/04/2026,2026-04-14,5.2,tarde
A00084,Felipe Ruiz,20,F,felipe.ruiz84@alumnos.tup.edu.ar,C3,Noche,2026-03-05,TP_01,TP,2026-03-16,16-03-2026,6.2,A tiempo
A00355,Maximo Nuñez,24,F,maximo.nuñez355@alumnos.tup.edu.ar,A3,Mañana,2026-03-10,Quiz_03,Quiz,2026-05-25,2026-05-24,5.4,A TIEMPO
A00235,Lucia Silva,17,M,lucia.silva235@alumnos.tup.edu.ar,C1,Noche,2026-02-27,Quiz_02,Quiz,2026-04-27,,,NO ENTREGO
A00140,Felipe Acosta,18,M,felipe.acosta140@alumnos.tup.edu.ar,A1,Mañana,2026-03-11,Quiz_03,Quiz,2026-05-25,2026-05-23,9.3,A tiempo
A00268,Ignacio Medina,21,F,ignacio.medina268@alumnos.tup.edu.ar,C1,Noche,2026-02-24,Quiz_02,Quiz,27-04-2026,,,
A00530,Camila Diaz,26,F,camila.diaz530@alumnos.tup.edu.ar,B1,Tarde,18/02/2026,Quiz_01,Quiz,2026-03-30,2026-03-25,"8,6",a tiempo
A00500,Valentina Cabrera,18,M,valentina.cabrera500@alumnos.tup.edu.ar,A2,Mañana,2026-02-14,Parcial_01,Parcial,22-06-2026,04/07/2026,5.3,tarde
A00381,Sofia Torres,21,F,sofia.torres381@alumnos.tup.edu.ar,A3,Mañana,2026-03-10,Parcial_01,Parcial,2026-06-22,21/06/2026,3.7,a tiempo
A00503,Diego Garcia,23,F,diego.garcia503@alumnos.tup.edu.ar,B1,Tarde,2026-02-19,TP_04,TP,08/06/2026,,,NO ENTREGO
A00606,Delfina Alvarez,23,F,delfina.alvarez606@alumnos.tup.edu.ar,B2,Tarde,2026-02-17,Quiz_02,Quiz,2026-04-27,,,
A00544,Nicolas Suarez,29,F,nicolas.suarez544@alumnos.tup.edu.ar,A1,Mañana,22-02-2026,TP_02,TP,2026-04-13,,,
A00014,Isabella Ruiz,25,Femenino,isabella.ruiz14@alumnos.tup.edu.ar,A1,Mañana,2026-03-09,TP_01,TP,2026-03-16,,,No entrego
A00274,  Delfina Cabrera ,18,M,delfina.cabrera274@alumnos.tup.edu.ar,A2,Mañana,2026-02-25,TP_04,TP,08/06/2026,03/06/2026,"5,3",A TIEMPO
A00485,Lucas Torres,27,F,,A2,Mañana,2026-03-08,TP_02,TP,13/04/2026,09/04/2026,8.0,a tiempo
A00575,Lucas Sanchez,28,M,lucas.sanchez575@alumnos.tup.edu.ar,A3,Mañana,2026-03-06,TP_01,TP,16-03-2026,2026-03-18,"3,6",Tarde
A00149,Tomas Garcia,30,F,tomas.garcia149@alumnos.tup.edu.ar,B2,Tarde,2026-02-24,TP_04,TP,08-06-2026,2026-06-04,6.5,A tiempo
A00190,Bruno Benitez,18,F,bruno.benitez190@alumnos.tup.edu.ar,B2,TARDE,2026-03-11,Quiz_02,Quiz,27/04/2026,,,NO ENTREGO
A00047,Maximo Ramirez,28,F,maximo.ramirez47@alumnos.tup.edu.ar,C4,Noche,2026-03-04,Quiz_01,Quiz,2026-03-30,2026-03-25,"4,0",A TIEMPO
A00040,Martina Sosa,25,Femenino,martina.sosa40@alumnos.tup.edu.ar,C3,Noche,2026-02-22,Quiz_01,Quiz,2026-03-30,2026-03-27,7.4,A TIEMPO
A00352,Julieta Acosta,22,M,julieta.acosta352@alumnos.tup.edu.ar,B1,Tarde,14/02/2026,Parcial_01,Parcial,2026-06-22,2026-06-26,6.6,tarde
A00234,Antonella Castro,22,Masculino,antonella.castro234@alumnos.tup.edu.ar,C4,Noche,2026-03-11,Quiz_02,Quiz,27/04/2026,,,
A00546,Antonella Gonzalez,17,F,antonella.gonzalez546@alumnos.tup.edu.ar,C1,Noche,2026-02-14,TP_04,TP,2026-06-08,,,
A00086,antonella suarez,25,F,antonella.suarez86@alumnos.tup.edu.ar,B1,Tarde,2026-02-23,Quiz_03,Quiz,2026-05-25,,,no entregó
A00553,Felipe Romero,28,Masculino,felipe.romero553@alumnos.tup.edu.ar,B1,Tarde,14/02/2026,Quiz_03,Quiz,2026-05-25,,,no entregó
A00679,Thiago Luna,20,M,thiago.luna679@alumnos.tup.edu.ar,B1,Tarde,2026-03-10,TP_01,TP,2026-03-16,2026-03-14,8.0,a tiempo
A00506,Renata Rojas,18,F,renata.rojas506@alumnos.tup.edu.ar,A3,Mañana,2026-02-15,TP_04,TP,08/06/2026,06-06-2026,"7,1",A TIEMPO
A00203,Gabriel Molina,20,Femenino,gabriel.molina203@alumnos.tup.edu.ar,B2,Tarde,2026-02-17,TP_01,TP,16-03-2026,2026-03-15,3.0,a tiempo
A00588,Antonella Flores,22,F,antonella.flores588@alumnos.tup.edu.ar,C1,Noche,14/02/2026,Quiz_03,Quiz,2026-05-25,,,
A00321,Benjamin Aguirre,17,Masculino,benjamin.aguirre321@alumnos.tup.edu.ar,C3,Noche,09/03/2026,TP_02,TP,2026-04-13,,,No entrego
A00138,Joaquin Ortiz,29,Femenino,joaquin.ortiz138@@alumnos.tup.edu.ar,C1,Noche,2026-02-18,Parcial_01,Parcial,2026-06-22,,,no entregó
A00034,Valentino Ortiz,26,Masculino,valentino.ortiz34@alumnos.tup.edu.ar,C1,Noche,2026-02-18,Quiz_03,Quiz,2026-05-25,,,
A00049,Gabriel Diaz,24,F,gabriel.diaz49@alumnos.tup.edu.ar,C4,Noche,2026-02-26,Quiz_01,Quiz,2026-03-30,,,
A00024,Ignacio Fernandez,17,X,,B1,Tarde,11/03/2026,TP_03,TP,11/05/2026,10/05/2026,"7,5",a tiempo
A00262,Joaquin Aguirre,23,Masculino,joaquin.aguirre262@alumnos.tup.edu.ar,C1,Noche,2026-03-01,TP_03,TP,2026-05-11,,,no entregó
A00163,Isabella Nuñez,22,M,isabella.nuñez163@alumnos.tup.edu.ar,C4,Noche,2026-02-24,TP_02,TP,2026-04-13,,,
A00190,Bruno Benitez,18,F,bruno.benitez190@alumnos.tup.edu.ar,B2,TARDE,2026-03-11,TP_02,TP,2026-04-13,,,NO ENTREGO
A00655,Emma Fernandez,20,M,emma.fernandez655@alumnos.tup.edu.ar,C2,Noche,2026-02-16,Quiz_01,Quiz,30/03/2026,2026-03-30,7.1,A tiempo
A00385,Antonella Ruiz,25,F,antonella.ruiz385@alumnos.tup.edu.ar,B2,Tarde,2026-02-15,Quiz_03,Quiz,2026-05-25,2026-05-22,"9,7",a tiempo
A00560,lucas ramirez,19,F,lucas.ramirez560@alumnos.tup.edu.ar,C2,NOCHE,2026-02-27,Quiz_02,Quiz,2026-04-27,2026-04-24,7.4,A TIEMPO
A00135,Lucas Aguirre,19,F,lucas.aguirre135@alumnos.tup.edu.ar,B1,Tarde,2026-02-23,Quiz_02,Quiz,2026-04-27,2026-04-26,7.2,A TIEMPO
A00336,  Renata Castro ,24,Masculino,renata.castro336@alumnos.tup.edu.ar,B1,Tarde,2026-02-17,Quiz_01,Quiz,2026-03-30,25/03/2026,6.6,A tiempo
A00507,Joaquin Herrera,22,Femenino,joaquin.herrera507@alumnos.tup.edu.ar,C2,Noche,2026-02-27,Quiz_01,Quiz,2026-03-30,2026-04-06,5.0,Tarde
A00105,Agustin Alvarez,20,F,agustin.alvarez105@alumnos.tup.edu.ar,A2,Mañana,04-03-2026,Quiz_01,Quiz,30-03-2026,08-04-2026,7.0,TARDE
A00207,Florencia Torres,31,F,florencia.torres207@alumnos.tup.edu.ar,C4,Noche,17/02/2026,Parcial_01,Parcial,2026-06-22,,,
A00329,Manuel Martinez,29,Masculino,manuel.martinez329@alumnos.tup.edu.ar,A1,Mañana,2026-02-17,Quiz_01,Quiz,2026-03-30,2026-04-01,"4,6",Tarde
A00476,Lucas Ruiz,23,F,lucas.ruiz476@alumnos.tup.edu.ar,B1,Tarde,2026-03-07,TP_02,TP,2026-04-13,2026-04-10,"7,3",a tiempo
A00632,Thiago Rodriguez,25,M,thiago.rodriguez632@alumnos.tup.edu.ar,C1,Noche,2026-03-08,Quiz_02,Quiz,2026-04-27,2026-04-24,8.1,a tiempo
A00247,  Joaquin Benitez ,25,M,joaquin.benitez247@alumnos.tup.edu.ar,A1,Mañana,2026-03-10,TP_04,TP,2026-06-08,2026-06-03,6.3,a tiempo
A00227,Joaquin Alvarez,25,Masculino,joaquin.alvarez227@alumnos.tup.edu.ar,C1,Noche,27/02/2026,TP_04,TP,08/06/2026,,,
A00369,Florencia Fernandez,24,M,florencia.fernandez369@alumnos.tup.edu.ar,A1,Mañana,2026-03-04,TP_01,TP,16/03/2026,2026-03-14,6.5,A tiempo
A00377,Delfina Garcia,19,F,delfina.garcia377@alumnos.tup.edu.ar,B2,Tarde,01/03/2026,Parcial_01,Parcial,2026-06-22,20/06/2026,4.6,A tiempo
A00098,Maximo Castro,25,F,maximo.castro98@alumnos.tup.edu.ar,A3,Mañana,16-02-2026,TP_03,TP,2026-05-11,,,no entregó
A00180,Lautaro Martinez,19,F,lautaro.martinez180@alumnos.tup.edu.ar,B1,Tarde,25-02-2026,TP_02,TP,2026-04-13,2026-04-13,"4,5",A TIEMPO
A00208,Thiago Sosa,23,Masculino,thiago.sosa208@alumnos.tup.edu.ar,B2,Tarde,02-03-2026,TP_04,TP,2026-06-08,,,
A00441,Mia Acosta,23,Masculino,mia.acosta441@alumnos.tup.edu.ar,B1,Tarde,15-02-2026,Quiz_03,Quiz,25/05/2026,24-05-2026,5.3,A TIEMPO
A00579,Lucas Benitez,19,F,lucas.benitez579@alumnos.tup.edu.ar,A1,Mañana,2026-03-06,Quiz_02,Quiz,2026-04-27,2026-04-27,7.2,A TIEMPO
A00689,Nicolas Molina,20,Femenino,nicolas.molina689@alumnos.tup.edu.ar,A3,Mañana,01-03-2026,TP_03,TP,2026-05-11,,,No entrego
A00697,Benjamin Acosta,26,F,benjamin.acosta697@alumnos.tup.edu.ar,A3,Mañana,24/02/2026,TP_03,TP,2026-05-11,2026-05-10,6.1,a tiempo
A00248,Benjamin Garcia,18,F,benjamin.garcia248@alumnos.tup.edu.ar,A1,Mañana,2026-03-06,Quiz_02,Quiz,2026-04-27,,,No entrego
A00452,Guadalupe Flores,29,M,guadalupe.flores452@alumnos.tup.edu.ar,A3,Mañana,2026-02-28,Parcial_01,Parcial,2026-06-22,2026-06-19,6.2,A TIEMPO
A00113,Manuel Flores,21,Masculino,manuel.flores113@alumnos.tup.edu.ar,B2,Tarde,04-03-2026,Quiz_02,Quiz,27/04/2026,23-04-2026,7.5,A TIEMPO
A00226,Delfina Romero,19,F,delfina.romero226@alumnos.tup.edu.ar,A2,Mañana,2026-02-14,Quiz_03,Quiz,25/05/2026,,,
A00576,Guadalupe Luna,19,M,guadalupe.luna576@alumnos.tup.edu.ar,C4,Noche,19/02/2026,TP_01,TP,16/03/2026,2026-03-14,8.9,a tiempo
A00032,Federico Herrera,22,F,federico.herrera32@alumnos.tup.edu.ar,A2,Mañana,2026-03-05,Parcial_01,Parcial,2026-06-22,2026-06-18,8.1,A tiempo
A00103,Manuel Ramirez,20,Masculino,manuel.ramirez103@alumnos.tup.edu.ar,A1,Mañana,06-03-2026,Quiz_02,Quiz,2026-04-27,,,NO ENTREGO
A00062,Valentino Ortiz,30,M,valentino.ortiz62@alumnos.tup.edu.ar,A1,Mañana,2026-03-03,TP_02,TP,2026-04-13,11/04/2026,7.9,a tiempo
A00647,Tomas Herrera,22,Masculino,tomas.herrera647@alumnos.tup.edu.ar,B1,Tarde,2026-02-17,Quiz_02,Quiz,2026-04-27,2026-04-22,5.0,A tiempo
A00432,Florencia Lopez,17,F,florencia.lopez432@alumnos.tup.edu.ar,B1,Tarde,18/02/2026,TP_02,TP,2026-04-13,2026-04-13,5.2,A TIEMPO
A00078,  Florencia Ruiz ,18,M,florencia.ruiz78@alumnos.tup.edu.ar,A2,Mañana,24-02-2026,TP_02,TP,2026-04-13,2026-04-12,"7,5",A TIEMPO
A00456,Lucas Vega,17,M,lucas.vega456@alumnos.tup.edu.ar,A2,Mañana,2026-03-06,Quiz_02,Quiz,2026-04-27,,,No entrego
A00461,Federico Sanchez,22,Masculino,federico.sanchez461@alumnos.tup.edu.ar,C2,Noche,2026-03-08,TP_03,TP,2026-05-11,06/05/2026,7.0,A TIEMPO
A00006,Tomas Ortiz,18,M,tomas.ortiz6@alumnos.tup.edu.ar,C4,Noche,2026-02-18,Quiz_03,Quiz,2026-05-25,,,No entrego
A00019,Mia Sosa,23,Masculino,mia.sosa19@alumnos.tup.edu.ar,C3,Noche,18/02/2026,Quiz_03,Quiz,2026-05-25,2026-05-24,5.9,A TIEMPO
A00282,Martina Fernandez,23,M,martina.fernandez282@alumnos.tup.edu.ar,C2,Noche,16/02/2026,Quiz_01,Quiz,2026-03-30,2026-03-26,6.7,A tiempo
A00232,Catalina Ortiz,18,M,catalina.ortiz232@alumnos.tup.edu.ar,C1,Noche,2026-03-06,Quiz_01,Quiz,2026-03-30,2026-03-26,6.6,A tiempo
A00519,Olivia Acosta,22,M,olivia.acosta519@alumnos.tup.edu.ar,C2,Noche,2026-02-16,TP_03,TP,2026-05-11,,,
A00604,Maximo Suarez,19,F,maximo.suarez604@alumnos.tup.edu.ar,A3,Mañana,2026-02-20,TP_04,TP,08/06/2026,,,NO ENTREGO
A00465,Gabriel Aguirre,23,F,gabriel.aguirre465@alumnos.tup.edu.ar, c4 ,Noche,2026-02-26,TP_02,TP,2026-04-13,2026-04-25,"6,3",Tarde
A00042,Emma Garcia,28,Femenino,emma.garcia42@@alumnos.tup.edu.ar,A3,Mañana,23/02/2026,TP_03,TP,2026-05-11,06/05/2026,8.2,A tiempo
A00272,Valentina Sosa,21,M,,B2,Tarde,19/02/2026,Quiz_03,Quiz,2026-05-25,2026-05-23,"9,8",a tiempo
A00118,Federico Aguirre,25,M,federico.aguirre118@alumnos.tup.edu.ar,C2,Noche,08-03-2026,TP_01,TP,16-03-2026,2026-03-13,9.3,A TIEMPO
A00046,Ignacio Molina,19,F,ignacio.molina46@alumnos.tup.edu.ar,A3,Mañana,2026-03-04,Quiz_03,Quiz,2026-05-25,,,NO ENTREGO
A00671,Agustin Cabrera,23,Masculino,agustin.cabrera671@alumnos.tup.edu.ar,B1,Tarde,2026-02-24,TP_02,TP,2026-04-13,,,no entregó
A00645,Paula Herrera,25,F,paula.herrera645@alumnos.tup.edu.ar,B1,TARDE,2026-03-06,TP_03,TP,2026-05-11,2026-05-10,8.8,A TIEMPO
A00117,Julieta Fernandez,20,F,julieta.fernandez117@alumnos.tup.edu.ar,B2,Tarde,2026-03-01,TP_01,TP,2026-03-16,2026-03-14,7.5,a tiempo
A00446,Federico Gonzalez,22,Masculino,federico.gonzalez446@alumnos.tup.edu.ar,A1,Mañana,04/03/2026,Quiz_01,Quiz,2026-03-30,2026-03-27,5.9,A tiempo
A00262,Joaquin Aguirre,23,Masculino,joaquin.aguirre262@alumnos.tup.edu.ar,C1,Noche,2026-03-01,Quiz_01,Quiz,2026-03-30,,,no entregó
A00102,Benjamin Benitez,25,F,benjamin.benitez102@alumnos.tup.edu.ar,C2,Noche,2026-02-14,TP_04,TP,2026-06-08,2026-06-08,6.1,A TIEMPO
A00609,Lautaro Romero,23,Masculino,lautaro.romero609@alumnos.tup.edu.ar, b1 ,Tarde,2026-02-24,Quiz_02,Quiz,2026-04-27,2026-04-27,5.2,a tiempo
A00379,Valentina Flores,27,Masculino,valentina.flores379@alumnos.tup.edu.ar,C1,Noche,2026-02-14,TP_03,TP,2026-05-11,,,no entregó
A00194,Agustin Garcia,22,Masculino,agustin.garcia194@alumnos.tup.edu.ar,A3,Mañana,2026-02-23,Quiz_02,Quiz,2026-04-27,,,no entregó
A00560,lucas ramirez,19,F,lucas.ramirez560@alumnos.tup.edu.ar,C2,NOCHE,2026-02-27,TP_02,TP,13/04/2026,11/04/2026,"10,0",a tiempo
A00078,  Florencia Ruiz ,18,M,florencia.ruiz78@alumnos.tup.edu.ar,A2,Mañana,24-02-2026,TP_04,TP,2026-06-08,2026-06-05,6.7,a tiempo
A00334,Mateo Flores,17,Masculino,mateo.flores334@alumnos.tup.edu.ar,B2,Tarde,2026-02-24,TP_01,TP,16/03/2026,2026-03-23,5.0,TARDE
A00406,Diego Fernandez,17,M,diego.fernandez406@alumnos.tup.edu.ar,C3,Noche,2026-03-01,Quiz_03,Quiz,2026-05-25,2026-05-26,6.2,tarde
A00287,Federico Medina,20,Femenino,federico.medina287@alumnos.tup.edu.ar,C4,Noche,2026-02-22,Quiz_03,Quiz,2026-05-25,,,
A00189,Felipe Ruiz,23,M,,B1,Tarde,2026-02-26,TP_03,TP,2026-05-11,2026-05-10,5.2,a tiempo
A00218,Manuel Lopez,27,F,manuel.lopez218@alumnos.tup.edu.ar,B2,Tarde,2026-02-19,Quiz_02,Quiz,2026-04-27,26/04/2026,4.9,a tiempo
A00067,Olivia Luna,18,femenino,olivia.luna67@alumnos.tup.edu.ar,A2,Mañana,2026-02-17,Parcial_01,Parcial,2026-06-22,,,No entrego
A00379,Valentina Flores,27,Masculino,valentina.flores379@alumnos.tup.edu.ar,C1,Noche,2026-02-14,Quiz_02,Quiz,2026-04-27,,,
A00609,Lautaro Romero,23,Masculino,lautaro.romero609@alumnos.tup.edu.ar, b1 ,Tarde,2026-02-24,TP_02,TP,2026-04-13,2026-04-18,"5,8",TARDE
A00461,Federico Sanchez,22,Masculino,federico.sanchez461@alumnos.tup.edu.ar,C2,Noche,2026-03-08,Quiz_03,Quiz,2026-05-25,,,
A00157,Pilar Garcia,23,F,pilar.garcia157@alumnos.tup.edu.ar,A3,Mañana,2026-03-06,Quiz_03,Quiz,25/05/2026,,,NO ENTREGO
A00591,Lucia Sanchez,17,F,lucia.sanchez591@alumnos.tup.edu.ar,C1,Noche,2026-03-04,Quiz_02,Quiz,27/04/2026,,,
A00695,Federico Cabrera,22,Femenino,federico.cabrera695@alumnos.tup.edu.ar,B2,Tarde,2026-03-11,TP_01,TP,2026-03-16,,,
A00305,Renata Sosa,17,M,renata.sosa305@alumnos.tup.edu.ar,C3,Noche,2026-03-04,Quiz_01,Quiz,2026-03-30,2026-03-29,5.7,A TIEMPO
A00558,Antonella Martinez,19,F,antonella.martinez558@alumnos.tup.edu.ar,A2,Mañana,2026-03-10,TP_01,TP,2026-03-16,,,no entregó
A00195,Joaquin Nuñez,23,F,joaquin.nuñez195@alumnos.tup.edu.ar,C3,Noche,2026-03-04,TP_03,TP,2026-05-11,09/05/2026,9.7,a tiempo
A00692,Valentino Rojas,27,Femenino,valentino.rojas692@alumnos.tup.edu.ar,C2,Noche,26/02/2026,TP_03,TP,11/05/2026,,,
A00019,Mia Sosa,23,Masculino,mia.sosa19@alumnos.tup.edu.ar,C3,Noche,18/02/2026,Quiz_02,Quiz,2026-04-27,,,No entrego
A00545,Bautista Martinez,29,Femenino,,B1,Tarde,2026-03-03,Quiz_01,Quiz,2026-03-30,2026-03-28,5.9,A tiempo
A00654,Isabella Herrera,29,Femenino,isabella.herrera654@alumnos.tup.edu.ar,B1,Tarde,2026-03-06,TP_04,TP,08/06/2026,,,NO ENTREGO
A00010,Antonella Ruiz,22,M,antonella.ruiz10@alumnos.tup.edu.ar,C2,Noche,2026-02-21,Parcial_01,Parcial,2026-06-22,2026-06-22,5.7,a tiempo
A00141,Camila Ramirez,22,M,camila.ramirez141@@alumnos.tup.edu.ar,C1,Noche,2026-02-19,TP_01,TP,2026-03-16,2026-03-16,9.0,A TIEMPO
A00161,Manuel Nuñez,21,F,manuel.nuñez161@alumnos.tup.edu.ar,C3,Noche,2026-02-25,TP_01,TP,2026-03-16,2026-03-12,10.0,A TIEMPO
A00061,Mateo Nuñez,24,M,mateo.nuñez61@alumnos.tup.edu.ar,A2,Mañana,2026-02-19,Quiz_03,Quiz,25-05-2026,,,no entregó
A00350,Pilar Gonzalez,21,Masculino,pilar.gonzalez350@alumnos.tup.edu.ar,C4,Noche,2026-02-27,Quiz_01,Quiz,2026-03-30,,,
A00565,Pilar Flores,20,M,pilar.flores565@alumnos.tup.edu.ar,C2,Noche,2026-02-18,Quiz_03,Quiz,2026-05-25,2026-05-20,"6,6",A tiempo
A00413,Mora Diaz,17,F,mora.diaz413@alumnos.tup.edu.ar,B1,Tarde,2026-02-20,Quiz_03,Quiz,2026-05-25,,,NO ENTREGO
A00345,Lucia Castro,20,F,lucia.castro345@alumnos.tup.edu.ar,C4,Noche,2026-03-07,TP_02,TP,2026-04-13,,,no entregó
A00362,Mia Silva,19,F,mia.silva362@alumnos.tup.edu.ar,B2,Tarde,18/02/2026,TP_02,TP,2026-04-13,2026-04-20,4.4,tarde
A00391,Pilar Torres,21,F,pilar.torres391@alumnos.tup.edu.ar,B1,Tarde,2026-03-09,Quiz_01,Quiz,30/03/2026,2026-03-27,4.1,A tiempo
A00544,Nicolas Suarez,29,F,nicolas.suarez544@alumnos.tup.edu.ar,A1,Mañana,2026-02-22,TP_01,TP,2026-03-16,17-03-2026,6.4,tarde
A00210,Camila Acosta,30,M,camila.acosta210@alumnos.tup.edu.ar,A2,Mañana,2026-02-22,TP_03,TP,2026-05-11,10/05/2026,7.1,A tiempo
A00630,Isabella Herrera,24,M,isabella.herrera630@alumnos.tup.edu.ar,C4,Noche,2026-02-27,Quiz_03,Quiz,2026-05-25,2026-05-21,8.9,A TIEMPO
A00181,Manuel Ortiz,22,F,manuel.ortiz181@alumnos.tup.edu.ar,B1,Tarde,2026-03-08,Quiz_02,Quiz,2026-04-27,,,No entrego
A00069,Bautista Acosta,27,M,bautista.acosta69@alumnos.tup.edu.ar,C3,Noche,2026-02-16,TP_04,TP,2026-06-08,,,NO ENTREGO
A00219,Joaquin Nuñez,20,M,,C4,Noche,2026-02-24,TP_04,TP,2026-06-08,,,no entregó
A00244,Agustin Sanchez,17,Masculino,agustin.sanchez244@alumnos.tup.edu.ar,A2,Mañana,2026-02-23,Parcial_01,Parcial,2026-06-22,22-06-2026,6.8,a tiempo
A00668,Bruno Aguirre,22,M,bruno.aguirre668@alumnos.tup.edu.ar,B1,Tarde,09-03-2026,Quiz_01,Quiz,30/03/2026,2026-03-25,4.5,A tiempo
A00454,Bautista Suarez,110,F,bautista.suarez454@alumnos.tup.edu.ar,A2,Mañana,25/02/2026,TP_04,TP,2026-06-08,,,NO ENTREGO
A00246,NICOLAS BENITEZ,18,F,nicolas.benitez246@alumnos.tup.edu.ar,C3,Noche,16/02/2026,Parcial_01,Parcial,22-06-2026,,,NO ENTREGO
A00258,Bruno Sanchez,24,M,bruno.sanchez258@alumnos.tup.edu.ar,A1,Mañana,2026-02-15,TP_03,TP,2026-05-11,,,No entrego
A00584,Gabriel Nuñez,19,M,gabriel.nuñez584@alumnos.tup.edu.ar,A2,Mañana,2026-03-04,TP_01,TP,2026-03-16,2026-03-14,6.0,A tiempo
A00065,Federico Medina,20,M,federico.medina65@alumnos.tup.edu.ar,A2,Mañana,2026-03-07,TP_03,TP,11/05/2026,2026-05-09,8.6,A TIEMPO
A00627,Isabella Flores,21,Masculino,isabella.flores627@alumnos.tup.edu.ar,C4,Noche,2026-02-20,Parcial_01,Parcial,2026-06-22,,,NO ENTREGO
A00283,Felipe Suarez,23,F,felipe.suarez283@alumnos.tup.edu.ar,B2,Tarde,2026-02-22,TP_03,TP,11/05/2026,,,
A00612,Mia Rojas,28,M,mia.rojas612@alumnos.tup.edu.ar,B1,Tarde,2026-02-21,TP_02,TP,13-04-2026,09-04-2026,8.6,A tiempo
A00611,Pilar Fernandez,21,F,pilar.fernandez611@alumnos.tup.edu.ar,C4,Noche,2026-03-06,TP_04,TP,2026-06-08,,,NO ENTREGO
A00035,Valentino Medina,20,F,valentino.medina35@alumnos.tup.edu.ar,B1,Tarde,2026-03-04,Quiz_01,Quiz,2026-03-30,,,No entrego
A00549,Mateo Rodriguez,20,M,mateo.rodriguez549@alumnos.tup.edu.ar,A3,Mañana,2026-02-19,Quiz_01,Quiz,2026-03-30,2026-03-28,8.5,A tiempo
A00370,BAUTISTA TORRES,23,M,bautista.torres370@alumnos.tup.edu.ar, b1 ,Tarde,2026-03-11,TP_02,TP,2026-04-13,2026-04-08,4.7,A tiempo
A00681,Antonella Herrera,24,F,antonella.herrera681@alumnos.tup.edu.ar,A3,Mañana,2026-02-25,Quiz_03,Quiz,2026-05-25,,,NO ENTREGO
A00617,Valentina Castro,23,Masculino,valentina.castro617@alumnos.tup.edu.ar,B2,Tarde,2026-03-04,TP_04,TP,2026-06-08,2026-06-12,3.0,TARDE
A00129,Martina Ramirez,25,F,martina.ramirez129@alumnos.tup.edu.ar,A1,Mañana,2026-02-14,Quiz_02,Quiz,2026-04-27,,,no entregó
A00441,Mia Acosta,23,Masculino,mia.acosta441@alumnos.tup.edu.ar,B1,Tarde,2026-02-15,Quiz_01,Quiz,2026-03-30,2026-03-29,7.6,A tiempo
A00004,Camila Alvarez,23,F,camila.alvarez4@alumnos.tup.edu.ar,C1,Noche,2026-03-06,TP_02,TP,2026-04-13,,,
A00352,Julieta Acosta,22,M,julieta.acosta352@alumnos.tup.edu.ar,B1,Tarde,2026-02-14,Quiz_02,Quiz,27/04/2026,2026-05-02,"4,3",TARDE
A00242,Mora Ortiz,17,F,mora.ortiz242@alumnos.tup.edu.ar,B2,Tarde,2026-02-27,TP_04,TP,2026-06-08,2026-06-05,"4,6",A tiempo
A00359,Lucas Garcia,28,M,lucas.garcia359@alumnos.tup.edu.ar,B1,Tarde,05-03-2026,Quiz_01,Quiz,2026-03-30,2026-03-26,8.0,a tiempo
A00526,Valentina Suarez,17,femenino,valentina.suarez526@@alumnos.tup.edu.ar,B1,Tarde,2026-02-16,TP_04,TP,2026-06-08,,,
A00369,Florencia Fernandez,24,M,florencia.fernandez369@alumnos.tup.edu.ar,A1,Mañana,2026-03-04,Parcial_01,Parcial,2026-06-22,2026-06-20,9.1,A tiempo
A00122,Santino Rojas,23,F,santino.rojas122@alumnos.tup.edu.ar,C3,Noche,22-02-2026,Quiz_01,Quiz,2026-03-30,26/03/2026,"6,9",a tiempo
A00513,Agustin Garcia,19,F,agustin.garcia513@alumnos.tup.edu.ar,B1,Tarde,2026-02-17,Parcial_01,Parcial,2026-06-22,2026-06-17,"4,0",A TIEMPO
A00084,Felipe Ruiz,20,F,felipe.ruiz84@alumnos.tup.edu.ar,C3,Noche,2026-03-05,TP_02,TP,13/04/2026,,,no entregó
A00561,Victoria Lopez,18,M,victoria.lopez561@alumnos.tup.edu.ar,B2,Tarde,09-03-2026,Quiz_03,Quiz,2026-05-25,2026-05-24,7.4,a tiempo
A00348,Sofia Herrera,17,X,sofia.herrera348@alumnos.tup.edu.ar,B1,Tarde,2026-02-26,TP_01,TP,2026-03-16,20/03/2026,3.6,Tarde
A00046,Ignacio Molina,19,F,ignacio.molina46@alumnos.tup.edu.ar,A3,Mañana,2026-03-04,Quiz_01,Quiz,2026-03-30,27/03/2026,6.1,A tiempo
A00223,Gabriel Torres,19,M,gabriel.torres223@alumnos.tup.edu.ar,A3,MAÑANA,2026-02-17,Quiz_01,Quiz,2026-03-30,2026-03-25,5.6,A tiempo
A00017,Ignacio Lopez,23,F,ignacio.lopez17@alumnos.tup.edu.ar,A1,Mañana,2026-02-21,Quiz_02,Quiz,2026-04-27,2026-04-22,7.6,A TIEMPO
A00279,Ignacio Romero,17,F,ignacio.romero279@alumnos.tup.edu.ar,B2,Tarde,2026-02-21,TP_04,TP,08/06/2026,,,NO ENTREGO
A00058,DELFINA RAMIREZ,19,F,delfina.ramirez58@alumnos.tup.edu.ar,B2,Tarde,2026-02-27,TP_04,TP,2026-06-08,,,No entrego
A00237,Isabella Torres,21,Masculino,isabella.torres237@alumnos.tup.edu.ar,A1,Mañana,2026-03-06,TP_01,TP,2026-03-16,27/03/2026,6.0,tarde
A00201,Olivia Suarez,21,M,olivia.suarez201@alumnos.tup.edu.ar,B2,Tarde,15/02/2026,TP_03,TP,2026-05-11,10/05/2026,6.9,a tiempo
A00239,gabriel sosa,25,femenino,gabriel.sosa239@alumnos.tup.edu.ar,A1,Mañana,2026-02-15,Quiz_01,Quiz,30/03/2026,2026-03-26,5.0,a tiempo
A00303,Bautista Nuñez,19,F,bautista.nuñez303@alumnos.tup.edu.ar,A3,Mañana,27/02/2026,Quiz_01,Quiz,30/03/2026,,,
A00642,Pilar Vega,26,Femenino,pilar.vega642@alumnos.tup.edu.ar,C3,Noche,2026-02-22,Quiz_01,Quiz,30-03-2026,27/03/2026,7.1,a tiempo
A00431,Diego Gonzalez,34,Femenino,diego.gonzalez431@alumnos.tup.edu.ar,A2,Mañana,2026-03-05,TP_04,TP,2026-06-08,07-06-2026,"6,8",A tiempo
A00667,Mora Sosa,20,F,mora.sosa667@alumnos.tup.edu.ar,C4,Noche,2026-02-23,TP_03,TP,2026-05-11,2026-05-12,"7,8",TARDE
A00294,Ignacio Suarez,23,F,ignacio.suarez294@alumnos.tup.edu.ar,C2,Noche,2026-02-26,Quiz_01,Quiz,2026-03-30,,,No entrego
A00464,Catalina Cabrera,17,F,catalina.cabrera464@alumnos.tup.edu.ar,A3,Mañana,18-02-2026,Quiz_02,Quiz,2026-04-27,2026-04-23,3.9,A TIEMPO
A00323,Sofia Sosa,28,M,sofia.sosa323@alumnos.tup.edu.ar,B2,Tarde,2026-03-02,Parcial_01,Parcial,22/06/2026,18-06-2026,8.3,A tiempo
A00355,Maximo Nuñez,24,F,maximo.nuñez355@alumnos.tup.edu.ar,A3,Mañana,10-03-2026,TP_02,TP,2026-04-13,2026-04-12,7.4,a tiempo
A00315,Martina Sanchez,19,femenino,martina.sanchez315@alumnos.tup.edu.ar, c2 ,Noche,2026-02-22,TP_04,TP,08/06/2026,,,
A00155,Renata Ramirez,23,F,renata.ramirez155@alumnos.tup.edu.ar,A2,Mañana,2026-03-11,TP_04,TP,2026-06-08,2026-06-07,"7,1",a tiempo
A00587,Pilar Rodriguez,23,Femenino,pilar.rodriguez587@alumnos.tup.edu.ar, c2 ,Noche,09/03/2026,TP_01,TP,16-03-2026,16/03/2026,7.8,A TIEMPO
A00516,Pilar Rojas,28,Femenino,pilar.rojas516@alumnos.tup.edu.ar,A1,Mañana,24/02/2026,TP_01,TP,16/03/2026,2026-03-14,9.4,a tiempo
A00664,Benjamin Lopez,17,M,benjamin.lopez664@alumnos.tup.edu.ar,C2,Noche,2026-03-03,Quiz_02,Quiz,2026-04-27,2026-04-24,8.6,a tiempo
A00115,Olivia Acosta,17,M,olivia.acosta115@alumnos.tup.edu.ar,C1,Noche,2026-03-03,Parcial_01,Parcial,2026-06-22,2026-06-20,5.8,a tiempo
A00599,Federico Fernandez,17,X,federico.fernandez599@alumnos.tup.edu.ar,B2,Tarde,2026-02-15,Parcial_01,Parcial,2026-06-22,17/06/2026,4.8,a tiempo
A00312,Mia Garcia,29,M,mia.garcia312@alumnos.tup.edu.ar,B1,Tarde,2026-03-05,Quiz_03,Quiz,2026-05-25,20-05-2026,7.4,A tiempo
A00226,Delfina Romero,19,F,delfina.romero226@alumnos.tup.edu.ar,A2,Mañana,14-02-2026,TP_01,TP,2026-03-16,2026-03-15,5.8,a tiempo
A00287,Federico Medina,20,Femenino,federico.medina287@alumnos.tup.edu.ar,C4,Noche,2026-02-22,TP_02,TP,2026-04-13,2026-04-08,"6,9",a tiempo
A00350,Pilar Gonzalez,21,Masculino,pilar.gonzalez350@alumnos.tup.edu.ar,C4,Noche,2026-02-27,Parcial_01,Parcial,22/06/2026,17/06/2026,"6,2",A TIEMPO
A00231,Valentino Cabrera,18,M,valentino.cabrera231@alumnos.tup.edu.ar,B2,Tarde,2026-03-01,Quiz_01,Quiz,2026-03-30,2026-03-28,7.7,A TIEMPO
A00320,Camila Cabrera,19,Masculino,camila.cabrera320@alumnos.tup.edu.ar,A1,Mañana,2026-02-20,TP_01,TP,2026-03-16,2026-03-16,5.3,A tiempo
A00103,Manuel Ramirez,20,Masculino,manuel.ramirez103@alumnos.tup.edu.ar,A1,Mañana,2026-03-06,TP_02,TP,2026-04-13,2026-04-10,10.0,A TIEMPO
A00390,Julieta Garcia,27,M,julieta.garcia390@alumnos.tup.edu.ar,A3,Mañana,26/02/2026,Quiz_03,Quiz,2026-05-25,2026-05-23,8.5,A tiempo
A00099,Florencia Acosta,24,M,florencia.acosta99@alumnos.tup.edu.ar,A3,Mañana,2026-02-18,TP_01,TP,2026-03-16,15-03-2026,3.8,A TIEMPO
A00271,  Paula Molina ,30,M,paula.molina271@alumnos.tup.edu.ar, a3 ,Mañana,2026-03-09,Quiz_01,Quiz,30/03/2026,2026-03-27,6.5,a tiempo
A00037,Federico Molina,17,M,federico.molina37@alumnos.tup.edu.ar,B2,Tarde,2026-02-22,TP_03,TP,11-05-2026,,,NO ENTREGO
A00403,Bautista Luna,23,Femenino,bautista.luna403@alumnos.tup.edu.ar,A2,Mañana,2026-02-15,TP_03,TP,11/05/2026,07-05-2026,9.2,a tiempo
A00520,Camila Torres,26,F,camila.torres520@alumnos.tup.edu.ar,C4,Noche,10-03-2026,Quiz_03,Quiz,25/05/2026,,,NO ENTREGO
A00172,Agustin Sanchez,23,M,agustin.sanchez172@alumnos.tup.edu.ar,C3,Noche,2026-03-02,TP_02,TP,2026-04-13,2026-04-10,8.0,A tiempo
A00207,Florencia Torres,31,F,florencia.torres207@alumnos.tup.edu.ar,C4,Noche,2026-02-17,TP_03,TP,11-05-2026,,,NO ENTREGO
A00544,Nicolas Suarez,29,F,nicolas.suarez544@alumnos.tup.edu.ar,A1,Mañana,2026-02-22,TP_03,TP,2026-05-11,2026-05-06,6.8,a tiempo
A00521,Renata Benitez,20,M,renata.benitez521@alumnos.tup.edu.ar,B2,Tarde,2026-02-14,TP_02,TP,2026-04-13,,,no entregó
A00055,Delfina Ortiz,18,F,delfina.ortiz55@alumnos.tup.edu.ar,A2,Mañana,2026-02-24,TP_03,TP,2026-05-11,09-05-2026,5.1,A TIEMPO
A00485,Lucas Torres,27,F,,A2,Mañana,08/03/2026,Quiz_03,Quiz,2026-05-25,2026-05-20,8.6,a tiempo
A00379,Valentina Flores,27,Masculino,valentina.flores379@alumnos.tup.edu.ar,C1,Noche,2026-02-14,Parcial_01,Parcial,22-06-2026,,,No entrego
A00085,Lucia Medina,27,F,lucia.medina85@alumnos.tup.edu.ar,C4,Noche,2026-03-09,Quiz_03,Quiz,25/05/2026,,,No entrego
A00690,Olivia Rodriguez,20,F,olivia.rodriguez690@alumnos.tup.edu.ar,C2,Noche,2026-02-23,TP_04,TP,2026-06-08,,,
A00480,Ignacio Herrera,17,M,ignacio.herrera480@alumnos.tup.edu.ar,C1,Noche,2026-03-01,Quiz_03,Quiz,25-05-2026,2026-05-24,"6,8",A TIEMPO
A00179,Lucas Rodriguez,20,Masculino,lucas.rodriguez179@alumnos.tup.edu.ar,A3,Mañana,2026-03-04,TP_01,TP,2026-03-16,2026-03-28,6.2,tarde
A00448,VICTORIA CASTRO,17,Masculino,victoria.castro448@alumnos.tup.edu.ar,C3,Noche,2026-03-06,TP_01,TP,2026-03-16,14-03-2026,5.7,A tiempo
A00025,Santino Ruiz,20,F,santino.ruiz25@alumnos.tup.edu.ar,B1,Tarde,26/02/2026,TP_01,TP,2026-03-16,26/03/2026,7.4,TARDE
A00339,Renata Medina,23,F,renata.medina339@alumnos.tup.edu.ar,A1,Mañana,2026-03-03,TP_03,TP,2026-05-11,2026-05-11,7.3,A TIEMPO
A00204,Maximo Vega,17,femenino,maximo.vega204@alumnos.tup.edu.ar,A1,Mañana,22/02/2026,TP_01,TP,16-03-2026,12-03-2026,6.5,A TIEMPO
A00143,Manuel Martinez,20,F,manuel.martinez143@alumnos.tup.edu.ar,C2,Noche,2026-03-03,Quiz_03,Quiz,2026-05-25,,,
A00556,Sofia Ortiz,30,M,sofia.ortiz556@alumnos.tup.edu.ar,A2,Mañana,2026-03-03,Quiz_03,Quiz,2026-05-25,,,no entregó
A00326,Sofia Sosa,17,M,sofia.sosa326@alumnos.tup.edu.ar,C2,Noche,2026-03-01,TP_02,TP,2026-04-13,13/04/2026,6.2,a tiempo
A00220,Antonella Garcia,22,F,antonella.garcia220@alumnos.tup.edu.ar,C3,Noche,2026-02-23,Quiz_03,Quiz,25/05/2026,2026-05-23,5.8,a tiempo
A00245,Paula Flores,27,Masculino,paula.flores245@alumnos.tup.edu.ar,A1,Mañana,2026-03-11,Quiz_02,Quiz,27/04/2026,2026-04-23,6.6,A TIEMPO
A00146,  Camila Gonzalez ,17,F,camila.gonzalez146@alumnos.tup.edu.ar,B2,Tarde,27/02/2026,TP_02,TP,2026-04-13,2026-04-11,8.3,A TIEMPO
A00690,Olivia Rodriguez,20,F,olivia.rodriguez690@alumnos.tup.edu.ar,C2,Noche,2026-02-23,TP_03,TP,11/05/2026,2026-05-07,4.7,A tiempo
A00016,Benjamin Torres,19,M,benjamin.torres16@alumnos.tup.edu.ar,C1,Noche,2026-03-08,Quiz_02,Quiz,2026-04-27,28/04/2026,5.7,tarde
A00489,Lucia Fernandez,18,Femenino,lucia.fernandez489@alumnos.tup.edu.ar,A1,Mañana,2026-02-26,TP_01,TP,16-03-2026,12-03-2026,7.3,A TIEMPO
A00492,Olivia Ramirez,17,Masculino,olivia.ramirez492@alumnos.tup.edu.ar,C4,Noche,26/02/2026,TP_04,TP,2026-06-08,,,no entregó
A00221,Antonella Acosta,32,F,antonella.acosta221@alumnos.tup.edu.ar,B2,Tarde,09-03-2026,Parcial_01,Parcial,2026-06-22,2026-06-21,"9,8",A TIEMPO
A00062,Valentino Ortiz,30,M,valentino.ortiz62@alumnos.tup.edu.ar,A1,Mañana,2026-03-03,TP_01,TP,2026-03-16,2026-03-15,"6,6",a tiempo
A00076,Maximo Flores,17,M,maximo.flores76@alumnos.tup.edu.ar,C1,Noche,2026-02-21,Quiz_03,Quiz,2026-05-25,2026-06-05,6.4,Tarde
A00691,Victoria Rojas,22,Masculino,victoria.rojas691@alumnos.tup.edu.ar,A2,Mañana,26-02-2026,TP_01,TP,16-03-2026,15/03/2026,5.1,a tiempo
A00056,Victoria Rodriguez,18,M,victoria.rodriguez56@alumnos.tup.edu.ar,B1,Tarde,2026-03-08,TP_04,TP,2026-06-08,2026-06-04,7.9,a tiempo
A00668,Bruno Aguirre,22,M,bruno.aguirre668@alumnos.tup.edu.ar,B1,Tarde,2026-03-09,TP_04,TP,2026-06-08,,,no entregó
A00566,Paula Gonzalez,19,M,paula.gonzalez566@alumnos.tup.edu.ar,C2,Noche,2026-02-25,Quiz_01,Quiz,2026-03-30,,,NO ENTREGO
A00330,Julieta Acosta,17,F,julieta.acosta330@alumnos.tup.edu.ar,A1,Mañana,2026-03-11,TP_02,TP,2026-04-13,,,NO ENTREGO
A00197,  Valentina Ramirez ,23,M,valentina.ramirez197@alumnos.tup.edu.ar,A1,Mañana,27/02/2026,Quiz_03,Quiz,2026-05-25,2026-05-24,6.8,A TIEMPO
A00237,Isabella Torres,21,Masculino,isabella.torres237@alumnos.tup.edu.ar,A1,Mañana,06-03-2026,TP_02,TP,13-04-2026,2026-04-13,7.9,A tiempo
A00239,gabriel sosa,25,femenino,gabriel.sosa239@alumnos.tup.edu.ar,A1,Mañana,15/02/2026,TP_03,TP,2026-05-11,2026-05-14,4.0,Tarde
A00119,Tomas Vega,21,Femenino,tomas.vega119@alumnos.tup.edu.ar,B2,Tarde,2026-03-09,Quiz_02,Quiz,2026-04-27,,,no entregó
A00303,Bautista Nuñez,19,F,bautista.nuñez303@alumnos.tup.edu.ar,A3,Mañana,2026-02-27,Quiz_03,Quiz,2026-05-25,,,no entregó
A00261,Thiago Nuñez,18,M,thiago.nuñez261@alumnos.tup.edu.ar,B1,Tarde,2026-03-04,Quiz_02,Quiz,2026-04-27,22/04/2026,7.4,A TIEMPO
A00535,Valentino Molina,17,F,valentino.molina535@alumnos.tup.edu.ar,A3,Mañana,09/03/2026,Quiz_03,Quiz,2026-05-25,2026-05-24,7.4,a tiempo
A00170,Valentino Sanchez,24,Femenino,valentino.sanchez170@alumnos.tup.edu.ar,B2,Tarde,18/02/2026,TP_02,TP,13/04/2026,13-04-2026,10.0,A TIEMPO
A00682,Gabriel Ortiz,17,Masculino,gabriel.ortiz682@alumnos.tup.edu.ar,A3,Mañana,04/03/2026,Quiz_01,Quiz,30/03/2026,,,
A00230,Paula Ruiz,17,M,,C4,Noche,19/02/2026,Quiz_03,Quiz,25/05/2026,2026-05-20,6.0,a tiempo
A00396,Felipe Suarez,31,F,felipe.suarez396@alumnos.tup.edu.ar,A1,Mañana,2026-02-22,TP_04,TP,2026-06-08,,,NO ENTREGO
A00130,  Benjamin Rojas ,31,M,benjamin.rojas130@alumnos.tup.edu.ar,C1,Noche,2026-02-18,Parcial_01,Parcial,22/06/2026,,,NO ENTREGO
A00340,Olivia Alvarez,17,M,olivia.alvarez340@alumnos.tup.edu.ar,B1,Tarde,07-03-2026,Quiz_02,Quiz,27/04/2026,2026-04-26,7.7,a tiempo
A00452,Guadalupe Flores,29,M,guadalupe.flores452@alumnos.tup.edu.ar,A3,Mañana,2026-02-28,TP_04,TP,08-06-2026,07/06/2026,3.2,A TIEMPO
A00557,florencia rojas,30,M,florencia.rojas557@alumnos.tup.edu.ar,B2,Tarde,2026-02-19,TP_01,TP,2026-03-16,12-03-2026,7.0,a tiempo
A00573,Lautaro Romero,22,Masculino,lautaro.romero573@alumnos.tup.edu.ar,C1,Noche,11/03/2026,TP_02,TP,2026-04-13,13-04-2026,7.6,A TIEMPO
A00451,VICTORIA SANCHEZ,27,F,victoria.sanchez451@alumnos.tup.edu.ar,A2,Mañana,2026-03-05,TP_03,TP,2026-05-11,2026-05-11,"7,3",A tiempo
A00537,Manuel Sosa,24,M,manuel.sosa537@@alumnos.tup.edu.ar,B2,Tarde,28/02/2026,TP_02,TP,2026-04-13,2026-04-21,5.1,Tarde
A00023,Thiago Garcia,17,F,thiago.garcia23@alumnos.tup.edu.ar,A2,Mañana,2026-03-04,Quiz_02,Quiz,2026-04-27,,,no entregó
A00216,Bautista Lopez,23,F,bautista.lopez216@alumnos.tup.edu.ar,A3,Mañana,2026-02-24,Quiz_03,Quiz,2026-05-25,21/05/2026,7.1,a tiempo
A00491,Felipe Sanchez,28,M,felipe.sanchez491@alumnos.tup.edu.ar,C2,NOCHE,2026-02-17,TP_04,TP,2026-06-08,2026-06-03,4.9,A tiempo
A00290,Julieta Suarez,18,M,julieta.suarez290@alumnos.tup.edu.ar,A1,Mañana,2026-02-24,TP_03,TP,2026-05-11,08-05-2026,9.2,a tiempo
A00051,Diego Castro,19,M,diego.castro51@alumnos.tup.edu.ar,A1,Mañana,22-02-2026,Parcial_01,Parcial,22-06-2026,2026-06-21,6.4,A tiempo
A00129,Martina Ramirez,25,F,martina.ramirez129@alumnos.tup.edu.ar,A1,Mañana,2026-02-14,TP_04,TP,2026-06-08,03-06-2026,8.0,A tiempo
A00266,Ignacio Silva,17,F,ignacio.silva266@alumnos.tup.edu.ar,C4,NOCHE,26/02/2026,Quiz_02,Quiz,27-04-2026,,,
A00015,Guadalupe Lopez,17,F,guadalupe.lopez15@alumnos.tup.edu.ar,C1,Noche,2026-02-19,Quiz_03,Quiz,2026-05-25,2026-05-24,8.0,a tiempo
A00487,Renata Herrera,17,F,renata.herrera487@alumnos.tup.edu.ar,C3,Noche,2026-02-15,TP_01,TP,2026-03-16,2026-03-18,6.2,Tarde
A00090,Joaquin Ramirez,29,M,joaquin.ramirez90@alumnos.tup.edu.ar,A2,Mañana,2026-02-16,Quiz_01,Quiz,2026-03-30,,,no entregó
A00674,Bautista Acosta,25,M,bautista.acosta674@alumnos.tup.edu.ar,B2,Tarde,05/03/2026,Parcial_01,Parcial,2026-06-22,2026-06-19,1.9,A TIEMPO
A00343,Lucia Ramirez,18,M,lucia.ramirez343@alumnos.tup.edu.ar,B2,Tarde,2026-03-03,Quiz_01,Quiz,2026-03-30,26-03-2026,3.9,A tiempo
A00601,Julieta Suarez,18,F,julieta.suarez601@alumnos.tup.edu.ar,A2,Mañana,2026-02-27,Parcial_01,Parcial,2026-06-22,2026-06-19,"5,2",a tiempo
A00660,Sofia Flores,31,Femenino,sofia.flores660@alumnos.tup.edu.ar,C1,Noche,2026-03-01,TP_01,TP,2026-03-16,15/03/2026,7.1,A tiempo
A00659,Florencia Rodriguez,25,F,florencia.rodriguez659@alumnos.tup.edu.ar, b1 ,Tarde,2026-03-10,Quiz_03,Quiz,25/05/2026,2026-05-24,5.0,A TIEMPO
A00308,Nicolas Sosa,20,femenino,nicolas.sosa308@alumnos.tup.edu.ar,B1,Tarde,2026-02-16,TP_04,TP,2026-06-08,2026-06-08,7.1,A TIEMPO
A00519,Olivia Acosta,22,M,olivia.acosta519@alumnos.tup.edu.ar,C2,Noche,16-02-2026,Quiz_01,Quiz,2026-03-30,03/04/2026,"3,3",TARDE
A00045,Olivia Romero,18,X,olivia.romero45@alumnos.tup.edu.ar, a1 ,Mañana,2026-03-07,TP_01,TP,2026-03-16,2026-03-11,6.6,a tiempo
A00383,Felipe Rojas,31,Masculino,felipe.rojas383@alumnos.tup.edu.ar,A1,Mañana,2026-03-08,TP_02,TP,2026-04-13,11/04/2026,7.7,a tiempo
A00025,Santino Ruiz,20,F,santino.ruiz25@alumnos.tup.edu.ar,B1,Tarde,26/02/2026,Quiz_03,Quiz,2026-05-25,2026-05-26,3.9,tarde
A00578,ANTONELLA ORTIZ,5,F,antonella.ortiz578@alumnos.tup.edu.ar,A2,Mañana,06-03-2026,Quiz_02,Quiz,2026-04-27,2026-04-29,"2,3",Tarde
A00429,Thiago Perez,22,Femenino,thiago.perez429@alumnos.tup.edu.ar,C4,Noche,2026-03-11,Parcial_01,Parcial,2026-06-22,19/06/2026,9.5,a tiempo
A00281,Victoria Romero,17,F,victoria.romero281@alumnos.tup.edu.ar,C2,Noche,2026-03-11,Parcial_01,Parcial,2026-06-22,,,no entregó
A00374,Mora Ruiz,20,F,mora.ruiz374@alumnos.tup.edu.ar,A2,Mañana,2026-03-04,Quiz_02,Quiz,2026-04-27,2026-04-27,"8,5",A tiempo
A00026,emma medina,26,M,emma.medina26@alumnos.tup.edu.ar,B1,Tarde,01/03/2026,Quiz_01,Quiz,2026-03-30,2026-03-25,8.4,A TIEMPO
A00427,Mora Nuñez,23,M,mora.nuñez427@alumnos.tup.edu.ar,B2,Tarde,2026-02-28,TP_03,TP,2026-05-11,2026-05-10,"7,9",A tiempo
A00624,Florencia Castro,24,Masculino,florencia.castro624@alumnos.tup.edu.ar,A2,Mañana,2026-03-08,Quiz_02,Quiz,27/04/2026,2026-04-22,6.5,a tiempo
A00318,Manuel Diaz,24,F,manuel.diaz318@alumnos.tup.edu.ar,A2,Mañana,2026-02-23,Quiz_02,Quiz,2026-04-27,2026-04-26,7.9,A TIEMPO
A00044,Gabriel Rojas,20,M,gabriel.rojas44@alumnos.tup.edu.ar,B2,Tarde,2026-02-17,TP_01,TP,16-03-2026,2026-03-11,4.7,a tiempo
A00027,Joaquin Sosa,22,M,joaquin.sosa27@alumnos.tup.edu.ar,A3,Mañana,2026-03-06,TP_04,TP,2026-06-08,,,no entregó
A00527,Gabriel Ruiz,27,Femenino,gabriel.ruiz527@alumnos.tup.edu.ar,B1,Tarde,2026-02-19,Quiz_01,Quiz,30/03/2026,,,
A00518,Nicolas Diaz,28,Masculino,nicolas.diaz518@alumnos.tup.edu.ar,B1,Tarde,2026-03-03,Quiz_01,Quiz,2026-03-30,,,no entregó
A00156,Isabella Martinez,22,M,isabella.martinez156@alumnos.tup.edu.ar,B1,Tarde,2026-02-20,Quiz_03,Quiz,2026-05-25,2026-05-25,"5,8",A TIEMPO
A00328,Bruno Lopez,22,F,bruno.lopez328@alumnos.tup.edu.ar,B2,Tarde,2026-03-08,Quiz_03,Quiz,2026-05-25,,,
A00122,Santino Rojas,23,F,santino.rojas122@alumnos.tup.edu.ar,C3,Noche,2026-02-22,Quiz_03,Quiz,2026-05-25,2026-05-24,8.1,a tiempo
A00333,Ignacio Sosa,17,F,ignacio.sosa333@alumnos.tup.edu.ar,A3,Mañana,2026-03-01,TP_04,TP,2026-06-08,,,no entregó
A00165,Isabella Castro,18,Femenino,isabella.castro165@alumnos.tup.edu.ar,B2,Tarde,09-03-2026,Parcial_01,Parcial,2026-06-22,2026-06-22,"7,5",A TIEMPO
A00571,Catalina Gonzalez,23,Femenino,catalina.gonzalez571@alumnos.tup.edu.ar,A1,Mañana,26-02-2026,Parcial_01,Parcial,2026-06-22,2026-06-22,"7,5",a tiempo
A00424,Olivia Aguirre,22,Femenino,olivia.aguirre424@alumnos.tup.edu.ar,C4,Noche,2026-02-24,Quiz_02,Quiz,2026-04-27,2026-05-07,5.3,TARDE
A00491,Felipe Sanchez,28,M,felipe.sanchez491@alumnos.tup.edu.ar,C2,NOCHE,2026-02-17,Quiz_01,Quiz,30/03/2026,2026-03-30,5.8,a tiempo
A00119,Tomas Vega,21,Femenino,tomas.vega119@alumnos.tup.edu.ar,B2,Tarde,2026-03-09,TP_03,TP,2026-05-11,2026-05-11,6.1,A tiempo
A00100,Camila Ramirez,24,Femenino,camila.ramirez100@alumnos.tup.edu.ar,B2,Tarde,2026-03-03,TP_01,TP,2026-03-16,2026-03-16,7.7,a tiempo
A00353,Lautaro Medina,18,F,lautaro.medina353@alumnos.tup.edu.ar,B2,Tarde,2026-03-04,TP_04,TP,2026-06-08,2026-06-03,8.3,A TIEMPO
A00397,camila benitez,17,F,camila.benitez397@alumnos.tup.edu.ar,C3,Noche,2026-03-03,Quiz_01,Quiz,2026-03-30,2026-04-05,4.3,TARDE
A00049,Gabriel Diaz,24,F,gabriel.diaz49@alumnos.tup.edu.ar,C4,Noche,26/02/2026,Quiz_02,Quiz,27/04/2026,,,
A00217,Mora Ramirez,27,M,mora.ramirez217@alumnos.tup.edu.ar,C1,Noche,2026-02-20,Quiz_03,Quiz,25/05/2026,2026-05-21,6.3,a tiempo
A00184,Florencia Diaz,20,F,florencia.diaz184@alumnos.tup.edu.ar,A3,Mañana,2026-03-10,TP_02,TP,13/04/2026,08-04-2026,9.0,A TIEMPO
A00651,Delfina Garcia,20,M,delfina.garcia651@alumnos.tup.edu.ar,C2,Noche,2026-03-08,Quiz_03,Quiz,2026-05-25,,,NO ENTREGO
A00607,  Bautista Suarez ,24,M,bautista.suarez607@alumnos.tup.edu.ar,B1,Tarde,27-02-2026,TP_03,TP,2026-05-11,2026-05-13,6.8,tarde
A00353,Lautaro Medina,18,F,lautaro.medina353@alumnos.tup.edu.ar,B2,Tarde,2026-03-04,TP_02,TP,2026-04-13,2026-04-09,7.3,A TIEMPO
A00154,Maximo Torres,19,Masculino,maximo.torres154@alumnos.tup.edu.ar,A2,Mañana,09/03/2026,Quiz_03,Quiz,2026-05-25,2026-05-25,8.7,A TIEMPO
A00540,Renata Garcia,17,M,renata.garcia540@alumnos.tup.edu.ar,B2,Tarde,2026-02-26,TP_04,TP,2026-06-08,05-06-2026,9.4,A TIEMPO
A00030,Victoria Romero,17,M,victoria.romero30@alumnos.tup.edu.ar,B2,Tarde,27-02-2026,TP_04,TP,2026-06-08,2026-06-06,7.7,a tiempo
A00049,Gabriel Diaz,24,F,gabriel.diaz49@alumnos.tup.edu.ar,C4,Noche,26/02/2026,TP_01,TP,16-03-2026,2026-03-15,"8,9",A tiempo
A00065,Federico Medina,20,M,federico.medina65@alumnos.tup.edu.ar,A2,Mañana,2026-03-07,Parcial_01,Parcial,22/06/2026,2026-06-28,"5,6",TARDE
A00317,Pilar Aguirre,22,Masculino,pilar.aguirre317@alumnos.tup.edu.ar,C2,Noche,10/03/2026,TP_01,TP,2026-03-16,11-03-2026,8.7,A tiempo
A00096,Renata Torres,25,M,renata.torres96@alumnos.tup.edu.ar,C2,Noche,2026-02-27,Quiz_03,Quiz,2026-05-25,,,
A00060,Diego Luna,35,Femenino,diego.luna60@alumnos.tup.edu.ar,C3,Noche,2026-02-18,Quiz_02,Quiz,2026-04-27,,,no entregó
A00091,Martina Aguirre,17,M,martina.aguirre91@alumnos.tup.edu.ar, a1 ,Mañana,2026-02-14,Quiz_01,Quiz,30/03/2026,28/03/2026,5.8,A TIEMPO
A00644,DELFINA VEGA,23,M,delfina.vega644@alumnos.tup.edu.ar,C1,Noche,02/03/2026,Quiz_02,Quiz,2026-04-27,2026-04-24,"7,7",a tiempo
A00560,lucas ramirez,19,F,lucas.ramirez560@alumnos.tup.edu.ar,C2,NOCHE,2026-02-27,Quiz_01,Quiz,2026-03-30,2026-03-30,7.7,A TIEMPO
A00376,Joaquin Sanchez,21,M,joaquin.sanchez376@alumnos.tup.edu.ar,C2,Noche,20/02/2026,TP_04,TP,2026-06-08,,,NO ENTREGO
A00505,Lautaro Romero,26,Femenino,lautaro.romero505@alumnos.tup.edu.ar,B1,Tarde,28-02-2026,Quiz_01,Quiz,30/03/2026,2026-03-30,4.7,A TIEMPO
A00601,Julieta Suarez,18,F,julieta.suarez601@alumnos.tup.edu.ar,A2,Mañana,27-02-2026,TP_04,TP,2026-06-08,,,NO ENTREGO
A00175,Gabriel Castro,33,F,gabriel.castro175@alumnos.tup.edu.ar,A2,Mañana,2026-03-06,Quiz_01,Quiz,2026-03-30,,,NO ENTREGO
A00309,Felipe Lopez,17,F,felipe.lopez309@alumnos.tup.edu.ar,A3,Mañana,2026-03-06,TP_03,TP,2026-05-11,,,NO ENTREGO
A00021,renata herrera,18,femenino,renata.herrera21@alumnos.tup.edu.ar,B1,Tarde,21/02/2026,TP_02,TP,2026-04-13,,,No entrego
A00129,Martina Ramirez,25,F,martina.ramirez129@alumnos.tup.edu.ar,A1,Mañana,2026-02-14,TP_02,TP,2026-04-13,10-04-2026,8.1,A TIEMPO
A00428,Joaquin Torres,34,M,joaquin.torres428@alumnos.tup.edu.ar,B1,Tarde,2026-03-07,TP_01,TP,16-03-2026,2026-03-11,"6,3",a tiempo
A00577,Emma Medina,17,F,emma.medina577@alumnos.tup.edu.ar,A2,Mañana,2026-02-26,TP_03,TP,11/05/2026,07/05/2026,8.3,a tiempo
A00192,Emma Sanchez,17,F,emma.sanchez192@alumnos.tup.edu.ar,C1,Noche,11-03-2026,Quiz_02,Quiz,2026-04-27,,,No entrego
A00449,Pilar Martinez,18,M,pilar.martinez449@alumnos.tup.edu.ar,A3,Mañana,08/03/2026,Quiz_02,Quiz,2026-04-27,2026-04-27,7.8,a tiempo
A00547,Agustin Rodriguez,27,M,agustin.rodriguez547@alumnos.tup.edu.ar,C3,NOCHE,2026-02-14,TP_01,TP,2026-03-16,2026-03-11,4.8,A tiempo
A00649,Martina Lopez,17,M,martina.lopez649@alumnos.tup.edu.ar,C2,Noche,17/02/2026,Parcial_01,Parcial,2026-06-22,2026-06-18,7.1,A TIEMPO
A00438,Olivia Nuñez,20,F,olivia.nuñez438@alumnos.tup.edu.ar,A3,Mañana,2026-02-16,Parcial_01,Parcial,22-06-2026,2026-06-18,8.3,A tiempo
A00481,Mateo Rodriguez,20,femenino,mateo.rodriguez481@alumnos.tup.edu.ar,A2,Mañana,2026-02-21,TP_02,TP,2026-04-13,2026-04-11,8.4,A tiempo
A00090,Joaquin Ramirez,29,M,joaquin.ramirez90@alumnos.tup.edu.ar,A2,Mañana,16-02-2026,TP_03,TP,11/05/2026,2026-05-07,6.4,a tiempo
A00425,Bautista Castro,28,Femenino,bautista.castro425@alumnos.tup.edu.ar,C3,NOCHE,2026-03-06,Parcial_01,Parcial,2026-06-22,2026-06-20,7.3,A tiempo
A00626,Nicolas Castro,30,Masculino,nicolas.castro626@alumnos.tup.edu.ar,A2,Mañana,2026-02-17,Quiz_03,Quiz,25/05/2026,23/05/2026,6.1,A TIEMPO
A00553,Felipe Romero,28,Masculino,felipe.romero553@alumnos.tup.edu.ar,B1,Tarde,14-02-2026,Parcial_01,Parcial,2026-06-22,,,
A00443,Florencia Gonzalez,23,Femenino,florencia.gonzalez443@alumnos.tup.edu.ar,C4,Noche,2026-03-05,TP_02,TP,2026-04-13,13/04/2026,7.9,A TIEMPO
A00480,Ignacio Herrera,17,M,ignacio.herrera480@alumnos.tup.edu.ar,C1,Noche,2026-03-01,TP_02,TP,2026-04-13,11/04/2026,0.0,a tiempo
A00480,Ignacio Herrera,17,M,ignacio.herrera480@alumnos.tup.edu.ar,C1,Noche,01/03/2026,TP_04,TP,08-06-2026,,,No entrego
A00562,BRUNO FERNANDEZ,21,F,bruno.fernandez562@alumnos.tup.edu.ar,B2,Tarde,2026-02-22,TP_02,TP,2026-04-13,2026-04-12,8.8,A TIEMPO
A00068,Martina Garcia,19,F,martina.garcia68@alumnos.tup.edu.ar,A1,Mañana,25/02/2026,TP_04,TP,2026-06-08,,,
A00289,Lucas Alvarez,23,M,lucas.alvarez289@alumnos.tup.edu.ar,A1,Mañana,2026-03-05,TP_02,TP,2026-04-13,,,no entregó
A00301,Sofia Benitez,23,Masculino,sofia.benitez301@alumnos.tup.edu.ar,C1,Noche,2026-03-09,Quiz_02,Quiz,27/04/2026,22/04/2026,6.0,a tiempo
A00574,Isabella Benitez,23,Femenino,isabella.benitez574@alumnos.tup.edu.ar,B2,Tarde,24/02/2026,TP_04,TP,2026-06-08,,,NO ENTREGO
A00434,Mia Cabrera,17,F,mia.cabrera434@alumnos.tup.edu.ar,A1,Mañana,2026-03-01,Parcial_01,Parcial,22/06/2026,21/06/2026,"9,0",A TIEMPO
A00162,Mateo Benitez,17,F,mateo.benitez162@alumnos.tup.edu.ar,C2,Noche,17/02/2026,Quiz_02,Quiz,2026-04-27,,,
A00386,Felipe Vega,19,M,felipe.vega386@alumnos.tup.edu.ar,B1,Tarde,15/02/2026,TP_03,TP,2026-05-11,,,NO ENTREGO
A00058,DELFINA RAMIREZ,19,F,delfina.ramirez58@alumnos.tup.edu.ar,B2,Tarde,27/02/2026,TP_02,TP,13-04-2026,09/04/2026,5.5,A tiempo
A00109,Joaquin Aguirre,33,Masculino,joaquin.aguirre109@alumnos.tup.edu.ar,B2,Tarde,2026-02-15,Parcial_01,Parcial,2026-06-22,2026-06-18,6.1,A TIEMPO
A00209,Sofia Nuñez,25,F,sofia.nuñez209@alumnos.tup.edu.ar,A3,MAÑANA,2026-03-08,Quiz_01,Quiz,30-03-2026,30/03/2026,7.8,a tiempo
A00400,martina silva,24,F,,C1,Noche,17/02/2026,Quiz_02,Quiz,27/04/2026,2026-04-24,5.5,A tiempo
A00622,Gabriel Fernandez,17,M,, a3 ,MAÑANA,28/02/2026,Quiz_02,Quiz,2026-04-27,2026-04-22,6.6,A tiempo
A00330,Julieta Acosta,17,F,julieta.acosta330@alumnos.tup.edu.ar,A1,Mañana,11-03-2026,TP_04,TP,2026-06-08,,,no entregó
A00048,  Martina Medina ,17,femenino,martina.medina48@alumnos.tup.edu.ar,A2,Mañana,2026-02-16,Quiz_01,Quiz,30-03-2026,,,
A00357,nicolas romero,21,M,nicolas.romero357@alumnos.tup.edu.ar,B2,Tarde,2026-03-06,TP_03,TP,11-05-2026,,,no entregó
A00148,Julieta Romero,27,F,julieta.romero148@alumnos.tup.edu.ar,B2,Tarde,20/02/2026,TP_04,TP,08/06/2026,2026-06-03,6.1,a tiempo
A00309,Felipe Lopez,17,F,felipe.lopez309@alumnos.tup.edu.ar,A3,Mañana,2026-03-06,TP_01,TP,16/03/2026,2026-03-25,"4,0",TARDE
A00157,Pilar Garcia,23,F,pilar.garcia157@alumnos.tup.edu.ar,A3,Mañana,2026-03-06,Quiz_01,Quiz,2026-03-30,2026-03-28,8.6,a tiempo
A00686,Lucas Luna,20,F,lucas.luna686@alumnos.tup.edu.ar,C4,Noche,2026-02-17,TP_03,TP,11-05-2026,2026-05-10,6.2,A tiempo
A00029,Delfina Benitez,28,F,delfina.benitez29@alumnos.tup.edu.ar,C4,Noche,2026-03-10,TP_04,TP,08/06/2026,04-06-2026,6.3,a tiempo
A00093,Martina Medina,20,F,martina.medina93@alumnos.tup.edu.ar,C3,Noche,02/03/2026,Parcial_01,Parcial,22/06/2026,02-07-2026,7.5,Tarde
A00318,Manuel Diaz,24,F,manuel.diaz318@alumnos.tup.edu.ar,A2,Mañana,2026-02-23,Quiz_03,Quiz,2026-05-25,21/05/2026,8.0,a tiempo
A00246,NICOLAS BENITEZ,18,F,nicolas.benitez246@alumnos.tup.edu.ar,C3,Noche,2026-02-16,TP_03,TP,2026-05-11,,,NO ENTREGO
A00180,Lautaro Martinez,19,F,lautaro.martinez180@alumnos.tup.edu.ar,B1,Tarde,2026-02-25,Quiz_01,Quiz,2026-03-30,,,no entregó
A00592,valentino rodriguez,19,M,valentino.rodriguez592@alumnos.tup.edu.ar,B2,Tarde,2026-03-07,Parcial_01,Parcial,2026-06-22,2026-06-17,9.1,a tiempo
A00456,Lucas Vega,17,M,lucas.vega456@alumnos.tup.edu.ar,A2,Mañana,06-03-2026,TP_02,TP,2026-04-13,,,NO ENTREGO
A00607,  Bautista Suarez ,24,M,bautista.suarez607@alumnos.tup.edu.ar,B1,Tarde,2026-02-27,Parcial_01,Parcial,2026-06-22,,,No entrego
A00246,NICOLAS BENITEZ,18,F,nicolas.benitez246@alumnos.tup.edu.ar,C3,Noche,2026-02-16,TP_04,TP,08/06/2026,,,
A00657,Valentino Alvarez,23,F,valentino.alvarez657@alumnos.tup.edu.ar,A2,Mañana,2026-03-05,TP_03,TP,2026-05-11,2026-05-06,8.1,A TIEMPO
A00300,ANTONELLA CASTRO,23,M,antonella.castro300@alumnos.tup.edu.ar,A3,MAÑANA,2026-02-28,Quiz_01,Quiz,2026-03-30,2026-03-29,4.9,A TIEMPO
A00011,lucia medina,23,M,lucia.medina11@alumnos.tup.edu.ar,C1,Noche,2026-03-04,TP_04,TP,2026-06-08,08/06/2026,5.1,A TIEMPO
A00096,Renata Torres,25,M,renata.torres96@alumnos.tup.edu.ar,C2,Noche,2026-02-27,Parcial_01,Parcial,2026-06-22,,,no entregó
A00612,Mia Rojas,28,M,mia.rojas612@alumnos.tup.edu.ar,B1,Tarde,2026-02-21,TP_03,TP,11-05-2026,2026-05-11,8.0,A tiempo
A00071,Guadalupe Ruiz,17,F,guadalupe.ruiz71@alumnos.tup.edu.ar,B2,Tarde,16-02-2026,Quiz_01,Quiz,30/03/2026,2026-03-26,8.1,A tiempo
A00450,Gabriel Nuñez,27,F,gabriel.nuñez450@alumnos.tup.edu.ar,A2,Mañana,2026-03-11,Quiz_03,Quiz,2026-05-25,2026-05-25,6.3,A TIEMPO
A00384,MIA ACOSTA,27,F,mia.acosta384@alumnos.tup.edu.ar,B1,Tarde,11/03/2026,Quiz_01,Quiz,2026-03-30,2026-03-26,6.9,a tiempo
A00068,Martina Garcia,19,F,martina.garcia68@alumnos.tup.edu.ar,A1,Mañana,2026-02-25,TP_02,TP,13-04-2026,2026-04-24,6.0,tarde
A00618,Mora Martinez,24,F,mora.martinez618@alumnos.tup.edu.ar,B2,Tarde,2026-02-25,Quiz_02,Quiz,2026-04-27,2026-04-28,6.8,TARDE
A00057,Martina Diaz,22,Masculino,martina.diaz57@alumnos.tup.edu.ar,A1,Mañana,2026-03-04,TP_03,TP,11-05-2026,2026-05-08,9.0,a tiempo
A00084,Felipe Ruiz,20,F,felipe.ruiz84@alumnos.tup.edu.ar,C3,Noche,2026-03-05,TP_03,TP,2026-05-11,,,No entrego
A00195,Joaquin Nuñez,23,F,joaquin.nuñez195@alumnos.tup.edu.ar,C3,Noche,04-03-2026,TP_02,TP,2026-04-13,2026-04-20,"6,5",TARDE
A00656,Bautista Rodriguez,18,Femenino,bautista.rodriguez656@alumnos.tup.edu.ar,B1,Tarde,2026-02-20,TP_03,TP,2026-05-11,2026-05-10,8.1,a tiempo
A00687,Pilar Romero,21,F,pilar.romero687@alumnos.tup.edu.ar,C1,Noche,2026-03-09,Quiz_02,Quiz,2026-04-27,2026-04-25,6.7,a tiempo
A00520,Camila Torres,26,F,camila.torres520@alumnos.tup.edu.ar,C4,Noche,10/03/2026,TP_01,TP,2026-03-16,27-03-2026,5.4,TARDE
A00134,santino romero,24,F,santino.romero134@alumnos.tup.edu.ar,A1,Mañana,2026-02-23,Quiz_03,Quiz,2026-05-25,,,No entrego
A00598,SOFIA CASTRO,18,F,sofia.castro598@alumnos.tup.edu.ar,A2,Mañana,2026-02-25,TP_04,TP,2026-06-08,2026-06-07,"7,8",A TIEMPO
A00221,Antonella Acosta,32,F,antonella.acosta221@alumnos.tup.edu.ar,B2,Tarde,2026-03-09,TP_02,TP,2026-04-13,10/04/2026,"9,2",a tiempo
A00160,Maximo Rodriguez,17,M,maximo.rodriguez160@alumnos.tup.edu.ar,A2,Mañana,01/03/2026,TP_01,TP,2026-03-16,13/03/2026,7.1,a tiempo
A00045,Olivia Romero,18,X,olivia.romero45@alumnos.tup.edu.ar, a1 ,Mañana,2026-03-07,TP_02,TP,2026-04-13,2026-04-08,"4,3",A TIEMPO
A00512,Bautista Ortiz,24,M,bautista.ortiz512@alumnos.tup.edu.ar,B2,Tarde,20/02/2026,Quiz_02,Quiz,2026-04-27,27-04-2026,10.0,a tiempo
A00487,Renata Herrera,17,F,renata.herrera487@alumnos.tup.edu.ar,C3,Noche,2026-02-15,Parcial_01,Parcial,22/06/2026,17/06/2026,"5,0",a tiempo
A00270,Felipe Rodriguez,23,F,felipe.rodriguez270@alumnos.tup.edu.ar,B1,Tarde,2026-03-02,Quiz_01,Quiz,30-03-2026,25/03/2026,"3,5",A TIEMPO
A00563,Victoria Flores,22,F,victoria.flores563@alumnos.tup.edu.ar,B2,Tarde,2026-02-24,TP_01,TP,16-03-2026,2026-03-15,8.1,A tiempo
A00340,Olivia Alvarez,17,M,olivia.alvarez340@alumnos.tup.edu.ar,B1,Tarde,2026-03-07,TP_03,TP,2026-05-11,10/05/2026,"8,1",A TIEMPO
A00514,Manuel Romero,18,F,manuel.romero514@alumnos.tup.edu.ar,C4,Noche,2026-02-24,Quiz_01,Quiz,2026-03-30,,,No entrego
A00508,  Ignacio Acosta ,19,F,ignacio.acosta508@alumnos.tup.edu.ar,A1,Mañana,2026-02-15,TP_04,TP,2026-06-08,2026-06-04,8.2,A TIEMPO
A00095,Bruno Diaz,29,F,bruno.diaz95@alumnos.tup.edu.ar,B2,Tarde,2026-02-15,TP_02,TP,2026-04-13,09/04/2026,7.4,A TIEMPO
A00308,Nicolas Sosa,20,femenino,nicolas.sosa308@alumnos.tup.edu.ar,B1,Tarde,2026-02-16,TP_02,TP,13/04/2026,2026-04-10,8.0,A tiempo
A00613,Federico Ortiz,17,F,federico.ortiz613@alumnos.tup.edu.ar,C1,Noche,2026-02-17,Quiz_02,Quiz,2026-04-27,2026-04-23,8.1,a tiempo
A00274,  Delfina Cabrera ,18,M,delfina.cabrera274@alumnos.tup.edu.ar,A2,Mañana,2026-02-25,TP_01,TP,16-03-2026,13/03/2026,"8,4",A tiempo
A00142,Pilar Medina,19,M,pilar.medina142@alumnos.tup.edu.ar,A1,Mañana,2026-02-22,Parcial_01,Parcial,2026-06-22,,,No entrego
A00299,Paula Diaz,22,F,paula.diaz299@alumnos.tup.edu.ar,C1,Noche,2026-02-26,TP_03,TP,11/05/2026,,,no entregó
A00498,Lucia Sosa,17,X,lucia.sosa498@alumnos.tup.edu.ar,A3,Mañana,10/03/2026,Quiz_02,Quiz,2026-04-27,2026-05-03,"6,8",tarde
A00255,Bruno Flores,21,Masculino,bruno.flores255@alumnos.tup.edu.ar,B1,Tarde,04-03-2026,TP_01,TP,16-03-2026,14-03-2026,3.4,A tiempo
A00348,Sofia Herrera,17,X,sofia.herrera348@alumnos.tup.edu.ar,B1,Tarde,26/02/2026,Quiz_02,Quiz,27-04-2026,2026-04-22,7.9,a tiempo
A00156,Isabella Martinez,22,M,isabella.martinez156@alumnos.tup.edu.ar,B1,Tarde,2026-02-20,TP_01,TP,16/03/2026,2026-03-12,7.7,a tiempo
A00257,LAUTARO TORRES,23,M,lautaro.torres257@alumnos.tup.edu.ar,A3,Mañana,09/03/2026,Quiz_02,Quiz,2026-04-27,08/05/2026,5.0,tarde
A00276,Santino Ortiz,25,F,santino.ortiz276@alumnos.tup.edu.ar,A3,Mañana,2026-02-14,Parcial_01,Parcial,22/06/2026,,,
A00315,Martina Sanchez,19,femenino,martina.sanchez315@alumnos.tup.edu.ar, c2 ,Noche,2026-02-22,Quiz_02,Quiz,2026-04-27,,,
A00209,Sofia Nuñez,25,F,sofia.nuñez209@alumnos.tup.edu.ar,A3,MAÑANA,2026-03-08,TP_02,TP,2026-04-13,,,
A00549,Mateo Rodriguez,20,M,mateo.rodriguez549@alumnos.tup.edu.ar,A3,Mañana,2026-02-19,TP_04,TP,2026-06-08,2026-06-20,8.2,TARDE
A00522,Camila Torres,20,M,camila.torres522@alumnos.tup.edu.ar,B2,Tarde,2026-02-26,Quiz_01,Quiz,2026-03-30,2026-03-25,4.0,A TIEMPO
A00007,Pilar Gonzalez,28,F,pilar.gonzalez7@alumnos.tup.edu.ar,B1,Tarde,2026-02-14,TP_01,TP,2026-03-16,,,
A00127,Mora Rodriguez,21,M,mora.rodriguez127@alumnos.tup.edu.ar,A1,Mañana,2026-02-25,TP_03,TP,2026-05-11,,,No entrego
A00274,  Delfina Cabrera ,18,M,delfina.cabrera274@alumnos.tup.edu.ar,A2,Mañana,2026-02-25,Parcial_01,Parcial,2026-06-22,,,NO ENTREGO
A00317,Pilar Aguirre,22,Masculino,pilar.aguirre317@alumnos.tup.edu.ar,C2,Noche,2026-03-10,Quiz_02,Quiz,2026-04-27,2026-04-23,8.1,A TIEMPO
A00640,Felipe Nuñez,20,M,,C1,Noche,2026-02-22,Parcial_01,Parcial,22-06-2026,2026-06-17,8.7,A TIEMPO
A00093,Martina Medina,20,F,martina.medina93@alumnos.tup.edu.ar,C3,Noche,2026-03-02,TP_04,TP,08-06-2026,04/06/2026,"4,4",a tiempo
A00036,Nicolas Vega,17,M,nicolas.vega36@alumnos.tup.edu.ar,C2,Noche,11/03/2026,Quiz_02,Quiz,2026-04-27,2026-04-22,7.9,a tiempo
A00243,Ignacio Martinez,17,Masculino,ignacio.martinez243@alumnos.tup.edu.ar, c2 ,Noche,03/03/2026,Quiz_03,Quiz,2026-05-25,2026-05-25,4.9,A TIEMPO
A00532,Maximo Rojas,22,M,maximo.rojas532@alumnos.tup.edu.ar,B2,Tarde,26/02/2026,TP_02,TP,2026-04-13,2026-04-09,6.1,a tiempo
A00451,VICTORIA SANCHEZ,27,F,victoria.sanchez451@alumnos.tup.edu.ar,A2,Mañana,2026-03-05,TP_02,TP,13-04-2026,2026-04-15,6.6,TARDE
A00308,Nicolas Sosa,20,femenino,nicolas.sosa308@alumnos.tup.edu.ar,B1,Tarde,2026-02-16,Quiz_01,Quiz,2026-03-30,02/04/2026,6.2,Tarde
A00510,Federico Martinez,24,M,federico.martinez510@alumnos.tup.edu.ar,A2,Mañana,2026-03-06,Quiz_03,Quiz,25-05-2026,,,
A00689,Nicolas Molina,20,Femenino,nicolas.molina689@alumnos.tup.edu.ar,A3,Mañana,2026-03-01,TP_04,TP,2026-06-08,,,no entregó
A00670,Julieta Sanchez,18,M,julieta.sanchez670@@alumnos.tup.edu.ar,A3,Mañana,2026-02-23,TP_03,TP,2026-05-11,,,
A00146,  Camila Gonzalez ,17,F,camila.gonzalez146@alumnos.tup.edu.ar,B2,Tarde,27/02/2026,TP_01,TP,2026-03-16,15-03-2026,"8,2",A TIEMPO
A00152,Maximo Flores,25,Masculino,maximo.flores152@alumnos.tup.edu.ar,C4,Noche,2026-02-16,Quiz_02,Quiz,2026-04-27,2026-04-22,9.1,A tiempo
A00236,Valentino Silva,17,F,valentino.silva236@alumnos.tup.edu.ar,C2,Noche,2026-03-05,Quiz_01,Quiz,2026-03-30,2026-04-11,3.1,TARDE
A00163,Isabella Nuñez,22,M,isabella.nuñez163@alumnos.tup.edu.ar,C4,Noche,2026-02-24,TP_01,TP,2026-03-16,2026-03-11,4.9,a tiempo
A00493,Agustin Ruiz,24,F,agustin.ruiz493@alumnos.tup.edu.ar,C2,Noche,2026-03-04,TP_02,TP,2026-04-13,,,
A00008,Ignacio Silva,17,Femenino,ignacio.silva8@@alumnos.tup.edu.ar,B1,Tarde,24/02/2026,TP_02,TP,13/04/2026,10-04-2026,"6,8",a tiempo
A00077,Diego Garcia,21,X,diego.garcia77@alumnos.tup.edu.ar,B2,TARDE,11/03/2026,TP_04,TP,2026-06-08,2026-06-03,5.8,A TIEMPO
A00531,Catalina Romero,29,F,catalina.romero531@alumnos.tup.edu.ar,B2,Tarde,2026-03-11,TP_02,TP,13/04/2026,,,no entregó
A00614,Ignacio Gonzalez,17,M,ignacio.gonzalez614@alumnos.tup.edu.ar,A2,Mañana,2026-02-27,TP_03,TP,11/05/2026,06-05-2026,7.5,A TIEMPO
A00573,Lautaro Romero,22,Masculino,lautaro.romero573@alumnos.tup.edu.ar,C1,Noche,2026-03-11,Parcial_01,Parcial,22-06-2026,22/06/2026,10.0,a tiempo
A00697,Benjamin Acosta,26,F,benjamin.acosta697@alumnos.tup.edu.ar,A3,Mañana,24/02/2026,Quiz_01,Quiz,30-03-2026,2026-03-26,"6,5",A TIEMPO
A00040,Martina Sosa,25,Femenino,martina.sosa40@alumnos.tup.edu.ar,C3,Noche,2026-02-22,Quiz_03,Quiz,2026-05-25,2026-05-22,8.6,a tiempo
A00066,Bruno Torres,29,F,bruno.torres66@alumnos.tup.edu.ar,B1,Tarde,2026-02-18,TP_04,TP,2026-06-08,,,no entregó
A00043,Maximo Martinez,20,M,maximo.martinez43@alumnos.tup.edu.ar,A1,Mañana,2026-02-17,Parcial_01,Parcial,2026-06-22,,,No entrego
A00151,Guadalupe Vega,17,F,guadalupe.vega151@alumnos.tup.edu.ar,B1,Tarde,11/03/2026,Quiz_03,Quiz,2026-05-25,2026-06-06,5.1,Tarde
A00666,Tomas Sanchez,17,Femenino,tomas.sanchez666@alumnos.tup.edu.ar, c2 ,Noche,15/02/2026,Quiz_01,Quiz,2026-03-30,2026-04-10,6.8,TARDE
A00660,Sofia Flores,31,Femenino,sofia.flores660@alumnos.tup.edu.ar,C1,Noche,2026-03-01,Quiz_03,Quiz,25/05/2026,,,NO ENTREGO
A00216,Bautista Lopez,23,F,bautista.lopez216@alumnos.tup.edu.ar,A3,Mañana,2026-02-24,Quiz_02,Quiz,2026-04-27,2026-04-24,"8,8",A TIEMPO
A00595,Nicolas Perez,22,Femenino,nicolas.perez595@alumnos.tup.edu.ar,C4,NOCHE,2026-02-28,TP_04,TP,08/06/2026,2026-06-05,4.9,a tiempo
A00536,Guadalupe Nuñez,17,Masculino,guadalupe.nuñez536@alumnos.tup.edu.ar,A1,Mañana,2026-02-24,Quiz_01,Quiz,2026-03-30,,,no entregó
A00693,Pilar Romero,19,M,pilar.romero693@alumnos.tup.edu.ar,B1,Tarde,2026-02-24,TP_04,TP,2026-06-08,04/06/2026,9.2,a tiempo
A00352,Julieta Acosta,22,M,julieta.acosta352@alumnos.tup.edu.ar,B1,Tarde,2026-02-14,Quiz_01,Quiz,2026-03-30,26-03-2026,6.0,A TIEMPO
A00594,Mia Vega,24,M,mia.vega594@alumnos.tup.edu.ar,C3,Noche,2026-03-08,TP_02,TP,2026-04-13,2026-04-24,2.8,Tarde
A00517,Agustin Acosta,22,M,agustin.acosta517@alumnos.tup.edu.ar,A1,Mañana,2026-03-09,Quiz_03,Quiz,2026-05-25,20/05/2026,7.2,A TIEMPO
A00503,Diego Garcia,23,F,diego.garcia503@alumnos.tup.edu.ar,B1,Tarde,19/02/2026,Quiz_01,Quiz,2026-03-30,,,
A00636,Bruno Romero,27,Masculino,bruno.romero636@alumnos.tup.edu.ar,B2,Tarde,2026-02-17,TP_02,TP,2026-04-13,2026-04-10,8.7,a tiempo
A00066,Bruno Torres,29,F,bruno.torres66@alumnos.tup.edu.ar,B1,Tarde,2026-02-18,TP_01,TP,16-03-2026,2026-03-12,"7,4",a tiempo
